modell,modszer,zajszint,ismetles,eset,spearman,top5_atfedes,top1_egyezes
logreg,shap,0.01,0,9,1.0,1.0,1
logreg,shap,0.01,0,31,1.0,1.0,1
logreg,shap,0.01,0,41,1.0,1.0,1
logreg,shap,0.01,0,46,1.0,1.0,1
logreg,shap,0.01,0,49,1.0,1.0,1
logreg,shap,0.01,0,55,1.0,1.0,1
logreg,shap,0.01,0,79,1.0,1.0,1
logreg,shap,0.01,0,84,1.0,1.0,1
logreg,shap,0.01,0,97,1.0,1.0,1
logreg,shap,0.01,0,104,1.0,1.0,1
logreg,shap,0.01,0,105,1.0,1.0,1
logreg,shap,0.01,0,107,1.0,1.0,1
logreg,shap,0.01,0,114,1.0,1.0,1
logreg,shap,0.01,0,121,1.0,1.0,1
logreg,shap,0.01,0,122,1.0,1.0,1
logreg,shap,0.01,0,123,1.0,1.0,1
logreg,shap,0.01,0,125,1.0,1.0,1
logreg,shap,0.01,0,146,1.0,1.0,1
logreg,shap,0.01,0,151,1.0,1.0,1
logreg,shap,0.01,0,156,1.0,1.0,1
logreg,shap,0.01,0,165,1.0,1.0,1
logreg,shap,0.01,0,166,1.0,1.0,1
logreg,shap,0.01,0,171,1.0,1.0,1
logreg,shap,0.01,0,182,1.0,1.0,1
logreg,shap,0.01,0,184,1.0,1.0,1
logreg,shap,0.01,0,194,1.0,1.0,1
logreg,shap,0.01,0,205,1.0,1.0,1
logreg,shap,0.01,0,206,1.0,1.0,1
logreg,shap,0.01,0,211,1.0,1.0,1
logreg,shap,0.01,0,223,1.0,1.0,1
logreg,shap,0.01,0,224,0.9982456140350877,1.0,1
logreg,shap,0.01,0,229,1.0,1.0,1
logreg,shap,0.01,0,231,1.0,1.0,1
logreg,shap,0.01,0,241,0.9982456140350877,1.0,1
logreg,shap,0.01,0,244,1.0,1.0,1
logreg,shap,0.01,0,261,0.9982456140350877,1.0,1
logreg,shap,0.01,0,281,0.9982456140350877,1.0,1
logreg,shap,0.01,0,289,1.0,1.0,1
logreg,shap,0.01,0,291,0.9982456140350877,1.0,1
logreg,shap,0.01,0,311,1.0,1.0,1
logreg,shap,0.01,0,316,1.0,1.0,1
logreg,shap,0.01,0,325,1.0,1.0,1
logreg,shap,0.01,0,332,0.9982456140350877,1.0,1
logreg,shap,0.01,0,344,1.0,1.0,1
logreg,shap,0.01,0,364,1.0,1.0,1
logreg,shap,0.01,0,372,1.0,1.0,1
logreg,shap,0.01,0,375,1.0,1.0,1
logreg,shap,0.01,0,381,0.9982456140350877,1.0,1
logreg,shap,0.01,0,398,1.0,1.0,1
logreg,shap,0.01,0,403,0.9982456140350877,1.0,1
logreg,shap,0.01,0,407,1.0,1.0,1
logreg,shap,0.01,0,414,1.0,1.0,1
logreg,shap,0.01,0,420,1.0,1.0,1
logreg,shap,0.01,0,423,1.0,1.0,1
logreg,shap,0.01,0,440,1.0,1.0,1
logreg,shap,0.01,0,442,1.0,1.0,1
logreg,shap,0.01,0,454,1.0,1.0,1
logreg,shap,0.01,0,457,0.9929824561403509,1.0,1
logreg,shap,0.01,0,459,1.0,1.0,1
logreg,shap,0.01,0,464,1.0,1.0,1
logreg,shap,0.01,0,467,1.0,1.0,1
logreg,shap,0.01,0,471,1.0,1.0,1
logreg,shap,0.01,0,475,1.0,1.0,1
logreg,shap,0.01,0,480,1.0,1.0,1
logreg,shap,0.01,0,495,0.9982456140350877,1.0,1
logreg,shap,0.01,0,503,1.0,1.0,1
logreg,shap,0.01,0,506,1.0,1.0,1
logreg,shap,0.01,0,521,1.0,1.0,1
logreg,shap,0.01,0,523,1.0,1.0,1
logreg,shap,0.01,0,530,1.0,1.0,1
logreg,shap,0.01,0,547,0.9982456140350877,1.0,1
logreg,shap,0.01,0,551,1.0,1.0,1
logreg,shap,0.01,0,556,1.0,1.0,1
logreg,shap,0.01,0,558,1.0,1.0,1
logreg,shap,0.01,0,559,1.0,1.0,1
logreg,shap,0.01,0,562,1.0,1.0,1
logreg,shap,0.01,0,564,1.0,1.0,1
logreg,shap,0.01,0,572,1.0,1.0,1
logreg,shap,0.01,0,582,1.0,1.0,1
logreg,shap,0.01,0,587,1.0,1.0,1
logreg,shap,0.01,0,590,0.9982456140350877,1.0,1
logreg,shap,0.01,0,591,0.9982456140350877,1.0,1
logreg,shap,0.01,0,598,0.9982456140350877,1.0,1
logreg,shap,0.01,0,605,0.9982456140350877,1.0,1
logreg,shap,0.01,0,609,1.0,1.0,1
logreg,shap,0.01,0,613,1.0,1.0,1
logreg,shap,0.01,0,619,1.0,1.0,1
logreg,shap,0.01,0,620,1.0,1.0,1
logreg,shap,0.01,0,626,1.0,1.0,1
logreg,shap,0.01,0,627,0.9982456140350877,1.0,1
logreg,shap,0.01,0,637,0.9947368421052631,1.0,1
logreg,shap,0.01,0,640,1.0,1.0,1
logreg,shap,0.01,0,667,1.0,1.0,1
logreg,shap,0.01,0,673,1.0,1.0,1
logreg,shap,0.01,0,687,1.0,1.0,1
logreg,shap,0.01,0,688,1.0,1.0,1
logreg,shap,0.01,0,689,1.0,1.0,1
logreg,shap,0.01,0,690,1.0,1.0,1
logreg,shap,0.01,0,693,0.9982456140350877,1.0,1
logreg,shap,0.01,0,724,1.0,1.0,1
logreg,shap,0.01,0,732,1.0,1.0,1
logreg,shap,0.01,0,740,0.9982456140350877,1.0,1
logreg,shap,0.01,0,748,0.9982456140350877,1.0,1
logreg,shap,0.01,0,751,1.0,1.0,1
logreg,shap,0.01,0,752,1.0,1.0,1
logreg,shap,0.01,0,755,1.0,1.0,1
logreg,shap,0.01,0,759,0.9982456140350877,1.0,1
logreg,shap,0.01,0,766,1.0,1.0,1
logreg,shap,0.01,0,786,1.0,1.0,1
logreg,shap,0.01,0,790,1.0,1.0,1
logreg,shap,0.01,0,792,1.0,1.0,1
logreg,shap,0.01,0,809,1.0,1.0,1
logreg,shap,0.01,0,812,1.0,1.0,1
logreg,shap,0.01,0,830,1.0,1.0,1
logreg,shap,0.01,0,845,1.0,1.0,1
logreg,shap,0.01,0,847,1.0,1.0,1
logreg,shap,0.01,0,848,1.0,1.0,1
logreg,shap,0.01,0,850,0.9982456140350877,1.0,1
logreg,shap,0.01,0,860,1.0,1.0,1
logreg,shap,0.01,0,864,0.9982456140350877,1.0,1
logreg,shap,0.01,0,869,1.0,1.0,1
logreg,shap,0.01,0,872,1.0,1.0,1
logreg,shap,0.01,0,874,1.0,1.0,1
logreg,shap,0.01,0,875,1.0,1.0,1
logreg,shap,0.01,0,878,1.0,1.0,1
logreg,shap,0.01,0,880,1.0,1.0,1
logreg,shap,0.01,0,886,1.0,1.0,1
logreg,shap,0.01,0,889,1.0,1.0,1
logreg,shap,0.01,0,896,1.0,1.0,1
logreg,shap,0.01,0,900,0.9982456140350877,1.0,1
logreg,shap,0.01,0,904,1.0,1.0,1
logreg,shap,0.01,0,908,1.0,1.0,1
logreg,shap,0.01,0,927,1.0,1.0,1
logreg,shap,0.01,0,934,1.0,1.0,1
logreg,shap,0.01,0,939,0.9982456140350877,1.0,1
logreg,shap,0.01,0,943,1.0,1.0,1
logreg,shap,0.01,0,945,1.0,1.0,1
logreg,shap,0.01,0,954,1.0,1.0,1
logreg,shap,0.01,0,959,1.0,1.0,1
logreg,shap,0.01,0,961,1.0,1.0,1
logreg,shap,0.01,0,967,1.0,1.0,1
logreg,shap,0.01,0,976,1.0,1.0,1
logreg,shap,0.01,0,990,1.0,1.0,1
logreg,shap,0.01,0,993,1.0,1.0,1
logreg,shap,0.01,0,996,1.0,1.0,1
logreg,shap,0.01,0,1014,1.0,1.0,1
logreg,shap,0.01,0,1015,1.0,1.0,1
logreg,shap,0.01,0,1019,1.0,1.0,1
logreg,shap,0.01,0,1023,1.0,1.0,1
logreg,shap,0.01,0,1027,0.9982456140350877,1.0,1
logreg,shap,0.01,0,1028,1.0,1.0,1
logreg,shap,0.01,0,1031,1.0,1.0,1
logreg,shap,0.01,0,1039,1.0,1.0,1
logreg,shap,0.01,0,1043,1.0,1.0,1
logreg,shap,0.01,0,1052,1.0,1.0,1
logreg,shap,0.01,0,1063,1.0,1.0,1
logreg,shap,0.01,0,1065,1.0,1.0,1
logreg,shap,0.01,0,1070,1.0,1.0,1
logreg,shap,0.01,0,1073,1.0,1.0,1
logreg,shap,0.01,0,1077,0.9982456140350877,1.0,1
logreg,shap,0.01,0,1087,1.0,1.0,1
logreg,shap,0.01,0,1092,1.0,1.0,1
logreg,shap,0.01,0,1100,1.0,1.0,1
logreg,shap,0.01,0,1112,1.0,1.0,1
logreg,shap,0.01,0,1116,1.0,1.0,1
logreg,shap,0.01,0,1119,0.9982456140350877,1.0,1
logreg,shap,0.01,0,1137,1.0,1.0,1
logreg,shap,0.01,0,1138,1.0,1.0,1
logreg,shap,0.01,0,1151,1.0,1.0,1
logreg,shap,0.01,0,1152,1.0,1.0,1
logreg,shap,0.01,0,1160,0.9982456140350877,1.0,1
logreg,shap,0.01,0,1167,1.0,1.0,1
logreg,shap,0.01,0,1187,1.0,1.0,1
logreg,shap,0.01,0,1209,1.0,1.0,1
logreg,shap,0.01,0,1214,1.0,1.0,1
logreg,shap,0.01,0,1227,0.9982456140350877,1.0,1
logreg,shap,0.01,0,1237,1.0,1.0,1
logreg,shap,0.01,0,1246,1.0,1.0,1
logreg,shap,0.01,0,1256,1.0,1.0,1
logreg,shap,0.01,0,1259,1.0,1.0,1
logreg,shap,0.01,0,1299,1.0,1.0,1
logreg,shap,0.01,0,1300,1.0,1.0,1
logreg,shap,0.01,0,1309,1.0,1.0,1
logreg,shap,0.01,0,1314,1.0,1.0,1
logreg,shap,0.01,0,1316,1.0,1.0,1
logreg,shap,0.01,0,1322,1.0,1.0,1
logreg,shap,0.01,0,1339,1.0,1.0,1
logreg,shap,0.01,0,1340,1.0,1.0,1
logreg,shap,0.01,0,1343,0.9982456140350877,1.0,1
logreg,shap,0.01,0,1344,1.0,1.0,1
logreg,shap,0.01,0,1348,1.0,1.0,1
logreg,shap,0.01,0,1351,1.0,1.0,1
logreg,shap,0.01,0,1354,1.0,1.0,1
logreg,shap,0.01,0,1360,1.0,1.0,1
logreg,shap,0.01,0,1368,1.0,1.0,1
logreg,shap,0.01,0,1379,1.0,1.0,1
logreg,shap,0.01,0,1383,1.0,1.0,1
logreg,shap,0.01,0,1389,0.9964912280701754,1.0,1
logreg,shap,0.01,0,1392,1.0,1.0,1
logreg,shap,0.01,0,1395,1.0,1.0,1
logreg,shap,0.01,1,9,1.0,1.0,1
logreg,shap,0.01,1,31,1.0,1.0,1
logreg,shap,0.01,1,41,1.0,1.0,1
logreg,shap,0.01,1,46,1.0,1.0,1
logreg,shap,0.01,1,49,1.0,1.0,1
logreg,shap,0.01,1,55,1.0,1.0,1
logreg,shap,0.01,1,79,1.0,1.0,1
logreg,shap,0.01,1,84,1.0,1.0,1
logreg,shap,0.01,1,97,1.0,1.0,1
logreg,shap,0.01,1,104,1.0,1.0,1
logreg,shap,0.01,1,105,1.0,1.0,1
logreg,shap,0.01,1,107,1.0,1.0,1
logreg,shap,0.01,1,114,1.0,1.0,1
logreg,shap,0.01,1,121,1.0,1.0,1
logreg,shap,0.01,1,122,1.0,1.0,1
logreg,shap,0.01,1,123,1.0,1.0,1
logreg,shap,0.01,1,125,1.0,1.0,1
logreg,shap,0.01,1,146,1.0,1.0,1
logreg,shap,0.01,1,151,1.0,1.0,1
logreg,shap,0.01,1,156,1.0,1.0,1
logreg,shap,0.01,1,165,1.0,1.0,1
logreg,shap,0.01,1,166,0.9982456140350877,1.0,1
logreg,shap,0.01,1,171,0.9982456140350877,1.0,1
logreg,shap,0.01,1,182,1.0,1.0,1
logreg,shap,0.01,1,184,0.9894736842105263,0.8,1
logreg,shap,0.01,1,194,1.0,1.0,1
logreg,shap,0.01,1,205,1.0,1.0,1
logreg,shap,0.01,1,206,1.0,1.0,1
logreg,shap,0.01,1,211,1.0,1.0,1
logreg,shap,0.01,1,223,1.0,1.0,1
logreg,shap,0.01,1,224,1.0,1.0,1
logreg,shap,0.01,1,229,1.0,1.0,1
logreg,shap,0.01,1,231,0.9947368421052631,1.0,1
logreg,shap,0.01,1,241,1.0,1.0,1
logreg,shap,0.01,1,244,1.0,1.0,1
logreg,shap,0.01,1,261,1.0,1.0,1
logreg,shap,0.01,1,281,1.0,1.0,1
logreg,shap,0.01,1,289,1.0,1.0,1
logreg,shap,0.01,1,291,0.9982456140350877,1.0,1
logreg,shap,0.01,1,311,1.0,1.0,1
logreg,shap,0.01,1,316,1.0,1.0,1
logreg,shap,0.01,1,325,0.9947368421052631,1.0,1
logreg,shap,0.01,1,332,1.0,1.0,1
logreg,shap,0.01,1,344,0.9982456140350877,1.0,1
logreg,shap,0.01,1,364,1.0,1.0,1
logreg,shap,0.01,1,372,1.0,1.0,1
logreg,shap,0.01,1,375,1.0,1.0,1
logreg,shap,0.01,1,381,1.0,1.0,1
logreg,shap,0.01,1,398,1.0,1.0,1
logreg,shap,0.01,1,403,1.0,1.0,1
logreg,shap,0.01,1,407,1.0,1.0,1
logreg,shap,0.01,1,414,0.9982456140350877,1.0,1
logreg,shap,0.01,1,420,1.0,1.0,1
logreg,shap,0.01,1,423,1.0,1.0,1
logreg,shap,0.01,1,440,1.0,1.0,1
logreg,shap,0.01,1,442,1.0,1.0,1
logreg,shap,0.01,1,454,1.0,1.0,1
logreg,shap,0.01,1,457,1.0,1.0,1
logreg,shap,0.01,1,459,1.0,1.0,1
logreg,shap,0.01,1,464,1.0,1.0,1
logreg,shap,0.01,1,467,1.0,1.0,1
logreg,shap,0.01,1,471,1.0,1.0,1
logreg,shap,0.01,1,475,1.0,1.0,1
logreg,shap,0.01,1,480,1.0,1.0,1
logreg,shap,0.01,1,495,1.0,1.0,1
logreg,shap,0.01,1,503,1.0,1.0,1
logreg,shap,0.01,1,506,1.0,1.0,1
logreg,shap,0.01,1,521,1.0,1.0,1
logreg,shap,0.01,1,523,1.0,1.0,1
logreg,shap,0.01,1,530,1.0,1.0,1
logreg,shap,0.01,1,547,1.0,1.0,1
logreg,shap,0.01,1,551,1.0,1.0,1
logreg,shap,0.01,1,556,1.0,1.0,1
logreg,shap,0.01,1,558,1.0,1.0,1
logreg,shap,0.01,1,559,1.0,1.0,1
logreg,shap,0.01,1,562,1.0,1.0,1
logreg,shap,0.01,1,564,1.0,1.0,1
logreg,shap,0.01,1,572,0.9982456140350877,1.0,1
logreg,shap,0.01,1,582,1.0,1.0,1
logreg,shap,0.01,1,587,1.0,1.0,1
logreg,shap,0.01,1,590,1.0,1.0,1
logreg,shap,0.01,1,591,1.0,1.0,1
logreg,shap,0.01,1,598,1.0,1.0,1
logreg,shap,0.01,1,605,1.0,1.0,1
logreg,shap,0.01,1,609,1.0,1.0,1
logreg,shap,0.01,1,613,1.0,1.0,1
logreg,shap,0.01,1,619,1.0,1.0,1
logreg,shap,0.01,1,620,1.0,1.0,1
logreg,shap,0.01,1,626,1.0,1.0,1
logreg,shap,0.01,1,627,1.0,1.0,1
logreg,shap,0.01,1,637,0.9964912280701754,1.0,1
logreg,shap,0.01,1,640,1.0,1.0,1
logreg,shap,0.01,1,667,1.0,1.0,1
logreg,shap,0.01,1,673,1.0,1.0,1
logreg,shap,0.01,1,687,1.0,1.0,1
logreg,shap,0.01,1,688,1.0,1.0,1
logreg,shap,0.01,1,689,1.0,1.0,1
logreg,shap,0.01,1,690,1.0,1.0,1
logreg,shap,0.01,1,693,1.0,1.0,1
logreg,shap,0.01,1,724,1.0,1.0,1
logreg,shap,0.01,1,732,1.0,1.0,1
logreg,shap,0.01,1,740,0.9982456140350877,1.0,1
logreg,shap,0.01,1,748,1.0,1.0,1
logreg,shap,0.01,1,751,1.0,1.0,1
logreg,shap,0.01,1,752,1.0,1.0,1
logreg,shap,0.01,1,755,0.9982456140350877,1.0,0
logreg,shap,0.01,1,759,0.9964912280701754,0.8,1
logreg,shap,0.01,1,766,1.0,1.0,1
logreg,shap,0.01,1,786,1.0,1.0,1
logreg,shap,0.01,1,790,0.9982456140350877,1.0,1
logreg,shap,0.01,1,792,1.0,1.0,1
logreg,shap,0.01,1,809,1.0,1.0,1
logreg,shap,0.01,1,812,1.0,1.0,1
logreg,shap,0.01,1,830,1.0,1.0,1
logreg,shap,0.01,1,845,1.0,1.0,1
logreg,shap,0.01,1,847,1.0,1.0,1
logreg,shap,0.01,1,848,1.0,1.0,1
logreg,shap,0.01,1,850,0.9947368421052631,1.0,1
logreg,shap,0.01,1,860,1.0,1.0,1
logreg,shap,0.01,1,864,1.0,1.0,1
logreg,shap,0.01,1,869,1.0,1.0,1
logreg,shap,0.01,1,872,1.0,1.0,1
logreg,shap,0.01,1,874,1.0,1.0,1
logreg,shap,0.01,1,875,1.0,1.0,1
logreg,shap,0.01,1,878,1.0,1.0,1
logreg,shap,0.01,1,880,0.9982456140350877,1.0,1
logreg,shap,0.01,1,886,0.9982456140350877,1.0,1
logreg,shap,0.01,1,889,1.0,1.0,1
logreg,shap,0.01,1,896,1.0,1.0,1
logreg,shap,0.01,1,900,0.9982456140350877,1.0,1
logreg,shap,0.01,1,904,1.0,1.0,1
logreg,shap,0.01,1,908,1.0,1.0,1
logreg,shap,0.01,1,927,1.0,1.0,1
logreg,shap,0.01,1,934,1.0,1.0,1
logreg,shap,0.01,1,939,0.9982456140350877,1.0,1
logreg,shap,0.01,1,943,1.0,1.0,1
logreg,shap,0.01,1,945,1.0,1.0,1
logreg,shap,0.01,1,954,1.0,1.0,1
logreg,shap,0.01,1,959,1.0,1.0,1
logreg,shap,0.01,1,961,1.0,1.0,1
logreg,shap,0.01,1,967,1.0,1.0,1
logreg,shap,0.01,1,976,0.9982456140350877,1.0,1
logreg,shap,0.01,1,990,1.0,1.0,1
logreg,shap,0.01,1,993,1.0,1.0,1
logreg,shap,0.01,1,996,0.9736842105263157,1.0,1
logreg,shap,0.01,1,1014,1.0,1.0,1
logreg,shap,0.01,1,1015,1.0,1.0,1
logreg,shap,0.01,1,1019,1.0,1.0,1
logreg,shap,0.01,1,1023,1.0,1.0,1
logreg,shap,0.01,1,1027,1.0,1.0,1
logreg,shap,0.01,1,1028,1.0,1.0,1
logreg,shap,0.01,1,1031,0.9982456140350877,1.0,1
logreg,shap,0.01,1,1039,1.0,1.0,1
logreg,shap,0.01,1,1043,0.9982456140350877,1.0,1
logreg,shap,0.01,1,1052,1.0,1.0,1
logreg,shap,0.01,1,1063,1.0,1.0,1
logreg,shap,0.01,1,1065,1.0,1.0,1
logreg,shap,0.01,1,1070,1.0,1.0,1
logreg,shap,0.01,1,1073,1.0,1.0,1
logreg,shap,0.01,1,1077,0.9982456140350877,1.0,1
logreg,shap,0.01,1,1087,1.0,1.0,1
logreg,shap,0.01,1,1092,1.0,1.0,1
logreg,shap,0.01,1,1100,1.0,1.0,1
logreg,shap,0.01,1,1112,1.0,1.0,1
logreg,shap,0.01,1,1116,1.0,1.0,1
logreg,shap,0.01,1,1119,1.0,1.0,1
logreg,shap,0.01,1,1137,1.0,1.0,1
logreg,shap,0.01,1,1138,0.9824561403508772,0.8,1
logreg,shap,0.01,1,1151,1.0,1.0,1
logreg,shap,0.01,1,1152,1.0,1.0,1
logreg,shap,0.01,1,1160,0.9982456140350877,1.0,1
logreg,shap,0.01,1,1167,0.9982456140350877,1.0,1
logreg,shap,0.01,1,1187,1.0,1.0,1
logreg,shap,0.01,1,1209,1.0,1.0,1
logreg,shap,0.01,1,1214,1.0,1.0,1
logreg,shap,0.01,1,1227,1.0,1.0,1
logreg,shap,0.01,1,1237,1.0,1.0,1
logreg,shap,0.01,1,1246,1.0,1.0,1
logreg,shap,0.01,1,1256,1.0,1.0,1
logreg,shap,0.01,1,1259,1.0,1.0,1
logreg,shap,0.01,1,1299,1.0,1.0,1
logreg,shap,0.01,1,1300,1.0,1.0,1
logreg,shap,0.01,1,1309,1.0,1.0,1
logreg,shap,0.01,1,1314,1.0,1.0,1
logreg,shap,0.01,1,1316,1.0,1.0,1
logreg,shap,0.01,1,1322,1.0,1.0,1
logreg,shap,0.01,1,1339,1.0,1.0,1
logreg,shap,0.01,1,1340,1.0,1.0,1
logreg,shap,0.01,1,1343,0.9982456140350877,1.0,1
logreg,shap,0.01,1,1344,1.0,1.0,1
logreg,shap,0.01,1,1348,1.0,1.0,1
logreg,shap,0.01,1,1351,1.0,1.0,1
logreg,shap,0.01,1,1354,1.0,1.0,1
logreg,shap,0.01,1,1360,1.0,1.0,1
logreg,shap,0.01,1,1368,1.0,1.0,1
logreg,shap,0.01,1,1379,1.0,1.0,1
logreg,shap,0.01,1,1383,1.0,1.0,1
logreg,shap,0.01,1,1389,0.9982456140350877,1.0,1
logreg,shap,0.01,1,1392,1.0,1.0,1
logreg,shap,0.01,1,1395,1.0,1.0,1
logreg,shap,0.01,2,9,1.0,1.0,1
logreg,shap,0.01,2,31,1.0,1.0,1
logreg,shap,0.01,2,41,1.0,1.0,1
logreg,shap,0.01,2,46,1.0,1.0,1
logreg,shap,0.01,2,49,1.0,1.0,1
logreg,shap,0.01,2,55,1.0,1.0,1
logreg,shap,0.01,2,79,1.0,1.0,1
logreg,shap,0.01,2,84,1.0,1.0,1
logreg,shap,0.01,2,97,1.0,1.0,1
logreg,shap,0.01,2,104,1.0,1.0,1
logreg,shap,0.01,2,105,1.0,1.0,1
logreg,shap,0.01,2,107,1.0,1.0,1
logreg,shap,0.01,2,114,1.0,1.0,1
logreg,shap,0.01,2,121,1.0,1.0,1
logreg,shap,0.01,2,122,1.0,1.0,1
logreg,shap,0.01,2,123,1.0,1.0,1
logreg,shap,0.01,2,125,1.0,1.0,1
logreg,shap,0.01,2,146,1.0,1.0,1
logreg,shap,0.01,2,151,1.0,1.0,1
logreg,shap,0.01,2,156,1.0,1.0,1
logreg,shap,0.01,2,165,1.0,1.0,1
logreg,shap,0.01,2,166,1.0,1.0,1
logreg,shap,0.01,2,171,0.9982456140350877,1.0,1
logreg,shap,0.01,2,182,1.0,1.0,1
logreg,shap,0.01,2,184,0.9894736842105263,0.8,1
logreg,shap,0.01,2,194,1.0,1.0,1
logreg,shap,0.01,2,205,1.0,1.0,1
logreg,shap,0.01,2,206,1.0,1.0,1
logreg,shap,0.01,2,211,1.0,1.0,1
logreg,shap,0.01,2,223,1.0,1.0,1
logreg,shap,0.01,2,224,1.0,1.0,1
logreg,shap,0.01,2,229,1.0,1.0,1
logreg,shap,0.01,2,231,0.9947368421052631,1.0,1
logreg,shap,0.01,2,241,1.0,1.0,1
logreg,shap,0.01,2,244,1.0,1.0,1
logreg,shap,0.01,2,261,1.0,1.0,1
logreg,shap,0.01,2,281,1.0,1.0,1
logreg,shap,0.01,2,289,1.0,1.0,1
logreg,shap,0.01,2,291,1.0,1.0,1
logreg,shap,0.01,2,311,1.0,1.0,1
logreg,shap,0.01,2,316,1.0,1.0,1
logreg,shap,0.01,2,325,0.9947368421052631,1.0,1
logreg,shap,0.01,2,332,1.0,1.0,1
logreg,shap,0.01,2,344,1.0,1.0,1
logreg,shap,0.01,2,364,1.0,1.0,1
logreg,shap,0.01,2,372,1.0,1.0,1
logreg,shap,0.01,2,375,1.0,1.0,1
logreg,shap,0.01,2,381,1.0,1.0,1
logreg,shap,0.01,2,398,1.0,1.0,1
logreg,shap,0.01,2,403,1.0,1.0,1
logreg,shap,0.01,2,407,1.0,1.0,1
logreg,shap,0.01,2,414,0.9964912280701754,1.0,1
logreg,shap,0.01,2,420,1.0,1.0,1
logreg,shap,0.01,2,423,1.0,1.0,1
logreg,shap,0.01,2,440,1.0,1.0,1
logreg,shap,0.01,2,442,1.0,1.0,1
logreg,shap,0.01,2,454,1.0,1.0,1
logreg,shap,0.01,2,457,1.0,1.0,1
logreg,shap,0.01,2,459,1.0,1.0,1
logreg,shap,0.01,2,464,1.0,1.0,1
logreg,shap,0.01,2,467,1.0,1.0,1
logreg,shap,0.01,2,471,1.0,1.0,1
logreg,shap,0.01,2,475,1.0,1.0,1
logreg,shap,0.01,2,480,1.0,1.0,1
logreg,shap,0.01,2,495,0.9982456140350877,1.0,1
logreg,shap,0.01,2,503,1.0,1.0,1
logreg,shap,0.01,2,506,1.0,1.0,1
logreg,shap,0.01,2,521,1.0,1.0,1
logreg,shap,0.01,2,523,1.0,1.0,1
logreg,shap,0.01,2,530,1.0,1.0,1
logreg,shap,0.01,2,547,1.0,1.0,1
logreg,shap,0.01,2,551,0.9982456140350877,1.0,1
logreg,shap,0.01,2,556,1.0,1.0,1
logreg,shap,0.01,2,558,1.0,1.0,1
logreg,shap,0.01,2,559,1.0,1.0,1
logreg,shap,0.01,2,562,1.0,1.0,1
logreg,shap,0.01,2,564,1.0,1.0,1
logreg,shap,0.01,2,572,0.9982456140350877,1.0,1
logreg,shap,0.01,2,582,1.0,1.0,1
logreg,shap,0.01,2,587,1.0,1.0,1
logreg,shap,0.01,2,590,1.0,1.0,1
logreg,shap,0.01,2,591,0.9982456140350877,1.0,1
logreg,shap,0.01,2,598,1.0,1.0,1
logreg,shap,0.01,2,605,1.0,1.0,1
logreg,shap,0.01,2,609,1.0,1.0,1
logreg,shap,0.01,2,613,1.0,1.0,1
logreg,shap,0.01,2,619,0.9982456140350877,1.0,0
logreg,shap,0.01,2,620,1.0,1.0,1
logreg,shap,0.01,2,626,1.0,1.0,1
logreg,shap,0.01,2,627,0.9982456140350877,1.0,1
logreg,shap,0.01,2,637,1.0,1.0,1
logreg,shap,0.01,2,640,1.0,1.0,1
logreg,shap,0.01,2,667,1.0,1.0,1
logreg,shap,0.01,2,673,1.0,1.0,1
logreg,shap,0.01,2,687,0.9982456140350877,0.8,1
logreg,shap,0.01,2,688,0.9982456140350877,1.0,1
logreg,shap,0.01,2,689,1.0,1.0,1
logreg,shap,0.01,2,690,1.0,1.0,1
logreg,shap,0.01,2,693,1.0,1.0,1
logreg,shap,0.01,2,724,1.0,1.0,1
logreg,shap,0.01,2,732,1.0,1.0,1
logreg,shap,0.01,2,740,0.9982456140350877,1.0,1
logreg,shap,0.01,2,748,0.9982456140350877,1.0,1
logreg,shap,0.01,2,751,1.0,1.0,1
logreg,shap,0.01,2,752,1.0,1.0,1
logreg,shap,0.01,2,755,0.9982456140350877,1.0,0
logreg,shap,0.01,2,759,0.9964912280701754,0.8,1
logreg,shap,0.01,2,766,1.0,1.0,1
logreg,shap,0.01,2,786,1.0,1.0,1
logreg,shap,0.01,2,790,1.0,1.0,1
logreg,shap,0.01,2,792,1.0,1.0,1
logreg,shap,0.01,2,809,1.0,1.0,1
logreg,shap,0.01,2,812,1.0,1.0,1
logreg,shap,0.01,2,830,1.0,1.0,1
logreg,shap,0.01,2,845,1.0,1.0,1
logreg,shap,0.01,2,847,1.0,1.0,1
logreg,shap,0.01,2,848,1.0,1.0,1
logreg,shap,0.01,2,850,0.9929824561403509,1.0,1
logreg,shap,0.01,2,860,1.0,1.0,1
logreg,shap,0.01,2,864,0.9947368421052631,1.0,1
logreg,shap,0.01,2,869,1.0,1.0,1
logreg,shap,0.01,2,872,1.0,1.0,1
logreg,shap,0.01,2,874,1.0,1.0,1
logreg,shap,0.01,2,875,1.0,1.0,1
logreg,shap,0.01,2,878,1.0,1.0,1
logreg,shap,0.01,2,880,1.0,1.0,1
logreg,shap,0.01,2,886,0.9982456140350877,1.0,1
logreg,shap,0.01,2,889,1.0,1.0,1
logreg,shap,0.01,2,896,1.0,1.0,1
logreg,shap,0.01,2,900,0.9964912280701754,1.0,1
logreg,shap,0.01,2,904,1.0,1.0,1
logreg,shap,0.01,2,908,1.0,1.0,1
logreg,shap,0.01,2,927,1.0,1.0,1
logreg,shap,0.01,2,934,1.0,1.0,1
logreg,shap,0.01,2,939,1.0,1.0,1
logreg,shap,0.01,2,943,1.0,1.0,1
logreg,shap,0.01,2,945,1.0,1.0,1
logreg,shap,0.01,2,954,1.0,1.0,1
logreg,shap,0.01,2,959,1.0,1.0,1
logreg,shap,0.01,2,961,1.0,1.0,1
logreg,shap,0.01,2,967,0.9982456140350877,1.0,1
logreg,shap,0.01,2,976,1.0,1.0,1
logreg,shap,0.01,2,990,1.0,1.0,1
logreg,shap,0.01,2,993,1.0,1.0,1
logreg,shap,0.01,2,996,1.0,1.0,1
logreg,shap,0.01,2,1014,1.0,1.0,1
logreg,shap,0.01,2,1015,1.0,1.0,1
logreg,shap,0.01,2,1019,1.0,1.0,1
logreg,shap,0.01,2,1023,1.0,1.0,1
logreg,shap,0.01,2,1027,1.0,1.0,1
logreg,shap,0.01,2,1028,0.9982456140350877,1.0,1
logreg,shap,0.01,2,1031,1.0,1.0,1
logreg,shap,0.01,2,1039,1.0,1.0,1
logreg,shap,0.01,2,1043,1.0,1.0,1
logreg,shap,0.01,2,1052,1.0,1.0,1
logreg,shap,0.01,2,1063,1.0,1.0,1
logreg,shap,0.01,2,1065,1.0,1.0,1
logreg,shap,0.01,2,1070,1.0,1.0,1
logreg,shap,0.01,2,1073,1.0,1.0,1
logreg,shap,0.01,2,1077,0.9982456140350877,1.0,1
logreg,shap,0.01,2,1087,1.0,1.0,1
logreg,shap,0.01,2,1092,1.0,1.0,1
logreg,shap,0.01,2,1100,1.0,1.0,1
logreg,shap,0.01,2,1112,1.0,1.0,1
logreg,shap,0.01,2,1116,1.0,1.0,1
logreg,shap,0.01,2,1119,1.0,1.0,1
logreg,shap,0.01,2,1137,1.0,1.0,1
logreg,shap,0.01,2,1138,1.0,1.0,1
logreg,shap,0.01,2,1151,1.0,1.0,1
logreg,shap,0.01,2,1152,1.0,1.0,1
logreg,shap,0.01,2,1160,1.0,1.0,1
logreg,shap,0.01,2,1167,0.9982456140350877,1.0,1
logreg,shap,0.01,2,1187,1.0,1.0,1
logreg,shap,0.01,2,1209,1.0,1.0,1
logreg,shap,0.01,2,1214,1.0,1.0,1
logreg,shap,0.01,2,1227,0.9947368421052631,0.8,1
logreg,shap,0.01,2,1237,1.0,1.0,1
logreg,shap,0.01,2,1246,1.0,1.0,1
logreg,shap,0.01,2,1256,1.0,1.0,1
logreg,shap,0.01,2,1259,1.0,1.0,1
logreg,shap,0.01,2,1299,1.0,1.0,1
logreg,shap,0.01,2,1300,1.0,1.0,1
logreg,shap,0.01,2,1309,1.0,1.0,1
logreg,shap,0.01,2,1314,1.0,1.0,1
logreg,shap,0.01,2,1316,1.0,1.0,1
logreg,shap,0.01,2,1322,1.0,1.0,1
logreg,shap,0.01,2,1339,1.0,1.0,1
logreg,shap,0.01,2,1340,1.0,1.0,1
logreg,shap,0.01,2,1343,0.9982456140350877,1.0,1
logreg,shap,0.01,2,1344,1.0,1.0,1
logreg,shap,0.01,2,1348,1.0,1.0,1
logreg,shap,0.01,2,1351,1.0,1.0,1
logreg,shap,0.01,2,1354,1.0,1.0,1
logreg,shap,0.01,2,1360,1.0,1.0,1
logreg,shap,0.01,2,1368,0.9982456140350877,1.0,1
logreg,shap,0.01,2,1379,1.0,1.0,1
logreg,shap,0.01,2,1383,1.0,1.0,1
logreg,shap,0.01,2,1389,0.987719298245614,0.8,1
logreg,shap,0.01,2,1392,1.0,1.0,1
logreg,shap,0.01,2,1395,1.0,1.0,1
logreg,shap,0.05,0,9,1.0,1.0,1
logreg,shap,0.05,0,31,0.9982456140350877,1.0,1
logreg,shap,0.05,0,41,0.9982456140350877,1.0,1
logreg,shap,0.05,0,46,1.0,1.0,1
logreg,shap,0.05,0,49,0.9982456140350877,1.0,1
logreg,shap,0.05,0,55,1.0,1.0,1
logreg,shap,0.05,0,79,1.0,1.0,1
logreg,shap,0.05,0,84,0.9947368421052631,1.0,1
logreg,shap,0.05,0,97,0.9982456140350877,1.0,1
logreg,shap,0.05,0,104,1.0,1.0,1
logreg,shap,0.05,0,105,1.0,1.0,1
logreg,shap,0.05,0,107,1.0,1.0,1
logreg,shap,0.05,0,114,1.0,1.0,1
logreg,shap,0.05,0,121,0.9982456140350877,1.0,0
logreg,shap,0.05,0,122,1.0,1.0,1
logreg,shap,0.05,0,123,1.0,1.0,1
logreg,shap,0.05,0,125,0.9982456140350877,1.0,1
logreg,shap,0.05,0,146,1.0,1.0,1
logreg,shap,0.05,0,151,1.0,1.0,1
logreg,shap,0.05,0,156,1.0,1.0,1
logreg,shap,0.05,0,165,1.0,1.0,1
logreg,shap,0.05,0,166,0.9982456140350877,1.0,1
logreg,shap,0.05,0,171,1.0,1.0,1
logreg,shap,0.05,0,182,0.9912280701754386,1.0,1
logreg,shap,0.05,0,184,0.9894736842105263,0.8,1
logreg,shap,0.05,0,194,1.0,1.0,1
logreg,shap,0.05,0,205,1.0,1.0,1
logreg,shap,0.05,0,206,1.0,1.0,1
logreg,shap,0.05,0,211,1.0,1.0,1
logreg,shap,0.05,0,223,1.0,1.0,1
logreg,shap,0.05,0,224,0.9894736842105263,1.0,1
logreg,shap,0.05,0,229,1.0,1.0,1
logreg,shap,0.05,0,231,0.9894736842105263,1.0,1
logreg,shap,0.05,0,241,0.9947368421052631,1.0,1
logreg,shap,0.05,0,244,1.0,1.0,1
logreg,shap,0.05,0,261,0.9947368421052631,1.0,1
logreg,shap,0.05,0,281,0.9894736842105263,1.0,1
logreg,shap,0.05,0,289,1.0,1.0,1
logreg,shap,0.05,0,291,0.9929824561403509,1.0,1
logreg,shap,0.05,0,311,1.0,1.0,1
logreg,shap,0.05,0,316,0.9982456140350877,1.0,1
logreg,shap,0.05,0,325,0.987719298245614,1.0,1
logreg,shap,0.05,0,332,0.9894736842105263,1.0,1
logreg,shap,0.05,0,344,0.9982456140350877,1.0,1
logreg,shap,0.05,0,364,1.0,1.0,1
logreg,shap,0.05,0,372,1.0,1.0,1
logreg,shap,0.05,0,375,0.9929824561403509,1.0,1
logreg,shap,0.05,0,381,0.9894736842105263,1.0,1
logreg,shap,0.05,0,398,1.0,1.0,1
logreg,shap,0.05,0,403,0.9982456140350877,1.0,1
logreg,shap,0.05,0,407,1.0,1.0,1
logreg,shap,0.05,0,414,0.9964912280701754,1.0,1
logreg,shap,0.05,0,420,1.0,1.0,1
logreg,shap,0.05,0,423,0.9982456140350877,1.0,1
logreg,shap,0.05,0,440,1.0,1.0,1
logreg,shap,0.05,0,442,1.0,1.0,1
logreg,shap,0.05,0,454,0.9982456140350877,1.0,1
logreg,shap,0.05,0,457,0.987719298245614,1.0,1
logreg,shap,0.05,0,459,0.9982456140350877,1.0,1
logreg,shap,0.05,0,464,0.9982456140350877,1.0,1
logreg,shap,0.05,0,467,1.0,1.0,1
logreg,shap,0.05,0,471,1.0,1.0,1
logreg,shap,0.05,0,475,1.0,1.0,1
logreg,shap,0.05,0,480,1.0,1.0,1
logreg,shap,0.05,0,495,0.9912280701754386,1.0,1
logreg,shap,0.05,0,503,1.0,1.0,1
logreg,shap,0.05,0,506,1.0,1.0,1
logreg,shap,0.05,0,521,0.9982456140350877,1.0,1
logreg,shap,0.05,0,523,1.0,1.0,1
logreg,shap,0.05,0,530,1.0,1.0,1
logreg,shap,0.05,0,547,0.9982456140350877,1.0,1
logreg,shap,0.05,0,551,0.9982456140350877,1.0,1
logreg,shap,0.05,0,556,0.9964912280701754,1.0,1
logreg,shap,0.05,0,558,1.0,1.0,1
logreg,shap,0.05,0,559,1.0,1.0,1
logreg,shap,0.05,0,562,0.9982456140350877,1.0,1
logreg,shap,0.05,0,564,1.0,1.0,1
logreg,shap,0.05,0,572,0.9982456140350877,1.0,1
logreg,shap,0.05,0,582,1.0,1.0,1
logreg,shap,0.05,0,587,1.0,1.0,1
logreg,shap,0.05,0,590,0.9982456140350877,1.0,1
logreg,shap,0.05,0,591,0.9894736842105263,1.0,1
logreg,shap,0.05,0,598,0.9982456140350877,1.0,1
logreg,shap,0.05,0,605,0.9947368421052631,1.0,1
logreg,shap,0.05,0,609,0.9982456140350877,1.0,1
logreg,shap,0.05,0,613,1.0,1.0,1
logreg,shap,0.05,0,619,0.9982456140350877,1.0,0
logreg,shap,0.05,0,620,1.0,1.0,1
logreg,shap,0.05,0,626,1.0,1.0,1
logreg,shap,0.05,0,627,0.9982456140350877,1.0,1
logreg,shap,0.05,0,637,0.9912280701754386,1.0,1
logreg,shap,0.05,0,640,1.0,1.0,1
logreg,shap,0.05,0,667,0.9982456140350877,1.0,1
logreg,shap,0.05,0,673,0.9947368421052631,1.0,1
logreg,shap,0.05,0,687,1.0,1.0,1
logreg,shap,0.05,0,688,0.9982456140350877,1.0,0
logreg,shap,0.05,0,689,1.0,1.0,1
logreg,shap,0.05,0,690,1.0,1.0,1
logreg,shap,0.05,0,693,0.9596491228070174,0.8,1
logreg,shap,0.05,0,724,0.9894736842105263,1.0,1
logreg,shap,0.05,0,732,0.9982456140350877,1.0,1
logreg,shap,0.05,0,740,0.9982456140350877,1.0,1
logreg,shap,0.05,0,748,0.9982456140350877,1.0,1
logreg,shap,0.05,0,751,0.9947368421052631,1.0,0
logreg,shap,0.05,0,752,0.9982456140350877,1.0,1
logreg,shap,0.05,0,755,0.9964912280701754,1.0,0
logreg,shap,0.05,0,759,1.0,1.0,1
logreg,shap,0.05,0,766,1.0,1.0,1
logreg,shap,0.05,0,786,0.9982456140350877,0.8,1
logreg,shap,0.05,0,790,1.0,1.0,1
logreg,shap,0.05,0,792,1.0,1.0,1
logreg,shap,0.05,0,809,1.0,1.0,1
logreg,shap,0.05,0,812,1.0,1.0,1
logreg,shap,0.05,0,830,1.0,1.0,1
logreg,shap,0.05,0,845,0.9982456140350877,1.0,1
logreg,shap,0.05,0,847,1.0,1.0,1
logreg,shap,0.05,0,848,1.0,1.0,1
logreg,shap,0.05,0,850,0.9982456140350877,1.0,1
logreg,shap,0.05,0,860,0.9982456140350877,1.0,1
logreg,shap,0.05,0,864,0.9947368421052631,1.0,1
logreg,shap,0.05,0,869,1.0,1.0,1
logreg,shap,0.05,0,872,1.0,1.0,1
logreg,shap,0.05,0,874,0.9894736842105263,1.0,1
logreg,shap,0.05,0,875,0.9982456140350877,1.0,1
logreg,shap,0.05,0,878,1.0,1.0,1
logreg,shap,0.05,0,880,0.9982456140350877,1.0,1
logreg,shap,0.05,0,886,0.9982456140350877,1.0,1
logreg,shap,0.05,0,889,1.0,1.0,1
logreg,shap,0.05,0,896,1.0,1.0,1
logreg,shap,0.05,0,900,0.9789473684210527,1.0,1
logreg,shap,0.05,0,904,1.0,1.0,1
logreg,shap,0.05,0,908,1.0,1.0,1
logreg,shap,0.05,0,927,1.0,1.0,1
logreg,shap,0.05,0,934,0.9947368421052631,1.0,1
logreg,shap,0.05,0,939,0.9631578947368421,0.8,1
logreg,shap,0.05,0,943,1.0,1.0,1
logreg,shap,0.05,0,945,1.0,1.0,1
logreg,shap,0.05,0,954,1.0,1.0,1
logreg,shap,0.05,0,959,1.0,1.0,1
logreg,shap,0.05,0,961,1.0,1.0,1
logreg,shap,0.05,0,967,0.9929824561403509,1.0,1
logreg,shap,0.05,0,976,0.9982456140350877,1.0,1
logreg,shap,0.05,0,990,0.9982456140350877,1.0,0
logreg,shap,0.05,0,993,1.0,1.0,1
logreg,shap,0.05,0,996,0.9964912280701754,1.0,0
logreg,shap,0.05,0,1014,0.9947368421052631,1.0,1
logreg,shap,0.05,0,1015,1.0,1.0,1
logreg,shap,0.05,0,1019,1.0,1.0,1
logreg,shap,0.05,0,1023,1.0,1.0,1
logreg,shap,0.05,0,1027,0.9982456140350877,1.0,1
logreg,shap,0.05,0,1028,1.0,1.0,1
logreg,shap,0.05,0,1031,0.9964912280701754,1.0,0
logreg,shap,0.05,0,1039,1.0,1.0,1
logreg,shap,0.05,0,1043,1.0,1.0,1
logreg,shap,0.05,0,1052,1.0,1.0,1
logreg,shap,0.05,0,1063,1.0,1.0,1
logreg,shap,0.05,0,1065,1.0,1.0,1
logreg,shap,0.05,0,1070,1.0,1.0,1
logreg,shap,0.05,0,1073,0.9947368421052631,1.0,1
logreg,shap,0.05,0,1077,0.9824561403508772,1.0,1
logreg,shap,0.05,0,1087,0.9982456140350877,1.0,1
logreg,shap,0.05,0,1092,1.0,1.0,1
logreg,shap,0.05,0,1100,1.0,1.0,1
logreg,shap,0.05,0,1112,0.9982456140350877,1.0,1
logreg,shap,0.05,0,1116,1.0,1.0,1
logreg,shap,0.05,0,1119,0.9894736842105263,1.0,1
logreg,shap,0.05,0,1137,0.9947368421052631,1.0,1
logreg,shap,0.05,0,1138,0.9736842105263157,1.0,1
logreg,shap,0.05,0,1151,1.0,1.0,1
logreg,shap,0.05,0,1152,1.0,1.0,1
logreg,shap,0.05,0,1160,0.9964912280701754,1.0,1
logreg,shap,0.05,0,1167,0.987719298245614,1.0,1
logreg,shap,0.05,0,1187,1.0,1.0,1
logreg,shap,0.05,0,1209,1.0,1.0,1
logreg,shap,0.05,0,1214,1.0,1.0,1
logreg,shap,0.05,0,1227,0.987719298245614,1.0,1
logreg,shap,0.05,0,1237,1.0,1.0,1
logreg,shap,0.05,0,1246,0.9982456140350877,1.0,1
logreg,shap,0.05,0,1256,1.0,1.0,1
logreg,shap,0.05,0,1259,1.0,1.0,1
logreg,shap,0.05,0,1299,1.0,1.0,1
logreg,shap,0.05,0,1300,1.0,1.0,1
logreg,shap,0.05,0,1309,1.0,1.0,1
logreg,shap,0.05,0,1314,1.0,1.0,1
logreg,shap,0.05,0,1316,1.0,1.0,1
logreg,shap,0.05,0,1322,0.9982456140350877,1.0,1
logreg,shap,0.05,0,1339,1.0,1.0,1
logreg,shap,0.05,0,1340,1.0,1.0,1
logreg,shap,0.05,0,1343,0.9982456140350877,1.0,1
logreg,shap,0.05,0,1344,0.9982456140350877,1.0,1
logreg,shap,0.05,0,1348,1.0,1.0,1
logreg,shap,0.05,0,1351,1.0,1.0,1
logreg,shap,0.05,0,1354,0.9894736842105263,1.0,1
logreg,shap,0.05,0,1360,1.0,1.0,1
logreg,shap,0.05,0,1368,1.0,1.0,1
logreg,shap,0.05,0,1379,1.0,1.0,1
logreg,shap,0.05,0,1383,1.0,1.0,1
logreg,shap,0.05,0,1389,0.987719298245614,1.0,1
logreg,shap,0.05,0,1392,1.0,1.0,1
logreg,shap,0.05,0,1395,1.0,1.0,1
logreg,shap,0.05,1,9,1.0,1.0,1
logreg,shap,0.05,1,31,0.9982456140350877,1.0,1
logreg,shap,0.05,1,41,1.0,1.0,1
logreg,shap,0.05,1,46,1.0,1.0,1
logreg,shap,0.05,1,49,1.0,1.0,1
logreg,shap,0.05,1,55,0.9982456140350877,1.0,1
logreg,shap,0.05,1,79,1.0,1.0,1
logreg,shap,0.05,1,84,0.9947368421052631,1.0,1
logreg,shap,0.05,1,97,1.0,1.0,1
logreg,shap,0.05,1,104,1.0,1.0,1
logreg,shap,0.05,1,105,1.0,1.0,1
logreg,shap,0.05,1,107,1.0,1.0,1
logreg,shap,0.05,1,114,1.0,1.0,1
logreg,shap,0.05,1,121,0.9982456140350877,1.0,1
logreg,shap,0.05,1,122,1.0,1.0,1
logreg,shap,0.05,1,123,1.0,1.0,1
logreg,shap,0.05,1,125,1.0,1.0,1
logreg,shap,0.05,1,146,1.0,1.0,1
logreg,shap,0.05,1,151,1.0,1.0,1
logreg,shap,0.05,1,156,1.0,1.0,1
logreg,shap,0.05,1,165,1.0,1.0,1
logreg,shap,0.05,1,166,0.9929824561403509,1.0,1
logreg,shap,0.05,1,171,0.9947368421052631,1.0,1
logreg,shap,0.05,1,182,0.9929824561403509,1.0,1
logreg,shap,0.05,1,184,0.9017543859649122,0.8,1
logreg,shap,0.05,1,194,1.0,1.0,1
logreg,shap,0.05,1,205,1.0,1.0,1
logreg,shap,0.05,1,206,1.0,1.0,1
logreg,shap,0.05,1,211,1.0,1.0,1
logreg,shap,0.05,1,223,1.0,1.0,1
logreg,shap,0.05,1,224,1.0,1.0,1
logreg,shap,0.05,1,229,1.0,1.0,1
logreg,shap,0.05,1,231,0.9947368421052631,1.0,1
logreg,shap,0.05,1,241,0.9684210526315788,0.8,1
logreg,shap,0.05,1,244,1.0,1.0,1
logreg,shap,0.05,1,261,0.9982456140350877,1.0,0
logreg,shap,0.05,1,281,0.9947368421052631,1.0,1
logreg,shap,0.05,1,289,0.9964912280701754,1.0,1
logreg,shap,0.05,1,291,0.9947368421052631,1.0,1
logreg,shap,0.05,1,311,1.0,1.0,1
logreg,shap,0.05,1,316,0.9982456140350877,1.0,1
logreg,shap,0.05,1,325,0.9631578947368421,1.0,1
logreg,shap,0.05,1,332,0.9789473684210527,0.8,1
logreg,shap,0.05,1,344,0.9982456140350877,1.0,1
logreg,shap,0.05,1,364,1.0,1.0,1
logreg,shap,0.05,1,372,1.0,1.0,1
logreg,shap,0.05,1,375,1.0,1.0,1
logreg,shap,0.05,1,381,0.9982456140350877,1.0,1
logreg,shap,0.05,1,398,1.0,1.0,1
logreg,shap,0.05,1,403,1.0,1.0,1
logreg,shap,0.05,1,407,1.0,1.0,1
logreg,shap,0.05,1,414,0.9859649122807018,1.0,1
logreg,shap,0.05,1,420,1.0,1.0,1
logreg,shap,0.05,1,423,1.0,1.0,1
logreg,shap,0.05,1,440,0.9982456140350877,1.0,1
logreg,shap,0.05,1,442,1.0,1.0,1
logreg,shap,0.05,1,454,1.0,1.0,1
logreg,shap,0.05,1,457,0.9947368421052631,1.0,1
logreg,shap,0.05,1,459,0.9982456140350877,1.0,1
logreg,shap,0.05,1,464,1.0,1.0,1
logreg,shap,0.05,1,467,1.0,1.0,1
logreg,shap,0.05,1,471,1.0,1.0,1
logreg,shap,0.05,1,475,1.0,1.0,1
logreg,shap,0.05,1,480,1.0,1.0,1
logreg,shap,0.05,1,495,0.9894736842105263,0.8,1
logreg,shap,0.05,1,503,1.0,1.0,1
logreg,shap,0.05,1,506,1.0,1.0,1
logreg,shap,0.05,1,521,1.0,1.0,1
logreg,shap,0.05,1,523,1.0,1.0,1
logreg,shap,0.05,1,530,1.0,1.0,1
logreg,shap,0.05,1,547,1.0,1.0,1
logreg,shap,0.05,1,551,0.9982456140350877,1.0,1
logreg,shap,0.05,1,556,0.9947368421052631,1.0,1
logreg,shap,0.05,1,558,0.9982456140350877,1.0,1
logreg,shap,0.05,1,559,0.9982456140350877,1.0,1
logreg,shap,0.05,1,562,1.0,1.0,1
logreg,shap,0.05,1,564,1.0,1.0,1
logreg,shap,0.05,1,572,0.9982456140350877,1.0,1
logreg,shap,0.05,1,582,1.0,1.0,1
logreg,shap,0.05,1,587,1.0,1.0,1
logreg,shap,0.05,1,590,0.9982456140350877,0.8,1
logreg,shap,0.05,1,591,1.0,1.0,1
logreg,shap,0.05,1,598,1.0,1.0,1
logreg,shap,0.05,1,605,0.9929824561403509,1.0,1
logreg,shap,0.05,1,609,0.9982456140350877,1.0,1
logreg,shap,0.05,1,613,1.0,1.0,1
logreg,shap,0.05,1,619,1.0,1.0,1
logreg,shap,0.05,1,620,1.0,1.0,1
logreg,shap,0.05,1,626,1.0,1.0,1
logreg,shap,0.05,1,627,1.0,1.0,1
logreg,shap,0.05,1,637,0.9456140350877192,1.0,1
logreg,shap,0.05,1,640,1.0,1.0,1
logreg,shap,0.05,1,667,0.9982456140350877,1.0,1
logreg,shap,0.05,1,673,0.9982456140350877,1.0,1
logreg,shap,0.05,1,687,0.9982456140350877,1.0,1
logreg,shap,0.05,1,688,1.0,1.0,1
logreg,shap,0.05,1,689,1.0,1.0,1
logreg,shap,0.05,1,690,1.0,1.0,1
logreg,shap,0.05,1,693,0.9929824561403509,1.0,1
logreg,shap,0.05,1,724,1.0,1.0,1
logreg,shap,0.05,1,732,1.0,1.0,1
logreg,shap,0.05,1,740,0.9947368421052631,1.0,1
logreg,shap,0.05,1,748,0.9982456140350877,1.0,1
logreg,shap,0.05,1,751,0.9982456140350877,1.0,0
logreg,shap,0.05,1,752,1.0,1.0,1
logreg,shap,0.05,1,755,0.9964912280701754,1.0,0
logreg,shap,0.05,1,759,0.9929824561403509,0.8,1
logreg,shap,0.05,1,766,1.0,1.0,1
logreg,shap,0.05,1,786,0.987719298245614,0.8,1
logreg,shap,0.05,1,790,0.9894736842105263,1.0,1
logreg,shap,0.05,1,792,0.9982456140350877,1.0,1
logreg,shap,0.05,1,809,1.0,1.0,1
logreg,shap,0.05,1,812,1.0,1.0,1
logreg,shap,0.05,1,830,1.0,1.0,1
logreg,shap,0.05,1,845,1.0,1.0,1
logreg,shap,0.05,1,847,1.0,1.0,1
logreg,shap,0.05,1,848,1.0,1.0,1
logreg,shap,0.05,1,850,0.9087719298245613,1.0,1
logreg,shap,0.05,1,860,0.9982456140350877,1.0,1
logreg,shap,0.05,1,864,1.0,1.0,1
logreg,shap,0.05,1,869,1.0,1.0,1
logreg,shap,0.05,1,872,0.9982456140350877,1.0,1
logreg,shap,0.05,1,874,1.0,1.0,1
logreg,shap,0.05,1,875,1.0,1.0,1
logreg,shap,0.05,1,878,1.0,1.0,1
logreg,shap,0.05,1,880,0.9947368421052631,1.0,1
logreg,shap,0.05,1,886,0.9947368421052631,1.0,1
logreg,shap,0.05,1,889,1.0,1.0,1
logreg,shap,0.05,1,896,1.0,1.0,1
logreg,shap,0.05,1,900,0.9894736842105263,1.0,1
logreg,shap,0.05,1,904,1.0,1.0,1
logreg,shap,0.05,1,908,1.0,1.0,1
logreg,shap,0.05,1,927,1.0,1.0,1
logreg,shap,0.05,1,934,1.0,1.0,1
logreg,shap,0.05,1,939,0.9947368421052631,0.8,1
logreg,shap,0.05,1,943,1.0,1.0,1
logreg,shap,0.05,1,945,1.0,1.0,1
logreg,shap,0.05,1,954,1.0,1.0,1
logreg,shap,0.05,1,959,1.0,1.0,1
logreg,shap,0.05,1,961,1.0,1.0,1
logreg,shap,0.05,1,967,0.9982456140350877,1.0,1
logreg,shap,0.05,1,976,0.9947368421052631,1.0,1
logreg,shap,0.05,1,990,0.9964912280701754,1.0,0
logreg,shap,0.05,1,993,1.0,1.0,1
logreg,shap,0.05,1,996,0.9017543859649122,0.8,0
logreg,shap,0.05,1,1014,0.9982456140350877,1.0,1
logreg,shap,0.05,1,1015,1.0,1.0,1
logreg,shap,0.05,1,1019,0.9982456140350877,1.0,1
logreg,shap,0.05,1,1023,1.0,1.0,1
logreg,shap,0.05,1,1027,0.9982456140350877,1.0,1
logreg,shap,0.05,1,1028,0.9982456140350877,1.0,1
logreg,shap,0.05,1,1031,0.9947368421052631,1.0,1
logreg,shap,0.05,1,1039,1.0,1.0,1
logreg,shap,0.05,1,1043,0.9982456140350877,1.0,1
logreg,shap,0.05,1,1052,0.9982456140350877,1.0,1
logreg,shap,0.05,1,1063,0.9982456140350877,1.0,1
logreg,shap,0.05,1,1065,0.9982456140350877,1.0,1
logreg,shap,0.05,1,1070,1.0,1.0,1
logreg,shap,0.05,1,1073,0.9947368421052631,1.0,1
logreg,shap,0.05,1,1077,0.9210526315789472,1.0,1
logreg,shap,0.05,1,1087,0.9982456140350877,1.0,1
logreg,shap,0.05,1,1092,0.9736842105263157,1.0,1
logreg,shap,0.05,1,1100,1.0,1.0,1
logreg,shap,0.05,1,1112,1.0,1.0,1
logreg,shap,0.05,1,1116,1.0,1.0,1
logreg,shap,0.05,1,1119,0.9982456140350877,1.0,1
logreg,shap,0.05,1,1137,0.9982456140350877,1.0,1
logreg,shap,0.05,1,1138,0.9736842105263157,0.8,1
logreg,shap,0.05,1,1151,0.9982456140350877,1.0,1
logreg,shap,0.05,1,1152,0.9982456140350877,1.0,1
logreg,shap,0.05,1,1160,0.9964912280701754,1.0,1
logreg,shap,0.05,1,1167,0.9824561403508772,1.0,1
logreg,shap,0.05,1,1187,1.0,1.0,1
logreg,shap,0.05,1,1209,1.0,1.0,1
logreg,shap,0.05,1,1214,1.0,1.0,1
logreg,shap,0.05,1,1227,0.9982456140350877,1.0,1
logreg,shap,0.05,1,1237,1.0,1.0,1
logreg,shap,0.05,1,1246,1.0,1.0,1
logreg,shap,0.05,1,1256,0.9947368421052631,0.8,1
logreg,shap,0.05,1,1259,0.9982456140350877,1.0,1
logreg,shap,0.05,1,1299,1.0,1.0,1
logreg,shap,0.05,1,1300,1.0,1.0,1
logreg,shap,0.05,1,1309,1.0,1.0,1
logreg,shap,0.05,1,1314,1.0,1.0,1
logreg,shap,0.05,1,1316,1.0,1.0,1
logreg,shap,0.05,1,1322,0.9982456140350877,1.0,1
logreg,shap,0.05,1,1339,1.0,1.0,1
logreg,shap,0.05,1,1340,1.0,1.0,1
logreg,shap,0.05,1,1343,0.9982456140350877,1.0,1
logreg,shap,0.05,1,1344,1.0,1.0,1
logreg,shap,0.05,1,1348,1.0,1.0,1
logreg,shap,0.05,1,1351,1.0,1.0,1
logreg,shap,0.05,1,1354,0.9982456140350877,1.0,1
logreg,shap,0.05,1,1360,1.0,1.0,1
logreg,shap,0.05,1,1368,1.0,1.0,1
logreg,shap,0.05,1,1379,1.0,1.0,1
logreg,shap,0.05,1,1383,1.0,1.0,1
logreg,shap,0.05,1,1389,0.9982456140350877,1.0,1
logreg,shap,0.05,1,1392,1.0,1.0,1
logreg,shap,0.05,1,1395,0.9982456140350877,1.0,0
logreg,shap,0.05,2,9,1.0,1.0,1
logreg,shap,0.05,2,31,1.0,1.0,1
logreg,shap,0.05,2,41,0.9982456140350877,1.0,1
logreg,shap,0.05,2,46,1.0,1.0,1
logreg,shap,0.05,2,49,0.9982456140350877,1.0,1
logreg,shap,0.05,2,55,0.9982456140350877,1.0,1
logreg,shap,0.05,2,79,1.0,1.0,1
logreg,shap,0.05,2,84,0.9947368421052631,1.0,1
logreg,shap,0.05,2,97,1.0,1.0,1
logreg,shap,0.05,2,104,0.9982456140350877,1.0,1
logreg,shap,0.05,2,105,1.0,1.0,1
logreg,shap,0.05,2,107,1.0,1.0,1
logreg,shap,0.05,2,114,1.0,1.0,1
logreg,shap,0.05,2,121,1.0,1.0,1
logreg,shap,0.05,2,122,1.0,1.0,1
logreg,shap,0.05,2,123,1.0,1.0,1
logreg,shap,0.05,2,125,0.9894736842105263,0.8,1
logreg,shap,0.05,2,146,1.0,1.0,1
logreg,shap,0.05,2,151,1.0,1.0,1
logreg,shap,0.05,2,156,1.0,1.0,1
logreg,shap,0.05,2,165,1.0,1.0,1
logreg,shap,0.05,2,166,0.9964912280701754,1.0,1
logreg,shap,0.05,2,171,0.9964912280701754,1.0,1
logreg,shap,0.05,2,182,1.0,1.0,1
logreg,shap,0.05,2,184,0.9035087719298246,0.8,1
logreg,shap,0.05,2,194,1.0,1.0,1
logreg,shap,0.05,2,205,1.0,1.0,1
logreg,shap,0.05,2,206,1.0,1.0,1
logreg,shap,0.05,2,211,1.0,1.0,1
logreg,shap,0.05,2,223,1.0,1.0,1
logreg,shap,0.05,2,224,0.9982456140350877,1.0,1
logreg,shap,0.05,2,229,1.0,1.0,1
logreg,shap,0.05,2,231,0.9894736842105263,1.0,1
logreg,shap,0.05,2,241,0.9982456140350877,1.0,1
logreg,shap,0.05,2,244,1.0,1.0,1
logreg,shap,0.05,2,261,1.0,1.0,1
logreg,shap,0.05,2,281,0.9947368421052631,1.0,1
logreg,shap,0.05,2,289,1.0,1.0,1
logreg,shap,0.05,2,291,0.9982456140350877,1.0,1
logreg,shap,0.05,2,311,1.0,1.0,1
logreg,shap,0.05,2,316,0.9894736842105263,1.0,1
logreg,shap,0.05,2,325,0.9421052631578948,1.0,1
logreg,shap,0.05,2,332,0.9982456140350877,1.0,1
logreg,shap,0.05,2,344,0.9982456140350877,1.0,1
logreg,shap,0.05,2,364,0.9982456140350877,0.8,1
logreg,shap,0.05,2,372,1.0,1.0,1
logreg,shap,0.05,2,375,0.9947368421052631,1.0,1
logreg,shap,0.05,2,381,0.9982456140350877,1.0,1
logreg,shap,0.05,2,398,0.9894736842105263,0.8,1
logreg,shap,0.05,2,403,1.0,1.0,1
logreg,shap,0.05,2,407,1.0,1.0,1
logreg,shap,0.05,2,414,0.9912280701754386,1.0,1
logreg,shap,0.05,2,420,1.0,1.0,1
logreg,shap,0.05,2,423,1.0,1.0,1
logreg,shap,0.05,2,440,1.0,1.0,1
logreg,shap,0.05,2,442,1.0,1.0,1
logreg,shap,0.05,2,454,1.0,1.0,1
logreg,shap,0.05,2,457,0.9491228070175438,0.8,1
logreg,shap,0.05,2,459,1.0,1.0,1
logreg,shap,0.05,2,464,1.0,1.0,1
logreg,shap,0.05,2,467,1.0,1.0,1
logreg,shap,0.05,2,471,1.0,1.0,1
logreg,shap,0.05,2,475,1.0,1.0,1
logreg,shap,0.05,2,480,0.9982456140350877,1.0,1
logreg,shap,0.05,2,495,0.9596491228070174,1.0,1
logreg,shap,0.05,2,503,1.0,1.0,1
logreg,shap,0.05,2,506,1.0,1.0,1
logreg,shap,0.05,2,521,1.0,1.0,1
logreg,shap,0.05,2,523,1.0,1.0,1
logreg,shap,0.05,2,530,1.0,1.0,1
logreg,shap,0.05,2,547,0.9982456140350877,1.0,1
logreg,shap,0.05,2,551,0.9964912280701754,1.0,1
logreg,shap,0.05,2,556,1.0,1.0,1
logreg,shap,0.05,2,558,0.9947368421052631,0.8,1
logreg,shap,0.05,2,559,0.9982456140350877,1.0,1
logreg,shap,0.05,2,562,0.9982456140350877,1.0,1
logreg,shap,0.05,2,564,1.0,1.0,1
logreg,shap,0.05,2,572,0.9964912280701754,1.0,1
logreg,shap,0.05,2,582,1.0,1.0,1
logreg,shap,0.05,2,587,0.9894736842105263,1.0,1
logreg,shap,0.05,2,590,0.9982456140350877,1.0,1
logreg,shap,0.05,2,591,0.9894736842105263,1.0,1
logreg,shap,0.05,2,598,1.0,1.0,1
logreg,shap,0.05,2,605,0.9982456140350877,1.0,1
logreg,shap,0.05,2,609,0.9982456140350877,1.0,1
logreg,shap,0.05,2,613,1.0,1.0,1
logreg,shap,0.05,2,619,0.9982456140350877,1.0,0
logreg,shap,0.05,2,620,1.0,1.0,1
logreg,shap,0.05,2,626,1.0,1.0,1
logreg,shap,0.05,2,627,0.9982456140350877,1.0,1
logreg,shap,0.05,2,637,0.9842105263157893,1.0,1
logreg,shap,0.05,2,640,1.0,1.0,1
logreg,shap,0.05,2,667,0.9947368421052631,1.0,1
logreg,shap,0.05,2,673,0.9982456140350877,1.0,1
logreg,shap,0.05,2,687,0.9982456140350877,0.8,1
logreg,shap,0.05,2,688,0.9947368421052631,1.0,1
logreg,shap,0.05,2,689,1.0,1.0,1
logreg,shap,0.05,2,690,1.0,1.0,1
logreg,shap,0.05,2,693,1.0,1.0,1
logreg,shap,0.05,2,724,1.0,1.0,1
logreg,shap,0.05,2,732,1.0,1.0,1
logreg,shap,0.05,2,740,0.9982456140350877,1.0,1
logreg,shap,0.05,2,748,0.9982456140350877,1.0,1
logreg,shap,0.05,2,751,0.9929824561403509,1.0,0
logreg,shap,0.05,2,752,1.0,1.0,1
logreg,shap,0.05,2,755,0.9982456140350877,1.0,0
logreg,shap,0.05,2,759,0.9894736842105263,0.8,1
logreg,shap,0.05,2,766,1.0,1.0,1
logreg,shap,0.05,2,786,0.9982456140350877,1.0,1
logreg,shap,0.05,2,790,1.0,1.0,1
logreg,shap,0.05,2,792,0.9982456140350877,1.0,1
logreg,shap,0.05,2,809,1.0,1.0,1
logreg,shap,0.05,2,812,1.0,1.0,1
logreg,shap,0.05,2,830,1.0,1.0,1
logreg,shap,0.05,2,845,1.0,1.0,1
logreg,shap,0.05,2,847,1.0,1.0,1
logreg,shap,0.05,2,848,1.0,1.0,1
logreg,shap,0.05,2,850,0.9543859649122807,0.8,1
logreg,shap,0.05,2,860,0.9982456140350877,1.0,1
logreg,shap,0.05,2,864,0.9719298245614034,1.0,1
logreg,shap,0.05,2,869,1.0,1.0,1
logreg,shap,0.05,2,872,1.0,1.0,1
logreg,shap,0.05,2,874,1.0,1.0,1
logreg,shap,0.05,2,875,1.0,1.0,1
logreg,shap,0.05,2,878,1.0,1.0,1
logreg,shap,0.05,2,880,0.9982456140350877,1.0,1
logreg,shap,0.05,2,886,0.9982456140350877,1.0,1
logreg,shap,0.05,2,889,1.0,1.0,1
logreg,shap,0.05,2,896,1.0,1.0,1
logreg,shap,0.05,2,900,0.987719298245614,1.0,1
logreg,shap,0.05,2,904,1.0,1.0,1
logreg,shap,0.05,2,908,1.0,1.0,1
logreg,shap,0.05,2,927,1.0,1.0,1
logreg,shap,0.05,2,934,1.0,1.0,1
logreg,shap,0.05,2,939,0.9964912280701754,1.0,1
logreg,shap,0.05,2,943,1.0,1.0,1
logreg,shap,0.05,2,945,1.0,1.0,1
logreg,shap,0.05,2,954,1.0,1.0,1
logreg,shap,0.05,2,959,1.0,1.0,1
logreg,shap,0.05,2,961,1.0,1.0,1
logreg,shap,0.05,2,967,0.987719298245614,1.0,1
logreg,shap,0.05,2,976,0.9982456140350877,1.0,1
logreg,shap,0.05,2,990,1.0,1.0,1
logreg,shap,0.05,2,993,1.0,1.0,1
logreg,shap,0.05,2,996,0.9982456140350877,1.0,1
logreg,shap,0.05,2,1014,1.0,1.0,1
logreg,shap,0.05,2,1015,1.0,1.0,1
logreg,shap,0.05,2,1019,1.0,1.0,1
logreg,shap,0.05,2,1023,1.0,1.0,1
logreg,shap,0.05,2,1027,0.9982456140350877,1.0,1
logreg,shap,0.05,2,1028,0.9982456140350877,1.0,1
logreg,shap,0.05,2,1031,0.9929824561403509,1.0,0
logreg,shap,0.05,2,1039,1.0,1.0,1
logreg,shap,0.05,2,1043,1.0,1.0,1
logreg,shap,0.05,2,1052,0.9982456140350877,1.0,1
logreg,shap,0.05,2,1063,1.0,1.0,1
logreg,shap,0.05,2,1065,0.9947368421052631,1.0,1
logreg,shap,0.05,2,1070,1.0,1.0,1
logreg,shap,0.05,2,1073,0.987719298245614,0.8,1
logreg,shap,0.05,2,1077,0.9982456140350877,1.0,1
logreg,shap,0.05,2,1087,1.0,1.0,1
logreg,shap,0.05,2,1092,0.9736842105263157,1.0,1
logreg,shap,0.05,2,1100,1.0,1.0,1
logreg,shap,0.05,2,1112,1.0,1.0,1
logreg,shap,0.05,2,1116,1.0,1.0,1
logreg,shap,0.05,2,1119,0.9947368421052631,1.0,1
logreg,shap,0.05,2,1137,0.9982456140350877,1.0,1
logreg,shap,0.05,2,1138,0.9824561403508772,0.8,1
logreg,shap,0.05,2,1151,0.9982456140350877,1.0,1
logreg,shap,0.05,2,1152,1.0,1.0,1
logreg,shap,0.05,2,1160,0.9964912280701754,1.0,1
logreg,shap,0.05,2,1167,0.9684210526315788,1.0,1
logreg,shap,0.05,2,1187,1.0,1.0,1
logreg,shap,0.05,2,1209,0.9982456140350877,1.0,1
logreg,shap,0.05,2,1214,1.0,1.0,1
logreg,shap,0.05,2,1227,0.9894736842105263,0.8,1
logreg,shap,0.05,2,1237,0.9982456140350877,1.0,1
logreg,shap,0.05,2,1246,1.0,1.0,1
logreg,shap,0.05,2,1256,0.987719298245614,1.0,0
logreg,shap,0.05,2,1259,1.0,1.0,1
logreg,shap,0.05,2,1299,1.0,1.0,1
logreg,shap,0.05,2,1300,1.0,1.0,1
logreg,shap,0.05,2,1309,1.0,1.0,1
logreg,shap,0.05,2,1314,1.0,1.0,1
logreg,shap,0.05,2,1316,1.0,1.0,1
logreg,shap,0.05,2,1322,1.0,1.0,1
logreg,shap,0.05,2,1339,1.0,1.0,1
logreg,shap,0.05,2,1340,1.0,1.0,1
logreg,shap,0.05,2,1343,0.9964912280701754,1.0,1
logreg,shap,0.05,2,1344,0.9964912280701754,0.8,1
logreg,shap,0.05,2,1348,1.0,1.0,1
logreg,shap,0.05,2,1351,1.0,1.0,1
logreg,shap,0.05,2,1354,1.0,1.0,1
logreg,shap,0.05,2,1360,1.0,1.0,1
logreg,shap,0.05,2,1368,0.9982456140350877,1.0,1
logreg,shap,0.05,2,1379,1.0,1.0,1
logreg,shap,0.05,2,1383,1.0,1.0,1
logreg,shap,0.05,2,1389,0.9456140350877192,0.8,1
logreg,shap,0.05,2,1392,1.0,1.0,1
logreg,shap,0.05,2,1395,1.0,1.0,1
logreg,shap,0.1,0,9,0.9982456140350877,1.0,1
logreg,shap,0.1,0,31,0.9982456140350877,1.0,1
logreg,shap,0.1,0,41,0.9982456140350877,1.0,1
logreg,shap,0.1,0,46,1.0,1.0,1
logreg,shap,0.1,0,49,0.9947368421052631,0.8,1
logreg,shap,0.1,0,55,1.0,1.0,1
logreg,shap,0.1,0,79,1.0,1.0,1
logreg,shap,0.1,0,84,0.9947368421052631,1.0,1
logreg,shap,0.1,0,97,0.9982456140350877,1.0,1
logreg,shap,0.1,0,104,0.9929824561403509,1.0,1
logreg,shap,0.1,0,105,1.0,1.0,1
logreg,shap,0.1,0,107,1.0,1.0,1
logreg,shap,0.1,0,114,1.0,1.0,1
logreg,shap,0.1,0,121,0.9982456140350877,1.0,0
logreg,shap,0.1,0,122,1.0,1.0,1
logreg,shap,0.1,0,123,1.0,1.0,1
logreg,shap,0.1,0,125,0.9947368421052631,1.0,1
logreg,shap,0.1,0,146,1.0,1.0,1
logreg,shap,0.1,0,151,1.0,1.0,1
logreg,shap,0.1,0,156,1.0,1.0,1
logreg,shap,0.1,0,165,1.0,1.0,1
logreg,shap,0.1,0,166,0.9982456140350877,1.0,1
logreg,shap,0.1,0,171,1.0,1.0,1
logreg,shap,0.1,0,182,0.987719298245614,1.0,1
logreg,shap,0.1,0,184,0.980701754385965,0.8,1
logreg,shap,0.1,0,194,1.0,1.0,1
logreg,shap,0.1,0,205,1.0,1.0,1
logreg,shap,0.1,0,206,1.0,1.0,1
logreg,shap,0.1,0,211,0.9982456140350877,1.0,0
logreg,shap,0.1,0,223,1.0,1.0,1
logreg,shap,0.1,0,224,1.0,1.0,1
logreg,shap,0.1,0,229,1.0,1.0,1
logreg,shap,0.1,0,231,0.9824561403508772,1.0,1
logreg,shap,0.1,0,241,0.9947368421052631,1.0,1
logreg,shap,0.1,0,244,1.0,1.0,1
logreg,shap,0.1,0,261,0.980701754385965,1.0,1
logreg,shap,0.1,0,281,0.9736842105263157,1.0,1
logreg,shap,0.1,0,289,1.0,1.0,1
logreg,shap,0.1,0,291,0.9929824561403509,1.0,1
logreg,shap,0.1,0,311,1.0,1.0,1
logreg,shap,0.1,0,316,0.9982456140350877,1.0,1
logreg,shap,0.1,0,325,0.9771929824561404,1.0,1
logreg,shap,0.1,0,332,0.9824561403508772,1.0,1
logreg,shap,0.1,0,344,0.9982456140350877,1.0,1
logreg,shap,0.1,0,364,1.0,1.0,1
logreg,shap,0.1,0,372,1.0,1.0,1
logreg,shap,0.1,0,375,0.9982456140350877,1.0,1
logreg,shap,0.1,0,381,0.9894736842105263,1.0,1
logreg,shap,0.1,0,398,0.9824561403508772,1.0,1
logreg,shap,0.1,0,403,0.9947368421052631,1.0,1
logreg,shap,0.1,0,407,1.0,1.0,1
logreg,shap,0.1,0,414,0.9929824561403509,1.0,1
logreg,shap,0.1,0,420,1.0,1.0,1
logreg,shap,0.1,0,423,0.987719298245614,1.0,1
logreg,shap,0.1,0,440,1.0,1.0,1
logreg,shap,0.1,0,442,1.0,1.0,1
logreg,shap,0.1,0,454,0.9210526315789472,0.8,1
logreg,shap,0.1,0,457,0.9824561403508772,0.8,1
logreg,shap,0.1,0,459,0.9929824561403509,1.0,1
logreg,shap,0.1,0,464,0.9894736842105263,1.0,1
logreg,shap,0.1,0,467,1.0,1.0,1
logreg,shap,0.1,0,471,1.0,1.0,1
logreg,shap,0.1,0,475,1.0,1.0,1
logreg,shap,0.1,0,480,1.0,1.0,1
logreg,shap,0.1,0,495,0.9701754385964911,1.0,1
logreg,shap,0.1,0,503,1.0,1.0,1
logreg,shap,0.1,0,506,1.0,1.0,1
logreg,shap,0.1,0,521,0.9947368421052631,1.0,1
logreg,shap,0.1,0,523,0.9982456140350877,1.0,1
logreg,shap,0.1,0,530,1.0,1.0,1
logreg,shap,0.1,0,547,0.9947368421052631,1.0,1
logreg,shap,0.1,0,551,0.9982456140350877,1.0,1
logreg,shap,0.1,0,556,0.9894736842105263,1.0,0
logreg,shap,0.1,0,558,1.0,1.0,1
logreg,shap,0.1,0,559,1.0,1.0,1
logreg,shap,0.1,0,562,0.9982456140350877,1.0,1
logreg,shap,0.1,0,564,1.0,1.0,1
logreg,shap,0.1,0,572,0.9982456140350877,1.0,1
logreg,shap,0.1,0,582,0.9947368421052631,1.0,1
logreg,shap,0.1,0,587,0.9982456140350877,1.0,1
logreg,shap,0.1,0,590,0.9982456140350877,1.0,1
logreg,shap,0.1,0,591,0.9614035087719298,1.0,1
logreg,shap,0.1,0,598,0.9982456140350877,1.0,1
logreg,shap,0.1,0,605,0.980701754385965,1.0,1
logreg,shap,0.1,0,609,0.9982456140350877,1.0,1
logreg,shap,0.1,0,613,1.0,1.0,1
logreg,shap,0.1,0,619,0.9982456140350877,1.0,0
logreg,shap,0.1,0,620,1.0,1.0,1
logreg,shap,0.1,0,626,0.9982456140350877,1.0,1
logreg,shap,0.1,0,627,0.9982456140350877,1.0,1
logreg,shap,0.1,0,637,0.9228070175438597,1.0,1
logreg,shap,0.1,0,640,1.0,1.0,1
logreg,shap,0.1,0,667,0.9947368421052631,1.0,1
logreg,shap,0.1,0,673,0.9894736842105263,1.0,1
logreg,shap,0.1,0,687,0.9982456140350877,1.0,1
logreg,shap,0.1,0,688,0.9964912280701754,1.0,0
logreg,shap,0.1,0,689,1.0,1.0,1
logreg,shap,0.1,0,690,1.0,1.0,1
logreg,shap,0.1,0,693,0.8947368421052632,0.8,1
logreg,shap,0.1,0,724,0.9631578947368421,0.8,1
logreg,shap,0.1,0,732,0.9947368421052631,1.0,0
logreg,shap,0.1,0,740,0.9894736842105263,1.0,1
logreg,shap,0.1,0,748,0.9982456140350877,1.0,1
logreg,shap,0.1,0,751,0.9947368421052631,1.0,0
logreg,shap,0.1,0,752,0.9947368421052631,1.0,1
logreg,shap,0.1,0,755,0.980701754385965,1.0,0
logreg,shap,0.1,0,759,0.9824561403508772,1.0,1
logreg,shap,0.1,0,766,0.9982456140350877,1.0,1
logreg,shap,0.1,0,786,0.9842105263157893,0.8,1
logreg,shap,0.1,0,790,0.9929824561403509,1.0,1
logreg,shap,0.1,0,792,1.0,1.0,1
logreg,shap,0.1,0,809,1.0,1.0,1
logreg,shap,0.1,0,812,1.0,1.0,1
logreg,shap,0.1,0,830,1.0,1.0,1
logreg,shap,0.1,0,845,0.9824561403508772,0.8,1
logreg,shap,0.1,0,847,1.0,1.0,1
logreg,shap,0.1,0,848,1.0,1.0,1
logreg,shap,0.1,0,850,0.9912280701754386,1.0,1
logreg,shap,0.1,0,860,0.9964912280701754,1.0,1
logreg,shap,0.1,0,864,0.9578947368421052,0.8,1
logreg,shap,0.1,0,869,1.0,1.0,1
logreg,shap,0.1,0,872,0.9982456140350877,1.0,1
logreg,shap,0.1,0,874,0.9368421052631579,1.0,1
logreg,shap,0.1,0,875,0.9982456140350877,1.0,1
logreg,shap,0.1,0,878,1.0,1.0,1
logreg,shap,0.1,0,880,0.9947368421052631,1.0,1
logreg,shap,0.1,0,886,0.980701754385965,1.0,0
logreg,shap,0.1,0,889,1.0,1.0,1
logreg,shap,0.1,0,896,1.0,1.0,1
logreg,shap,0.1,0,900,0.882456140350877,0.8,1
logreg,shap,0.1,0,904,1.0,1.0,1
logreg,shap,0.1,0,908,1.0,1.0,1
logreg,shap,0.1,0,927,1.0,1.0,1
logreg,shap,0.1,0,934,0.9894736842105263,1.0,1
logreg,shap,0.1,0,939,0.8350877192982457,0.8,1
logreg,shap,0.1,0,943,1.0,1.0,1
logreg,shap,0.1,0,945,0.9982456140350877,1.0,1
logreg,shap,0.1,0,954,1.0,1.0,1
logreg,shap,0.1,0,959,1.0,1.0,1
logreg,shap,0.1,0,961,1.0,1.0,1
logreg,shap,0.1,0,967,0.987719298245614,0.8,1
logreg,shap,0.1,0,976,0.9947368421052631,0.8,1
logreg,shap,0.1,0,990,0.9982456140350877,1.0,0
logreg,shap,0.1,0,993,1.0,1.0,1
logreg,shap,0.1,0,996,0.987719298245614,1.0,0
logreg,shap,0.1,0,1014,0.9824561403508772,1.0,1
logreg,shap,0.1,0,1015,1.0,1.0,1
logreg,shap,0.1,0,1019,0.9982456140350877,1.0,1
logreg,shap,0.1,0,1023,1.0,1.0,1
logreg,shap,0.1,0,1027,0.987719298245614,1.0,1
logreg,shap,0.1,0,1028,1.0,1.0,1
logreg,shap,0.1,0,1031,0.9912280701754386,1.0,0
logreg,shap,0.1,0,1039,1.0,1.0,1
logreg,shap,0.1,0,1043,0.9982456140350877,1.0,1
logreg,shap,0.1,0,1052,1.0,1.0,1
logreg,shap,0.1,0,1063,1.0,1.0,1
logreg,shap,0.1,0,1065,1.0,1.0,1
logreg,shap,0.1,0,1070,1.0,1.0,1
logreg,shap,0.1,0,1073,0.9824561403508772,1.0,1
logreg,shap,0.1,0,1077,0.9210526315789472,1.0,1
logreg,shap,0.1,0,1087,0.9947368421052631,0.8,1
logreg,shap,0.1,0,1092,1.0,1.0,1
logreg,shap,0.1,0,1100,0.9982456140350877,0.8,1
logreg,shap,0.1,0,1112,0.9894736842105263,1.0,1
logreg,shap,0.1,0,1116,1.0,1.0,1
logreg,shap,0.1,0,1119,0.9824561403508772,0.8,1
logreg,shap,0.1,0,1137,0.9947368421052631,1.0,1
logreg,shap,0.1,0,1138,0.9736842105263157,1.0,1
logreg,shap,0.1,0,1151,1.0,1.0,1
logreg,shap,0.1,0,1152,1.0,1.0,1
logreg,shap,0.1,0,1160,0.987719298245614,1.0,1
logreg,shap,0.1,0,1167,0.980701754385965,1.0,1
logreg,shap,0.1,0,1187,1.0,1.0,1
logreg,shap,0.1,0,1209,1.0,1.0,1
logreg,shap,0.1,0,1214,1.0,1.0,1
logreg,shap,0.1,0,1227,0.9719298245614034,1.0,1
logreg,shap,0.1,0,1237,0.9982456140350877,1.0,1
logreg,shap,0.1,0,1246,0.987719298245614,0.8,1
logreg,shap,0.1,0,1256,0.9964912280701754,1.0,0
logreg,shap,0.1,0,1259,0.9982456140350877,1.0,1
logreg,shap,0.1,0,1299,1.0,1.0,1
logreg,shap,0.1,0,1300,1.0,1.0,1
logreg,shap,0.1,0,1309,1.0,1.0,1
logreg,shap,0.1,0,1314,1.0,1.0,1
logreg,shap,0.1,0,1316,1.0,1.0,1
logreg,shap,0.1,0,1322,0.9929824561403509,1.0,1
logreg,shap,0.1,0,1339,1.0,1.0,1
logreg,shap,0.1,0,1340,1.0,1.0,1
logreg,shap,0.1,0,1343,0.9982456140350877,1.0,1
logreg,shap,0.1,0,1344,0.987719298245614,1.0,1
logreg,shap,0.1,0,1348,0.9947368421052631,0.8,1
logreg,shap,0.1,0,1351,1.0,1.0,1
logreg,shap,0.1,0,1354,0.9771929824561404,1.0,1
logreg,shap,0.1,0,1360,1.0,1.0,1
logreg,shap,0.1,0,1368,1.0,1.0,1
logreg,shap,0.1,0,1379,1.0,1.0,1
logreg,shap,0.1,0,1383,1.0,1.0,1
logreg,shap,0.1,0,1389,0.980701754385965,1.0,1
logreg,shap,0.1,0,1392,1.0,1.0,1
logreg,shap,0.1,0,1395,0.9982456140350877,1.0,1
logreg,shap,0.1,1,9,1.0,1.0,1
logreg,shap,0.1,1,31,0.9982456140350877,1.0,1
logreg,shap,0.1,1,41,1.0,1.0,1
logreg,shap,0.1,1,46,1.0,1.0,1
logreg,shap,0.1,1,49,0.9982456140350877,1.0,1
logreg,shap,0.1,1,55,0.9947368421052631,1.0,1
logreg,shap,0.1,1,79,0.9964912280701754,1.0,1
logreg,shap,0.1,1,84,0.9947368421052631,1.0,1
logreg,shap,0.1,1,97,1.0,1.0,1
logreg,shap,0.1,1,104,1.0,1.0,1
logreg,shap,0.1,1,105,1.0,1.0,1
logreg,shap,0.1,1,107,1.0,1.0,1
logreg,shap,0.1,1,114,1.0,1.0,1
logreg,shap,0.1,1,121,0.9982456140350877,1.0,1
logreg,shap,0.1,1,122,1.0,1.0,1
logreg,shap,0.1,1,123,0.9982456140350877,1.0,1
logreg,shap,0.1,1,125,1.0,1.0,1
logreg,shap,0.1,1,146,1.0,1.0,1
logreg,shap,0.1,1,151,1.0,1.0,1
logreg,shap,0.1,1,156,0.9894736842105263,0.8,1
logreg,shap,0.1,1,165,1.0,1.0,1
logreg,shap,0.1,1,166,0.9842105263157893,0.8,1
logreg,shap,0.1,1,171,0.9736842105263157,1.0,1
logreg,shap,0.1,1,182,0.9929824561403509,1.0,1
logreg,shap,0.1,1,184,0.9017543859649122,0.8,1
logreg,shap,0.1,1,194,0.9982456140350877,1.0,1
logreg,shap,0.1,1,205,1.0,1.0,1
logreg,shap,0.1,1,206,1.0,1.0,1
logreg,shap,0.1,1,211,0.9982456140350877,1.0,0
logreg,shap,0.1,1,223,0.9982456140350877,1.0,0
logreg,shap,0.1,1,224,0.9964912280701754,1.0,1
logreg,shap,0.1,1,229,1.0,1.0,1
logreg,shap,0.1,1,231,0.9947368421052631,1.0,1
logreg,shap,0.1,1,241,0.8228070175438595,0.8,1
logreg,shap,0.1,1,244,1.0,1.0,1
logreg,shap,0.1,1,261,0.9964912280701754,1.0,0
logreg,shap,0.1,1,281,0.9894736842105263,1.0,1
logreg,shap,0.1,1,289,0.9929824561403509,1.0,1
logreg,shap,0.1,1,291,0.980701754385965,1.0,1
logreg,shap,0.1,1,311,1.0,1.0,1
logreg,shap,0.1,1,316,0.9947368421052631,1.0,1
logreg,shap,0.1,1,325,0.9491228070175438,1.0,1
logreg,shap,0.1,1,332,0.9403508771929823,0.8,1
logreg,shap,0.1,1,344,0.9964912280701754,1.0,1
logreg,shap,0.1,1,364,1.0,1.0,1
logreg,shap,0.1,1,372,0.9982456140350877,1.0,1
logreg,shap,0.1,1,375,1.0,1.0,1
logreg,shap,0.1,1,381,0.9982456140350877,1.0,1
logreg,shap,0.1,1,398,1.0,1.0,1
logreg,shap,0.1,1,403,0.9982456140350877,1.0,1
logreg,shap,0.1,1,407,1.0,1.0,1
logreg,shap,0.1,1,414,0.9789473684210527,1.0,1
logreg,shap,0.1,1,420,1.0,1.0,1
logreg,shap,0.1,1,423,0.9947368421052631,1.0,1
logreg,shap,0.1,1,440,0.9982456140350877,1.0,1
logreg,shap,0.1,1,442,1.0,1.0,1
logreg,shap,0.1,1,454,1.0,1.0,1
logreg,shap,0.1,1,457,0.9192982456140351,0.8,1
logreg,shap,0.1,1,459,0.9947368421052631,1.0,1
logreg,shap,0.1,1,464,0.9947368421052631,1.0,1
logreg,shap,0.1,1,467,1.0,1.0,1
logreg,shap,0.1,1,471,1.0,1.0,1
logreg,shap,0.1,1,475,1.0,1.0,1
logreg,shap,0.1,1,480,1.0,1.0,1
logreg,shap,0.1,1,495,0.9508771929824561,0.8,1
logreg,shap,0.1,1,503,1.0,1.0,1
logreg,shap,0.1,1,506,1.0,1.0,1
logreg,shap,0.1,1,521,0.9982456140350877,1.0,1
logreg,shap,0.1,1,523,1.0,1.0,1
logreg,shap,0.1,1,530,1.0,1.0,1
logreg,shap,0.1,1,547,1.0,1.0,1
logreg,shap,0.1,1,551,0.9964912280701754,1.0,1
logreg,shap,0.1,1,556,1.0,1.0,1
logreg,shap,0.1,1,558,0.9982456140350877,1.0,1
logreg,shap,0.1,1,559,0.9982456140350877,1.0,1
logreg,shap,0.1,1,562,0.9894736842105263,0.8,1
logreg,shap,0.1,1,564,1.0,1.0,1
logreg,shap,0.1,1,572,0.9982456140350877,1.0,1
logreg,shap,0.1,1,582,0.9947368421052631,1.0,1
logreg,shap,0.1,1,587,0.9982456140350877,1.0,1
logreg,shap,0.1,1,590,0.9982456140350877,0.8,1
logreg,shap,0.1,1,591,0.9982456140350877,1.0,1
logreg,shap,0.1,1,598,1.0,1.0,1
logreg,shap,0.1,1,605,0.9684210526315788,1.0,1
logreg,shap,0.1,1,609,0.9982456140350877,1.0,1
logreg,shap,0.1,1,613,1.0,1.0,1
logreg,shap,0.1,1,619,1.0,1.0,1
logreg,shap,0.1,1,620,1.0,1.0,1
logreg,shap,0.1,1,626,1.0,1.0,1
logreg,shap,0.1,1,627,0.9982456140350877,1.0,1
logreg,shap,0.1,1,637,0.9859649122807018,1.0,1
logreg,shap,0.1,1,640,0.9982456140350877,1.0,1
logreg,shap,0.1,1,667,0.9982456140350877,1.0,1
logreg,shap,0.1,1,673,0.9982456140350877,1.0,1
logreg,shap,0.1,1,687,0.9982456140350877,1.0,1
logreg,shap,0.1,1,688,0.9982456140350877,1.0,0
logreg,shap,0.1,1,689,1.0,1.0,1
logreg,shap,0.1,1,690,1.0,1.0,1
logreg,shap,0.1,1,693,0.9842105263157893,0.8,1
logreg,shap,0.1,1,724,0.9947368421052631,1.0,1
logreg,shap,0.1,1,732,0.9982456140350877,1.0,1
logreg,shap,0.1,1,740,0.9894736842105263,1.0,1
logreg,shap,0.1,1,748,0.9929824561403509,1.0,1
logreg,shap,0.1,1,751,0.9982456140350877,1.0,0
logreg,shap,0.1,1,752,1.0,1.0,1
logreg,shap,0.1,1,755,0.987719298245614,1.0,0
logreg,shap,0.1,1,759,0.9578947368421052,0.8,1
logreg,shap,0.1,1,766,0.9982456140350877,1.0,1
logreg,shap,0.1,1,786,0.9719298245614034,0.8,1
logreg,shap,0.1,1,790,0.9894736842105263,1.0,1
logreg,shap,0.1,1,792,0.9982456140350877,1.0,1
logreg,shap,0.1,1,809,1.0,1.0,1
logreg,shap,0.1,1,812,1.0,1.0,1
logreg,shap,0.1,1,830,1.0,1.0,1
logreg,shap,0.1,1,845,1.0,1.0,1
logreg,shap,0.1,1,847,1.0,1.0,1
logreg,shap,0.1,1,848,0.9982456140350877,1.0,1
logreg,shap,0.1,1,850,0.9719298245614034,1.0,1
logreg,shap,0.1,1,860,0.9894736842105263,1.0,1
logreg,shap,0.1,1,864,0.9894736842105263,1.0,1
logreg,shap,0.1,1,869,1.0,1.0,1
logreg,shap,0.1,1,872,0.9982456140350877,1.0,1
logreg,shap,0.1,1,874,1.0,1.0,1
logreg,shap,0.1,1,875,0.9982456140350877,1.0,1
logreg,shap,0.1,1,878,1.0,1.0,1
logreg,shap,0.1,1,880,0.9894736842105263,0.8,1
logreg,shap,0.1,1,886,0.9824561403508772,1.0,1
logreg,shap,0.1,1,889,1.0,1.0,1
logreg,shap,0.1,1,896,1.0,1.0,1
logreg,shap,0.1,1,900,0.9491228070175438,1.0,1
logreg,shap,0.1,1,904,1.0,1.0,1
logreg,shap,0.1,1,908,1.0,1.0,1
logreg,shap,0.1,1,927,1.0,1.0,1
logreg,shap,0.1,1,934,1.0,1.0,1
logreg,shap,0.1,1,939,0.9894736842105263,0.8,1
logreg,shap,0.1,1,943,1.0,1.0,1
logreg,shap,0.1,1,945,1.0,1.0,1
logreg,shap,0.1,1,954,1.0,1.0,1
logreg,shap,0.1,1,959,1.0,1.0,1
logreg,shap,0.1,1,961,1.0,1.0,1
logreg,shap,0.1,1,967,0.9929824561403509,1.0,1
logreg,shap,0.1,1,976,0.9894736842105263,1.0,1
logreg,shap,0.1,1,990,0.9912280701754386,1.0,0
logreg,shap,0.1,1,993,1.0,1.0,1
logreg,shap,0.1,1,996,0.8807017543859648,0.8,0
logreg,shap,0.1,1,1014,0.9982456140350877,1.0,1
logreg,shap,0.1,1,1015,0.9982456140350877,1.0,1
logreg,shap,0.1,1,1019,0.9947368421052631,1.0,1
logreg,shap,0.1,1,1023,1.0,1.0,1
logreg,shap,0.1,1,1027,0.9982456140350877,1.0,1
logreg,shap,0.1,1,1028,0.9982456140350877,1.0,1
logreg,shap,0.1,1,1031,0.9929824561403509,1.0,1
logreg,shap,0.1,1,1039,0.9982456140350877,1.0,1
logreg,shap,0.1,1,1043,0.9982456140350877,1.0,1
logreg,shap,0.1,1,1052,0.9982456140350877,1.0,1
logreg,shap,0.1,1,1063,0.9982456140350877,1.0,1
logreg,shap,0.1,1,1065,0.9982456140350877,1.0,1
logreg,shap,0.1,1,1070,1.0,1.0,1
logreg,shap,0.1,1,1073,0.987719298245614,1.0,1
logreg,shap,0.1,1,1077,0.83859649122807,0.8,1
logreg,shap,0.1,1,1087,0.9982456140350877,1.0,1
logreg,shap,0.1,1,1092,0.9368421052631579,0.8,1
logreg,shap,0.1,1,1100,0.9982456140350877,1.0,1
logreg,shap,0.1,1,1112,1.0,1.0,1
logreg,shap,0.1,1,1116,1.0,1.0,1
logreg,shap,0.1,1,1119,0.9982456140350877,1.0,1
logreg,shap,0.1,1,1137,0.9929824561403509,1.0,1
logreg,shap,0.1,1,1138,0.9736842105263157,0.8,1
logreg,shap,0.1,1,1151,0.9947368421052631,1.0,1
logreg,shap,0.1,1,1152,0.9982456140350877,1.0,1
logreg,shap,0.1,1,1160,0.9614035087719298,1.0,1
logreg,shap,0.1,1,1167,0.980701754385965,1.0,1
logreg,shap,0.1,1,1187,1.0,1.0,1
logreg,shap,0.1,1,1209,1.0,1.0,1
logreg,shap,0.1,1,1214,1.0,1.0,1
logreg,shap,0.1,1,1227,0.9982456140350877,1.0,1
logreg,shap,0.1,1,1237,0.9947368421052631,1.0,1
logreg,shap,0.1,1,1246,1.0,1.0,1
logreg,shap,0.1,1,1256,0.9929824561403509,0.8,0
logreg,shap,0.1,1,1259,0.9982456140350877,1.0,1
logreg,shap,0.1,1,1299,1.0,1.0,1
logreg,shap,0.1,1,1300,1.0,1.0,1
logreg,shap,0.1,1,1309,1.0,1.0,1
logreg,shap,0.1,1,1314,1.0,1.0,1
logreg,shap,0.1,1,1316,1.0,1.0,1
logreg,shap,0.1,1,1322,0.9982456140350877,1.0,1
logreg,shap,0.1,1,1339,1.0,1.0,1
logreg,shap,0.1,1,1340,1.0,1.0,1
logreg,shap,0.1,1,1343,0.9947368421052631,1.0,1
logreg,shap,0.1,1,1344,1.0,1.0,1
logreg,shap,0.1,1,1348,1.0,1.0,1
logreg,shap,0.1,1,1351,1.0,1.0,1
logreg,shap,0.1,1,1354,0.987719298245614,0.8,1
logreg,shap,0.1,1,1360,1.0,1.0,1
logreg,shap,0.1,1,1368,1.0,1.0,1
logreg,shap,0.1,1,1379,1.0,1.0,1
logreg,shap,0.1,1,1383,1.0,1.0,1
logreg,shap,0.1,1,1389,0.9982456140350877,1.0,1
logreg,shap,0.1,1,1392,1.0,1.0,1
logreg,shap,0.1,1,1395,0.9982456140350877,1.0,0
logreg,shap,0.1,2,9,0.9982456140350877,1.0,0
logreg,shap,0.1,2,31,0.9631578947368421,1.0,1
logreg,shap,0.1,2,41,0.9947368421052631,1.0,1
logreg,shap,0.1,2,46,1.0,1.0,1
logreg,shap,0.1,2,49,0.9947368421052631,0.8,1
logreg,shap,0.1,2,55,0.9982456140350877,1.0,1
logreg,shap,0.1,2,79,1.0,1.0,1
logreg,shap,0.1,2,84,0.9894736842105263,0.8,1
logreg,shap,0.1,2,97,0.9964912280701754,1.0,1
logreg,shap,0.1,2,104,0.9982456140350877,1.0,1
logreg,shap,0.1,2,105,0.9982456140350877,1.0,1
logreg,shap,0.1,2,107,1.0,1.0,1
logreg,shap,0.1,2,114,1.0,1.0,1
logreg,shap,0.1,2,121,1.0,1.0,1
logreg,shap,0.1,2,122,1.0,1.0,1
logreg,shap,0.1,2,123,0.9982456140350877,1.0,1
logreg,shap,0.1,2,125,0.9122807017543859,0.8,1
logreg,shap,0.1,2,146,1.0,1.0,1
logreg,shap,0.1,2,151,1.0,1.0,1
logreg,shap,0.1,2,156,1.0,1.0,1
logreg,shap,0.1,2,165,1.0,1.0,1
logreg,shap,0.1,2,166,0.9929824561403509,1.0,1
logreg,shap,0.1,2,171,0.9929824561403509,1.0,1
logreg,shap,0.1,2,182,1.0,1.0,1
logreg,shap,0.1,2,184,0.8403508771929825,0.8,1
logreg,shap,0.1,2,194,0.9964912280701754,1.0,1
logreg,shap,0.1,2,205,1.0,1.0,1
logreg,shap,0.1,2,206,1.0,1.0,1
logreg,shap,0.1,2,211,0.9982456140350877,1.0,0
logreg,shap,0.1,2,223,1.0,1.0,1
logreg,shap,0.1,2,224,0.9894736842105263,1.0,1
logreg,shap,0.1,2,229,1.0,1.0,1
logreg,shap,0.1,2,231,0.9894736842105263,1.0,1
logreg,shap,0.1,2,241,0.9947368421052631,1.0,1
logreg,shap,0.1,2,244,1.0,1.0,1
logreg,shap,0.1,2,261,0.9982456140350877,1.0,1
logreg,shap,0.1,2,281,0.9894736842105263,1.0,1
logreg,shap,0.1,2,289,1.0,1.0,1
logreg,shap,0.1,2,291,0.9087719298245613,0.8,1
logreg,shap,0.1,2,311,1.0,1.0,1
logreg,shap,0.1,2,316,0.9894736842105263,1.0,1
logreg,shap,0.1,2,325,0.9192982456140351,1.0,1
logreg,shap,0.1,2,332,0.9894736842105263,1.0,1
logreg,shap,0.1,2,344,0.9947368421052631,1.0,1
logreg,shap,0.1,2,364,0.9736842105263157,0.8,1
logreg,shap,0.1,2,372,1.0,1.0,1
logreg,shap,0.1,2,375,1.0,1.0,1
logreg,shap,0.1,2,381,0.9982456140350877,1.0,1
logreg,shap,0.1,2,398,0.9894736842105263,0.8,1
logreg,shap,0.1,2,403,0.9982456140350877,1.0,1
logreg,shap,0.1,2,407,1.0,1.0,1
logreg,shap,0.1,2,414,0.9736842105263157,0.8,0
logreg,shap,0.1,2,420,1.0,1.0,1
logreg,shap,0.1,2,423,1.0,1.0,1
logreg,shap,0.1,2,440,0.9982456140350877,1.0,1
logreg,shap,0.1,2,442,1.0,1.0,1
logreg,shap,0.1,2,454,0.9982456140350877,1.0,1
logreg,shap,0.1,2,457,0.9017543859649122,0.8,1
logreg,shap,0.1,2,459,0.9947368421052631,1.0,1
logreg,shap,0.1,2,464,1.0,1.0,1
logreg,shap,0.1,2,467,1.0,1.0,1
logreg,shap,0.1,2,471,1.0,1.0,1
logreg,shap,0.1,2,475,1.0,1.0,1
logreg,shap,0.1,2,480,0.9982456140350877,1.0,1
logreg,shap,0.1,2,495,0.9964912280701754,1.0,1
logreg,shap,0.1,2,503,1.0,1.0,1
logreg,shap,0.1,2,506,1.0,1.0,1
logreg,shap,0.1,2,521,0.9982456140350877,1.0,1
logreg,shap,0.1,2,523,1.0,1.0,1
logreg,shap,0.1,2,530,1.0,1.0,1
logreg,shap,0.1,2,547,0.9982456140350877,1.0,1
logreg,shap,0.1,2,551,0.9929824561403509,1.0,1
logreg,shap,0.1,2,556,0.9964912280701754,1.0,1
logreg,shap,0.1,2,558,0.9508771929824561,0.8,1
logreg,shap,0.1,2,559,0.9947368421052631,1.0,1
logreg,shap,0.1,2,562,0.9982456140350877,1.0,1
logreg,shap,0.1,2,564,1.0,1.0,1
logreg,shap,0.1,2,572,0.987719298245614,1.0,1
logreg,shap,0.1,2,582,1.0,1.0,1
logreg,shap,0.1,2,587,0.9824561403508772,1.0,1
logreg,shap,0.1,2,590,0.9982456140350877,1.0,1
logreg,shap,0.1,2,591,0.9824561403508772,1.0,1
logreg,shap,0.1,2,598,1.0,1.0,1
logreg,shap,0.1,2,605,0.9894736842105263,1.0,1
logreg,shap,0.1,2,609,0.9982456140350877,1.0,1
logreg,shap,0.1,2,613,1.0,1.0,1
logreg,shap,0.1,2,619,0.9982456140350877,1.0,0
logreg,shap,0.1,2,620,1.0,1.0,1
logreg,shap,0.1,2,626,0.9929824561403509,0.8,1
logreg,shap,0.1,2,627,0.9894736842105263,1.0,1
logreg,shap,0.1,2,637,0.9614035087719298,1.0,1
logreg,shap,0.1,2,640,1.0,1.0,1
logreg,shap,0.1,2,667,0.9929824561403509,1.0,1
logreg,shap,0.1,2,673,0.9947368421052631,1.0,1
logreg,shap,0.1,2,687,0.9929824561403509,0.8,1
logreg,shap,0.1,2,688,0.9508771929824561,0.8,1
logreg,shap,0.1,2,689,1.0,1.0,1
logreg,shap,0.1,2,690,1.0,1.0,1
logreg,shap,0.1,2,693,1.0,1.0,1
logreg,shap,0.1,2,724,0.9947368421052631,1.0,1
logreg,shap,0.1,2,732,1.0,1.0,1
logreg,shap,0.1,2,740,0.9824561403508772,1.0,1
logreg,shap,0.1,2,748,0.9982456140350877,1.0,1
logreg,shap,0.1,2,751,0.9929824561403509,1.0,0
logreg,shap,0.1,2,752,0.9982456140350877,1.0,0
logreg,shap,0.1,2,755,0.9982456140350877,1.0,0
logreg,shap,0.1,2,759,0.9842105263157893,0.8,1
logreg,shap,0.1,2,766,1.0,1.0,1
logreg,shap,0.1,2,786,0.987719298245614,1.0,0
logreg,shap,0.1,2,790,1.0,1.0,1
logreg,shap,0.1,2,792,0.9982456140350877,1.0,1
logreg,shap,0.1,2,809,1.0,1.0,1
logreg,shap,0.1,2,812,1.0,1.0,1
logreg,shap,0.1,2,830,1.0,1.0,1
logreg,shap,0.1,2,845,1.0,1.0,1
logreg,shap,0.1,2,847,1.0,1.0,1
logreg,shap,0.1,2,848,0.9982456140350877,1.0,1
logreg,shap,0.1,2,850,0.9280701754385964,0.8,1
logreg,shap,0.1,2,860,0.9894736842105263,1.0,1
logreg,shap,0.1,2,864,0.882456140350877,0.8,1
logreg,shap,0.1,2,869,1.0,1.0,1
logreg,shap,0.1,2,872,1.0,1.0,1
logreg,shap,0.1,2,874,1.0,1.0,1
logreg,shap,0.1,2,875,0.9982456140350877,1.0,1
logreg,shap,0.1,2,878,1.0,1.0,1
logreg,shap,0.1,2,880,0.9982456140350877,1.0,1
logreg,shap,0.1,2,886,0.9894736842105263,1.0,1
logreg,shap,0.1,2,889,0.9982456140350877,1.0,1
logreg,shap,0.1,2,896,1.0,1.0,1
logreg,shap,0.1,2,900,0.9456140350877192,0.8,1
logreg,shap,0.1,2,904,1.0,1.0,1
logreg,shap,0.1,2,908,1.0,1.0,1
logreg,shap,0.1,2,927,1.0,1.0,1
logreg,shap,0.1,2,934,0.9982456140350877,1.0,1
logreg,shap,0.1,2,939,0.9929824561403509,1.0,0
logreg,shap,0.1,2,943,1.0,1.0,1
logreg,shap,0.1,2,945,0.9982456140350877,1.0,1
logreg,shap,0.1,2,954,1.0,1.0,1
logreg,shap,0.1,2,959,1.0,1.0,1
logreg,shap,0.1,2,961,1.0,1.0,1
logreg,shap,0.1,2,967,0.8929824561403509,0.6,1
logreg,shap,0.1,2,976,0.9947368421052631,0.8,1
logreg,shap,0.1,2,990,0.9947368421052631,1.0,1
logreg,shap,0.1,2,993,1.0,1.0,1
logreg,shap,0.1,2,996,0.9894736842105263,1.0,1
logreg,shap,0.1,2,1014,0.9982456140350877,1.0,1
logreg,shap,0.1,2,1015,1.0,1.0,1
logreg,shap,0.1,2,1019,0.9964912280701754,1.0,1
logreg,shap,0.1,2,1023,1.0,1.0,1
logreg,shap,0.1,2,1027,0.987719298245614,1.0,1
logreg,shap,0.1,2,1028,0.9929824561403509,1.0,1
logreg,shap,0.1,2,1031,0.980701754385965,1.0,0
logreg,shap,0.1,2,1039,0.9982456140350877,1.0,1
logreg,shap,0.1,2,1043,0.9982456140350877,1.0,1
logreg,shap,0.1,2,1052,0.9982456140350877,1.0,1
logreg,shap,0.1,2,1063,0.9964912280701754,1.0,1
logreg,shap,0.1,2,1065,0.9947368421052631,1.0,1
logreg,shap,0.1,2,1070,1.0,1.0,1
logreg,shap,0.1,2,1073,0.9456140350877192,0.8,1
logreg,shap,0.1,2,1077,0.9894736842105263,1.0,1
logreg,shap,0.1,2,1087,0.9982456140350877,1.0,1
logreg,shap,0.1,2,1092,0.9368421052631579,0.8,1
logreg,shap,0.1,2,1100,0.9982456140350877,0.8,1
logreg,shap,0.1,2,1112,1.0,1.0,1
logreg,shap,0.1,2,1116,1.0,1.0,1
logreg,shap,0.1,2,1119,0.9894736842105263,1.0,1
logreg,shap,0.1,2,1137,0.9964912280701754,1.0,0
logreg,shap,0.1,2,1138,0.9736842105263157,0.8,1
logreg,shap,0.1,2,1151,0.9982456140350877,1.0,1
logreg,shap,0.1,2,1152,1.0,1.0,1
logreg,shap,0.1,2,1160,0.9964912280701754,1.0,1
logreg,shap,0.1,2,1167,0.9684210526315788,1.0,1
logreg,shap,0.1,2,1187,1.0,1.0,1
logreg,shap,0.1,2,1209,0.9982456140350877,1.0,1
logreg,shap,0.1,2,1214,0.9982456140350877,1.0,1
logreg,shap,0.1,2,1227,0.9508771929824561,0.8,1
logreg,shap,0.1,2,1237,0.9894736842105263,0.8,1
logreg,shap,0.1,2,1246,1.0,1.0,1
logreg,shap,0.1,2,1256,0.9192982456140351,1.0,0
logreg,shap,0.1,2,1259,1.0,1.0,1
logreg,shap,0.1,2,1299,0.9982456140350877,1.0,1
logreg,shap,0.1,2,1300,0.9982456140350877,0.8,1
logreg,shap,0.1,2,1309,1.0,1.0,1
logreg,shap,0.1,2,1314,1.0,1.0,1
logreg,shap,0.1,2,1316,1.0,1.0,1
logreg,shap,0.1,2,1322,1.0,1.0,1
logreg,shap,0.1,2,1339,0.9982456140350877,1.0,1
logreg,shap,0.1,2,1340,1.0,1.0,1
logreg,shap,0.1,2,1343,0.9929824561403509,1.0,1
logreg,shap,0.1,2,1344,0.9964912280701754,0.8,1
logreg,shap,0.1,2,1348,1.0,1.0,1
logreg,shap,0.1,2,1351,1.0,1.0,1
logreg,shap,0.1,2,1354,1.0,1.0,1
logreg,shap,0.1,2,1360,1.0,1.0,1
logreg,shap,0.1,2,1368,0.9982456140350877,1.0,1
logreg,shap,0.1,2,1379,1.0,1.0,1
logreg,shap,0.1,2,1383,1.0,1.0,1
logreg,shap,0.1,2,1389,0.9105263157894736,0.8,1
logreg,shap,0.1,2,1392,1.0,1.0,1
logreg,shap,0.1,2,1395,1.0,1.0,1
logreg,lime,0.01,0,9,0.7666666666666666,0.6,0
logreg,lime,0.01,0,31,0.7228070175438598,0.8,1
logreg,lime,0.01,0,41,0.7754385964912281,0.8,0
logreg,lime,0.01,0,46,0.8736842105263157,1.0,1
logreg,lime,0.01,0,49,0.8684210526315789,1.0,1
logreg,lime,0.01,0,55,0.9596491228070174,1.0,1
logreg,lime,0.01,0,79,0.9175438596491228,0.8,1
logreg,lime,0.01,0,84,0.8684210526315789,0.8,1
logreg,lime,0.01,0,97,0.8754385964912281,1.0,1
logreg,lime,0.01,0,104,0.8175438596491227,1.0,1
logreg,lime,0.01,0,105,0.8456140350877193,1.0,1
logreg,lime,0.01,0,107,0.9614035087719298,1.0,1
logreg,lime,0.01,0,114,0.9631578947368421,0.8,1
logreg,lime,0.01,0,121,0.8771929824561402,0.8,1
logreg,lime,0.01,0,122,0.9421052631578948,1.0,1
logreg,lime,0.01,0,123,0.5508771929824561,0.8,1
logreg,lime,0.01,0,125,0.6175438596491227,0.6,1
logreg,lime,0.01,0,146,0.9070175438596491,1.0,1
logreg,lime,0.01,0,151,0.7491228070175439,1.0,1
logreg,lime,0.01,0,156,0.5263157894736842,0.8,0
logreg,lime,0.01,0,165,0.8947368421052632,0.8,1
logreg,lime,0.01,0,166,0.9122807017543859,0.8,1
logreg,lime,0.01,0,171,0.8614035087719297,1.0,1
logreg,lime,0.01,0,182,0.524561403508772,0.8,1
logreg,lime,0.01,0,184,0.763157894736842,0.8,1
logreg,lime,0.01,0,194,0.9070175438596491,0.8,0
logreg,lime,0.01,0,205,0.7684210526315789,1.0,0
logreg,lime,0.01,0,206,0.5877192982456141,0.6,1
logreg,lime,0.01,0,211,0.8666666666666666,1.0,1
logreg,lime,0.01,0,223,0.9087719298245613,0.8,1
logreg,lime,0.01,0,224,0.8596491228070176,0.8,1
logreg,lime,0.01,0,229,0.8228070175438595,0.8,1
logreg,lime,0.01,0,231,0.8526315789473684,0.8,1
logreg,lime,0.01,0,241,0.7964912280701755,1.0,1
logreg,lime,0.01,0,244,0.8859649122807017,0.8,1
logreg,lime,0.01,0,261,0.5631578947368421,0.8,1
logreg,lime,0.01,0,281,0.7526315789473684,1.0,1
logreg,lime,0.01,0,289,0.8912280701754386,0.8,1
logreg,lime,0.01,0,291,0.8157894736842105,0.8,1
logreg,lime,0.01,0,311,0.9280701754385964,0.8,1
logreg,lime,0.01,0,316,0.7719298245614035,0.8,1
logreg,lime,0.01,0,325,0.8473684210526315,0.6,1
logreg,lime,0.01,0,332,0.7947368421052632,0.8,1
logreg,lime,0.01,0,344,0.7842105263157895,0.8,1
logreg,lime,0.01,0,364,0.6596491228070176,0.8,1
logreg,lime,0.01,0,372,0.8456140350877193,0.8,1
logreg,lime,0.01,0,375,0.6771929824561403,0.8,1
logreg,lime,0.01,0,381,0.6403508771929824,0.8,1
logreg,lime,0.01,0,398,0.7684210526315789,0.8,0
logreg,lime,0.01,0,403,0.9228070175438597,0.8,1
logreg,lime,0.01,0,407,0.9122807017543859,0.8,1
logreg,lime,0.01,0,414,0.8578947368421052,0.8,1
logreg,lime,0.01,0,420,0.9192982456140351,0.8,1
logreg,lime,0.01,0,423,0.8982456140350877,1.0,1
logreg,lime,0.01,0,440,0.8614035087719297,1.0,1
logreg,lime,0.01,0,442,0.9070175438596491,0.6,1
logreg,lime,0.01,0,454,0.7894736842105263,0.8,1
logreg,lime,0.01,0,457,0.8947368421052632,0.8,1
logreg,lime,0.01,0,459,0.7333333333333334,0.6,0
logreg,lime,0.01,0,464,0.9719298245614034,1.0,1
logreg,lime,0.01,0,467,0.9684210526315788,1.0,1
logreg,lime,0.01,0,471,0.8614035087719297,1.0,1
logreg,lime,0.01,0,475,0.7894736842105263,0.8,1
logreg,lime,0.01,0,480,0.8614035087719297,1.0,1
logreg,lime,0.01,0,495,0.7228070175438598,1.0,1
logreg,lime,0.01,0,503,0.9052631578947368,1.0,1
logreg,lime,0.01,0,506,0.5456140350877193,0.8,0
logreg,lime,0.01,0,521,0.9491228070175438,1.0,1
logreg,lime,0.01,0,523,0.8368421052631579,0.8,0
logreg,lime,0.01,0,530,0.8543859649122807,1.0,1
logreg,lime,0.01,0,547,0.9245614035087718,1.0,1
logreg,lime,0.01,0,551,0.8912280701754386,1.0,1
logreg,lime,0.01,0,556,0.8070175438596491,0.6,1
logreg,lime,0.01,0,558,0.6000000000000001,0.6,1
logreg,lime,0.01,0,559,0.9210526315789472,0.8,1
logreg,lime,0.01,0,562,0.6491228070175438,0.8,1
logreg,lime,0.01,0,564,0.9122807017543859,0.8,1
logreg,lime,0.01,0,572,0.8859649122807017,0.8,1
logreg,lime,0.01,0,582,0.8596491228070176,1.0,1
logreg,lime,0.01,0,587,0.5543859649122806,1.0,1
logreg,lime,0.01,0,590,0.9175438596491228,1.0,1
logreg,lime,0.01,0,591,0.8491228070175438,0.8,1
logreg,lime,0.01,0,598,0.5964912280701754,0.8,1
logreg,lime,0.01,0,605,0.8017543859649122,1.0,0
logreg,lime,0.01,0,609,0.49473684210526314,0.8,1
logreg,lime,0.01,0,613,0.7052631578947368,1.0,1
logreg,lime,0.01,0,619,0.7771929824561404,0.8,1
logreg,lime,0.01,0,620,0.8526315789473684,1.0,1
logreg,lime,0.01,0,626,0.9263157894736841,0.8,1
logreg,lime,0.01,0,627,0.8175438596491227,0.8,1
logreg,lime,0.01,0,637,0.5912280701754385,0.8,1
logreg,lime,0.01,0,640,0.6105263157894737,0.8,1
logreg,lime,0.01,0,667,0.9245614035087718,0.8,1
logreg,lime,0.01,0,673,0.8491228070175438,0.8,1
logreg,lime,0.01,0,687,0.8,0.6,1
logreg,lime,0.01,0,688,0.7859649122807018,0.6,1
logreg,lime,0.01,0,689,0.8368421052631579,0.8,1
logreg,lime,0.01,0,690,0.7543859649122807,0.8,1
logreg,lime,0.01,0,693,0.8807017543859648,0.8,1
logreg,lime,0.01,0,724,0.8070175438596491,0.8,1
logreg,lime,0.01,0,732,0.8701754385964912,1.0,1
logreg,lime,0.01,0,740,0.6666666666666666,0.8,1
logreg,lime,0.01,0,748,0.943859649122807,1.0,1
logreg,lime,0.01,0,751,0.5859649122807017,0.6,1
logreg,lime,0.01,0,752,0.9350877192982456,0.8,1
logreg,lime,0.01,0,755,0.8175438596491227,0.8,1
logreg,lime,0.01,0,759,0.6719298245614035,0.8,1
logreg,lime,0.01,0,766,0.9035087719298246,0.8,1
logreg,lime,0.01,0,786,0.7263157894736841,0.8,1
logreg,lime,0.01,0,790,0.9245614035087718,0.8,1
logreg,lime,0.01,0,792,0.6929824561403508,1.0,1
logreg,lime,0.01,0,809,0.8719298245614034,0.6,1
logreg,lime,0.01,0,812,0.8929824561403509,1.0,1
logreg,lime,0.01,0,830,0.9315789473684211,0.8,1
logreg,lime,0.01,0,845,0.6333333333333333,0.8,1
logreg,lime,0.01,0,847,0.9263157894736841,0.8,1
logreg,lime,0.01,0,848,0.5578947368421052,0.6,1
logreg,lime,0.01,0,850,0.8052631578947368,0.8,1
logreg,lime,0.01,0,860,0.8666666666666666,0.8,1
logreg,lime,0.01,0,864,0.882456140350877,0.8,1
logreg,lime,0.01,0,869,0.9035087719298246,0.8,1
logreg,lime,0.01,0,872,0.9,0.8,1
logreg,lime,0.01,0,874,0.8087719298245614,1.0,1
logreg,lime,0.01,0,875,0.8315789473684211,1.0,1
logreg,lime,0.01,0,878,0.863157894736842,0.8,1
logreg,lime,0.01,0,880,0.6912280701754386,0.8,1
logreg,lime,0.01,0,886,0.8228070175438595,1.0,1
logreg,lime,0.01,0,889,0.8684210526315789,0.8,1
logreg,lime,0.01,0,896,0.8842105263157896,0.8,1
logreg,lime,0.01,0,900,0.7982456140350876,0.6,0
logreg,lime,0.01,0,904,0.41754385964912283,0.4,1
logreg,lime,0.01,0,908,0.9,0.8,1
logreg,lime,0.01,0,927,0.9526315789473684,0.8,1
logreg,lime,0.01,0,934,0.9631578947368421,1.0,1
logreg,lime,0.01,0,939,0.8807017543859648,1.0,1
logreg,lime,0.01,0,943,0.7333333333333334,0.8,1
logreg,lime,0.01,0,945,0.7754385964912281,1.0,1
logreg,lime,0.01,0,954,0.8649122807017543,0.8,1
logreg,lime,0.01,0,959,0.8859649122807017,0.8,1
logreg,lime,0.01,0,961,0.9245614035087718,0.8,1
logreg,lime,0.01,0,967,0.5649122807017544,0.6,1
logreg,lime,0.01,0,976,0.8263157894736841,0.8,0
logreg,lime,0.01,0,990,0.819298245614035,1.0,1
logreg,lime,0.01,0,993,0.7315789473684211,1.0,1
logreg,lime,0.01,0,996,0.512280701754386,0.8,1
logreg,lime,0.01,0,1014,0.6157894736842106,0.8,1
logreg,lime,0.01,0,1015,0.736842105263158,0.8,1
logreg,lime,0.01,0,1019,0.8789473684210527,1.0,1
logreg,lime,0.01,0,1023,0.83859649122807,0.8,1
logreg,lime,0.01,0,1027,0.7894736842105263,0.8,0
logreg,lime,0.01,0,1028,0.6210526315789473,0.8,1
logreg,lime,0.01,0,1031,0.7140350877192982,1.0,1
logreg,lime,0.01,0,1039,0.9,0.8,1
logreg,lime,0.01,0,1043,0.863157894736842,0.8,1
logreg,lime,0.01,0,1052,0.7543859649122807,0.8,1
logreg,lime,0.01,0,1063,0.8315789473684211,1.0,1
logreg,lime,0.01,0,1065,0.8087719298245614,1.0,1
logreg,lime,0.01,0,1070,0.9192982456140351,1.0,1
logreg,lime,0.01,0,1073,0.8087719298245614,0.6,0
logreg,lime,0.01,0,1077,0.8298245614035088,0.6,0
logreg,lime,0.01,0,1087,0.6087719298245614,0.8,1
logreg,lime,0.01,0,1092,0.7140350877192982,0.8,1
logreg,lime,0.01,0,1100,0.8578947368421052,0.8,1
logreg,lime,0.01,0,1112,0.8964912280701753,1.0,1
logreg,lime,0.01,0,1116,0.6947368421052632,0.6,0
logreg,lime,0.01,0,1119,0.8684210526315789,0.8,1
logreg,lime,0.01,0,1137,0.8614035087719297,0.8,1
logreg,lime,0.01,0,1138,0.5157894736842105,0.8,1
logreg,lime,0.01,0,1151,0.8543859649122807,1.0,0
logreg,lime,0.01,0,1152,0.7754385964912281,0.8,1
logreg,lime,0.01,0,1160,0.8140350877192982,0.6,1
logreg,lime,0.01,0,1167,0.7508771929824561,0.6,1
logreg,lime,0.01,0,1187,0.5929824561403508,0.8,1
logreg,lime,0.01,0,1209,0.7578947368421053,0.8,1
logreg,lime,0.01,0,1214,0.8596491228070176,0.8,1
logreg,lime,0.01,0,1227,0.7385964912280703,0.4,1
logreg,lime,0.01,0,1237,0.9315789473684211,1.0,1
logreg,lime,0.01,0,1246,0.7666666666666666,0.8,0
logreg,lime,0.01,0,1256,0.7543859649122807,0.8,1
logreg,lime,0.01,0,1259,0.6298245614035087,0.8,1
logreg,lime,0.01,0,1299,0.8666666666666666,0.8,1
logreg,lime,0.01,0,1300,0.8403508771929825,0.6,1
logreg,lime,0.01,0,1309,0.8245614035087718,0.8,1
logreg,lime,0.01,0,1314,0.8719298245614034,0.8,1
logreg,lime,0.01,0,1316,0.8754385964912281,0.8,1
logreg,lime,0.01,0,1322,0.8912280701754386,1.0,1
logreg,lime,0.01,0,1339,0.9280701754385964,0.6,1
logreg,lime,0.01,0,1340,0.7684210526315789,0.8,1
logreg,lime,0.01,0,1343,0.8122807017543859,0.8,1
logreg,lime,0.01,0,1344,0.9017543859649122,1.0,1
logreg,lime,0.01,0,1348,0.40877192982456134,0.6,1
logreg,lime,0.01,0,1351,0.9333333333333333,0.8,1
logreg,lime,0.01,0,1354,0.8789473684210527,0.8,0
logreg,lime,0.01,0,1360,0.8017543859649122,0.8,0
logreg,lime,0.01,0,1368,0.7421052631578948,0.8,1
logreg,lime,0.01,0,1379,0.6807017543859648,0.8,1
logreg,lime,0.01,0,1383,0.6947368421052632,0.8,0
logreg,lime,0.01,0,1389,0.9017543859649122,0.6,1
logreg,lime,0.01,0,1392,0.780701754385965,0.8,1
logreg,lime,0.01,0,1395,0.863157894736842,0.8,1
logreg,lime,0.01,1,9,0.5105263157894736,0.6,1
logreg,lime,0.01,1,31,0.6824561403508772,0.8,1
logreg,lime,0.01,1,41,0.8508771929824561,0.8,1
logreg,lime,0.01,1,46,0.8719298245614034,0.8,1
logreg,lime,0.01,1,49,0.8789473684210527,0.8,1
logreg,lime,0.01,1,55,0.9491228070175438,1.0,1
logreg,lime,0.01,1,79,0.8368421052631579,0.8,1
logreg,lime,0.01,1,84,0.8052631578947368,0.6,0
logreg,lime,0.01,1,97,0.9456140350877192,0.8,1
logreg,lime,0.01,1,104,0.6350877192982456,0.8,1
logreg,lime,0.01,1,105,0.6929824561403508,1.0,1
logreg,lime,0.01,1,107,0.9350877192982456,1.0,1
logreg,lime,0.01,1,114,0.9105263157894736,1.0,1
logreg,lime,0.01,1,121,0.8929824561403509,0.8,1
logreg,lime,0.01,1,122,0.9017543859649122,0.8,1
logreg,lime,0.01,1,123,0.7,0.8,1
logreg,lime,0.01,1,125,0.8105263157894737,0.6,1
logreg,lime,0.01,1,146,0.9105263157894736,0.8,1
logreg,lime,0.01,1,151,0.7947368421052632,0.8,1
logreg,lime,0.01,1,156,0.6473684210526316,0.8,1
logreg,lime,0.01,1,165,0.83859649122807,1.0,1
logreg,lime,0.01,1,166,0.8771929824561402,0.8,1
logreg,lime,0.01,1,171,0.882456140350877,1.0,1
logreg,lime,0.01,1,182,0.4052631578947368,0.8,1
logreg,lime,0.01,1,184,0.882456140350877,1.0,1
logreg,lime,0.01,1,194,0.8701754385964912,0.8,1
logreg,lime,0.01,1,205,0.6298245614035087,0.8,1
logreg,lime,0.01,1,206,0.48947368421052634,0.8,1
logreg,lime,0.01,1,211,0.9350877192982456,1.0,1
logreg,lime,0.01,1,223,0.9385964912280702,0.8,1
logreg,lime,0.01,1,224,0.7157894736842104,1.0,1
logreg,lime,0.01,1,229,0.882456140350877,0.8,1
logreg,lime,0.01,1,231,0.39473684210526316,0.6,1
logreg,lime,0.01,1,241,0.8105263157894737,1.0,1
logreg,lime,0.01,1,244,0.8929824561403509,0.8,1
logreg,lime,0.01,1,261,0.719298245614035,1.0,1
logreg,lime,0.01,1,281,0.712280701754386,0.8,1
logreg,lime,0.01,1,289,0.8315789473684211,1.0,1
logreg,lime,0.01,1,291,0.8666666666666666,0.8,1
logreg,lime,0.01,1,311,0.9087719298245613,0.8,1
logreg,lime,0.01,1,316,0.7385964912280703,0.8,1
logreg,lime,0.01,1,325,0.856140350877193,0.8,1
logreg,lime,0.01,1,332,0.6842105263157895,0.8,1
logreg,lime,0.01,1,344,0.8350877192982457,0.8,1
logreg,lime,0.01,1,364,0.6701754385964912,0.8,1
logreg,lime,0.01,1,372,0.9052631578947368,1.0,1
logreg,lime,0.01,1,375,0.7403508771929824,0.8,1
logreg,lime,0.01,1,381,0.7929824561403509,0.8,1
logreg,lime,0.01,1,398,0.5666666666666667,0.6,1
logreg,lime,0.01,1,403,0.9403508771929823,0.8,1
logreg,lime,0.01,1,407,0.887719298245614,0.8,1
logreg,lime,0.01,1,414,0.9192982456140351,0.8,1
logreg,lime,0.01,1,420,0.9385964912280702,0.8,1
logreg,lime,0.01,1,423,0.9122807017543859,1.0,1
logreg,lime,0.01,1,440,0.9491228070175438,1.0,1
logreg,lime,0.01,1,442,0.8649122807017543,0.6,0
logreg,lime,0.01,1,454,0.6333333333333333,0.8,1
logreg,lime,0.01,1,457,0.8771929824561402,0.6,1
logreg,lime,0.01,1,459,0.7403508771929824,0.8,0
logreg,lime,0.01,1,464,0.9280701754385964,1.0,1
logreg,lime,0.01,1,467,0.975438596491228,1.0,1
logreg,lime,0.01,1,471,0.9491228070175438,1.0,1
logreg,lime,0.01,1,475,0.7614035087719299,0.8,1
logreg,lime,0.01,1,480,0.8122807017543859,1.0,1
logreg,lime,0.01,1,495,0.743859649122807,1.0,1
logreg,lime,0.01,1,503,0.7789473684210525,0.8,1
logreg,lime,0.01,1,506,0.5649122807017544,0.8,1
logreg,lime,0.01,1,521,0.8842105263157896,1.0,1
logreg,lime,0.01,1,523,0.7666666666666666,0.8,0
logreg,lime,0.01,1,530,0.8473684210526315,0.8,1
logreg,lime,0.01,1,547,0.8807017543859648,1.0,1
logreg,lime,0.01,1,551,0.7894736842105263,0.8,1
logreg,lime,0.01,1,556,0.8789473684210527,0.8,1
logreg,lime,0.01,1,558,0.6087719298245614,0.6,1
logreg,lime,0.01,1,559,0.956140350877193,0.8,1
logreg,lime,0.01,1,562,0.6105263157894737,0.6,0
logreg,lime,0.01,1,564,0.9280701754385964,1.0,1
logreg,lime,0.01,1,572,0.8614035087719297,0.8,1
logreg,lime,0.01,1,582,0.9070175438596491,0.8,1
logreg,lime,0.01,1,587,0.8929824561403509,0.8,1
logreg,lime,0.01,1,590,0.8175438596491227,0.8,1
logreg,lime,0.01,1,591,0.6929824561403508,0.8,1
logreg,lime,0.01,1,598,0.6228070175438596,0.8,1
logreg,lime,0.01,1,605,0.8298245614035088,0.8,0
logreg,lime,0.01,1,609,0.5964912280701754,1.0,1
logreg,lime,0.01,1,613,0.7578947368421053,0.8,1
logreg,lime,0.01,1,619,0.556140350877193,1.0,1
logreg,lime,0.01,1,620,0.8666666666666666,0.8,1
logreg,lime,0.01,1,626,0.943859649122807,0.8,1
logreg,lime,0.01,1,627,0.7964912280701755,1.0,1
logreg,lime,0.01,1,637,0.38245614035087716,0.6,1
logreg,lime,0.01,1,640,0.6929824561403508,0.8,1
logreg,lime,0.01,1,667,0.8526315789473684,0.8,1
logreg,lime,0.01,1,673,0.9052631578947368,0.8,1
logreg,lime,0.01,1,687,0.8140350877192982,0.8,0
logreg,lime,0.01,1,688,0.7754385964912281,0.6,0
logreg,lime,0.01,1,689,0.7701754385964912,0.8,1
logreg,lime,0.01,1,690,0.6912280701754386,0.8,1
logreg,lime,0.01,1,693,0.843859649122807,0.8,1
logreg,lime,0.01,1,724,0.8175438596491227,0.8,1
logreg,lime,0.01,1,732,0.7789473684210525,1.0,1
logreg,lime,0.01,1,740,0.7421052631578948,0.8,1
logreg,lime,0.01,1,748,0.9403508771929823,1.0,1
logreg,lime,0.01,1,751,0.5736842105263157,0.6,1
logreg,lime,0.01,1,752,0.9578947368421052,0.8,0
logreg,lime,0.01,1,755,0.8070175438596491,0.8,1
logreg,lime,0.01,1,759,0.8403508771929825,1.0,1
logreg,lime,0.01,1,766,0.8701754385964912,0.8,1
logreg,lime,0.01,1,786,0.7771929824561404,0.8,1
logreg,lime,0.01,1,790,0.9543859649122807,1.0,1
logreg,lime,0.01,1,792,0.8508771929824561,1.0,1
logreg,lime,0.01,1,809,0.8701754385964912,0.8,1
logreg,lime,0.01,1,812,0.9280701754385964,0.8,1
logreg,lime,0.01,1,830,0.9140350877192982,0.8,1
logreg,lime,0.01,1,845,0.5894736842105263,0.8,1
logreg,lime,0.01,1,847,0.9035087719298246,0.8,1
logreg,lime,0.01,1,848,0.6333333333333333,0.8,1
logreg,lime,0.01,1,850,0.7684210526315789,0.8,1
logreg,lime,0.01,1,860,0.9245614035087718,1.0,1
logreg,lime,0.01,1,864,0.7912280701754386,0.6,1
logreg,lime,0.01,1,869,0.9350877192982456,0.8,1
logreg,lime,0.01,1,872,0.9491228070175438,0.8,1
logreg,lime,0.01,1,874,0.8333333333333334,1.0,1
logreg,lime,0.01,1,875,0.736842105263158,0.8,1
logreg,lime,0.01,1,878,0.9578947368421052,1.0,1
logreg,lime,0.01,1,880,0.6824561403508772,0.8,1
logreg,lime,0.01,1,886,0.7245614035087719,0.8,1
logreg,lime,0.01,1,889,0.8456140350877193,0.8,1
logreg,lime,0.01,1,896,0.9596491228070174,0.8,1
logreg,lime,0.01,1,900,0.7736842105263159,0.8,0
logreg,lime,0.01,1,904,0.531578947368421,0.6,1
logreg,lime,0.01,1,908,0.9,0.8,1
logreg,lime,0.01,1,927,0.9052631578947368,0.8,1
logreg,lime,0.01,1,934,0.9175438596491228,1.0,1
logreg,lime,0.01,1,939,0.882456140350877,1.0,0
logreg,lime,0.01,1,943,0.7789473684210525,0.8,1
logreg,lime,0.01,1,945,0.6298245614035087,0.8,1
logreg,lime,0.01,1,954,0.863157894736842,1.0,1
logreg,lime,0.01,1,959,0.9,0.6,1
logreg,lime,0.01,1,961,0.8929824561403509,0.8,1
logreg,lime,0.01,1,967,0.7666666666666666,0.6,1
logreg,lime,0.01,1,976,0.8298245614035088,0.8,0
logreg,lime,0.01,1,990,0.8807017543859648,1.0,1
logreg,lime,0.01,1,993,0.6491228070175438,0.8,1
logreg,lime,0.01,1,996,0.743859649122807,0.8,1
logreg,lime,0.01,1,1014,0.6245614035087719,0.8,1
logreg,lime,0.01,1,1015,0.5649122807017544,0.6,1
logreg,lime,0.01,1,1019,0.7298245614035088,0.8,1
logreg,lime,0.01,1,1023,0.7245614035087719,0.6,1
logreg,lime,0.01,1,1027,0.7473684210526316,1.0,0
logreg,lime,0.01,1,1028,0.4403508771929824,0.8,1
logreg,lime,0.01,1,1031,0.7596491228070175,0.8,1
logreg,lime,0.01,1,1039,0.8894736842105263,0.8,1
logreg,lime,0.01,1,1043,0.8614035087719297,0.8,1
logreg,lime,0.01,1,1052,0.787719298245614,0.8,1
logreg,lime,0.01,1,1063,0.7666666666666666,1.0,1
logreg,lime,0.01,1,1065,0.863157894736842,0.8,1
logreg,lime,0.01,1,1070,0.8526315789473684,0.8,1
logreg,lime,0.01,1,1073,0.882456140350877,1.0,1
logreg,lime,0.01,1,1077,0.7666666666666666,0.6,0
logreg,lime,0.01,1,1087,0.4666666666666667,0.6,1
logreg,lime,0.01,1,1092,0.6105263157894737,0.8,1
logreg,lime,0.01,1,1100,0.8175438596491227,0.8,0
logreg,lime,0.01,1,1112,0.8771929824561402,0.8,1
logreg,lime,0.01,1,1116,0.5,0.6,1
logreg,lime,0.01,1,1119,0.9140350877192982,0.8,1
logreg,lime,0.01,1,1137,0.8807017543859648,1.0,0
logreg,lime,0.01,1,1138,0.46491228070175433,0.6,1
logreg,lime,0.01,1,1151,0.7596491228070175,1.0,1
logreg,lime,0.01,1,1152,0.8807017543859648,0.8,1
logreg,lime,0.01,1,1160,0.7543859649122807,0.8,0
logreg,lime,0.01,1,1167,0.4350877192982456,0.6,0
logreg,lime,0.01,1,1187,0.612280701754386,1.0,1
logreg,lime,0.01,1,1209,0.6947368421052632,1.0,1
logreg,lime,0.01,1,1214,0.7333333333333334,0.8,1
logreg,lime,0.01,1,1227,0.7649122807017543,0.8,1
logreg,lime,0.01,1,1237,0.9421052631578948,1.0,1
logreg,lime,0.01,1,1246,0.7719298245614035,0.8,1
logreg,lime,0.01,1,1256,0.8333333333333334,1.0,1
logreg,lime,0.01,1,1259,0.5403508771929825,1.0,1
logreg,lime,0.01,1,1299,0.7491228070175439,0.8,1
logreg,lime,0.01,1,1300,0.8421052631578947,0.6,0
logreg,lime,0.01,1,1309,0.8210526315789475,0.8,0
logreg,lime,0.01,1,1314,0.9385964912280702,0.8,0
logreg,lime,0.01,1,1316,0.9017543859649122,0.8,1
logreg,lime,0.01,1,1322,0.843859649122807,1.0,1
logreg,lime,0.01,1,1339,0.9403508771929823,0.8,1
logreg,lime,0.01,1,1340,0.736842105263158,0.8,1
logreg,lime,0.01,1,1343,0.687719298245614,0.8,1
logreg,lime,0.01,1,1344,0.8736842105263157,1.0,1
logreg,lime,0.01,1,1348,0.5719298245614035,0.8,1
logreg,lime,0.01,1,1351,0.8929824561403509,0.8,1
logreg,lime,0.01,1,1354,0.8859649122807017,0.8,1
logreg,lime,0.01,1,1360,0.863157894736842,0.8,0
logreg,lime,0.01,1,1368,0.46140350877192987,0.8,0
logreg,lime,0.01,1,1379,0.8473684210526315,0.8,1
logreg,lime,0.01,1,1383,0.6192982456140351,0.8,0
logreg,lime,0.01,1,1389,0.9631578947368421,1.0,1
logreg,lime,0.01,1,1392,0.6736842105263158,0.8,0
logreg,lime,0.01,1,1395,0.856140350877193,0.8,1
logreg,lime,0.01,2,9,0.8175438596491227,0.6,0
logreg,lime,0.01,2,31,0.6842105263157895,1.0,1
logreg,lime,0.01,2,41,0.7719298245614035,0.8,0
logreg,lime,0.01,2,46,0.7578947368421053,0.8,1
logreg,lime,0.01,2,49,0.9263157894736841,1.0,1
logreg,lime,0.01,2,55,0.9578947368421052,1.0,1
logreg,lime,0.01,2,79,0.8859649122807017,1.0,1
logreg,lime,0.01,2,84,0.8982456140350877,1.0,1
logreg,lime,0.01,2,97,0.8456140350877193,0.8,1
logreg,lime,0.01,2,104,0.719298245614035,0.8,1
logreg,lime,0.01,2,105,0.5263157894736842,1.0,1
logreg,lime,0.01,2,107,0.9192982456140351,1.0,1
logreg,lime,0.01,2,114,0.9210526315789472,0.8,1
logreg,lime,0.01,2,121,0.8508771929824561,1.0,1
logreg,lime,0.01,2,122,0.8157894736842105,0.8,1
logreg,lime,0.01,2,123,0.780701754385965,0.8,1
logreg,lime,0.01,2,125,0.7017543859649124,0.6,1
logreg,lime,0.01,2,146,0.8771929824561402,0.6,1
logreg,lime,0.01,2,151,0.8052631578947368,0.8,1
logreg,lime,0.01,2,156,0.6842105263157895,0.8,1
logreg,lime,0.01,2,165,0.9649122807017543,0.8,1
logreg,lime,0.01,2,166,0.8666666666666666,0.8,1
logreg,lime,0.01,2,171,0.8368421052631579,0.8,1
logreg,lime,0.01,2,182,0.5824561403508772,0.8,1
logreg,lime,0.01,2,184,0.6789473684210526,0.8,1
logreg,lime,0.01,2,194,0.8473684210526315,0.8,1
logreg,lime,0.01,2,205,0.8403508771929825,1.0,0
logreg,lime,0.01,2,206,0.46140350877192987,0.6,0
logreg,lime,0.01,2,211,0.9421052631578948,1.0,1
logreg,lime,0.01,2,223,0.8982456140350877,0.8,1
logreg,lime,0.01,2,224,0.7105263157894737,0.6,1
logreg,lime,0.01,2,229,0.9192982456140351,0.8,1
logreg,lime,0.01,2,231,0.687719298245614,0.8,1
logreg,lime,0.01,2,241,0.8333333333333334,1.0,1
logreg,lime,0.01,2,244,0.9543859649122807,0.8,1
logreg,lime,0.01,2,261,0.5947368421052631,0.8,1
logreg,lime,0.01,2,281,0.7754385964912281,0.8,1
logreg,lime,0.01,2,289,0.8964912280701753,0.8,1
logreg,lime,0.01,2,291,0.9105263157894736,0.6,1
logreg,lime,0.01,2,311,0.9315789473684211,0.8,1
logreg,lime,0.01,2,316,0.7473684210526316,0.8,1
logreg,lime,0.01,2,325,0.8350877192982457,0.8,1
logreg,lime,0.01,2,332,0.7894736842105263,0.8,0
logreg,lime,0.01,2,344,0.9526315789473684,1.0,1
logreg,lime,0.01,2,364,0.8403508771929825,0.8,1
logreg,lime,0.01,2,372,0.8543859649122807,1.0,1
logreg,lime,0.01,2,375,0.7964912280701755,0.8,0
logreg,lime,0.01,2,381,0.6526315789473683,0.8,1
logreg,lime,0.01,2,398,0.49473684210526314,0.8,1
logreg,lime,0.01,2,403,0.9315789473684211,0.8,1
logreg,lime,0.01,2,407,0.9333333333333333,0.8,1
logreg,lime,0.01,2,414,0.8754385964912281,1.0,1
logreg,lime,0.01,2,420,0.9421052631578948,1.0,1
logreg,lime,0.01,2,423,0.8350877192982457,1.0,1
logreg,lime,0.01,2,440,0.9122807017543859,0.8,1
logreg,lime,0.01,2,442,0.8596491228070176,0.8,1
logreg,lime,0.01,2,454,0.5350877192982456,0.6,1
logreg,lime,0.01,2,457,0.8912280701754386,1.0,0
logreg,lime,0.01,2,459,0.7701754385964912,0.6,0
logreg,lime,0.01,2,464,0.9070175438596491,1.0,1
logreg,lime,0.01,2,467,0.956140350877193,1.0,1
logreg,lime,0.01,2,471,0.887719298245614,0.8,1
logreg,lime,0.01,2,475,0.6649122807017543,0.8,1
logreg,lime,0.01,2,480,0.887719298245614,1.0,1
logreg,lime,0.01,2,495,0.8473684210526315,1.0,0
logreg,lime,0.01,2,503,0.8456140350877193,1.0,1
logreg,lime,0.01,2,506,0.3526315789473684,0.8,1
logreg,lime,0.01,2,521,0.8333333333333334,1.0,1
logreg,lime,0.01,2,523,0.8684210526315789,0.8,0
logreg,lime,0.01,2,530,0.6578947368421053,1.0,1
logreg,lime,0.01,2,547,0.9491228070175438,1.0,1
logreg,lime,0.01,2,551,0.8543859649122807,1.0,1
logreg,lime,0.01,2,556,0.8315789473684211,0.8,0
logreg,lime,0.01,2,558,0.7473684210526316,0.8,1
logreg,lime,0.01,2,559,0.9263157894736841,1.0,1
logreg,lime,0.01,2,562,0.7508771929824561,0.8,0
logreg,lime,0.01,2,564,0.9,1.0,1
logreg,lime,0.01,2,572,0.8421052631578947,0.8,1
logreg,lime,0.01,2,582,0.8491228070175438,1.0,1
logreg,lime,0.01,2,587,0.5614035087719299,0.8,1
logreg,lime,0.01,2,590,0.8421052631578947,1.0,1
logreg,lime,0.01,2,591,0.8,0.8,1
logreg,lime,0.01,2,598,0.6649122807017543,0.8,1
logreg,lime,0.01,2,605,0.6666666666666666,0.8,1
logreg,lime,0.01,2,609,0.6824561403508772,1.0,1
logreg,lime,0.01,2,613,0.8368421052631579,1.0,1
logreg,lime,0.01,2,619,0.780701754385965,0.8,1
logreg,lime,0.01,2,620,0.8736842105263157,1.0,1
logreg,lime,0.01,2,626,0.9175438596491228,0.6,1
logreg,lime,0.01,2,627,0.7614035087719299,0.8,1
logreg,lime,0.01,2,637,0.687719298245614,1.0,1
logreg,lime,0.01,2,640,0.6228070175438596,0.8,1
logreg,lime,0.01,2,667,0.8859649122807017,0.8,1
logreg,lime,0.01,2,673,0.8894736842105263,0.8,1
logreg,lime,0.01,2,687,0.8087719298245614,0.8,0
logreg,lime,0.01,2,688,0.882456140350877,0.6,1
logreg,lime,0.01,2,689,0.9035087719298246,0.8,1
logreg,lime,0.01,2,690,0.6175438596491227,0.8,1
logreg,lime,0.01,2,693,0.8508771929824561,0.8,1
logreg,lime,0.01,2,724,0.7929824561403509,0.8,1
logreg,lime,0.01,2,732,0.9210526315789472,1.0,0
logreg,lime,0.01,2,740,0.7491228070175439,1.0,1
logreg,lime,0.01,2,748,0.9263157894736841,0.8,1
logreg,lime,0.01,2,751,0.7578947368421053,0.6,1
logreg,lime,0.01,2,752,0.9543859649122807,1.0,0
logreg,lime,0.01,2,755,0.8508771929824561,0.8,1
logreg,lime,0.01,2,759,0.8070175438596491,0.8,1
logreg,lime,0.01,2,766,0.819298245614035,0.8,1
logreg,lime,0.01,2,786,0.8368421052631579,0.6,1
logreg,lime,0.01,2,790,0.863157894736842,1.0,1
logreg,lime,0.01,2,792,0.7157894736842104,1.0,1
logreg,lime,0.01,2,809,0.9105263157894736,0.6,1
logreg,lime,0.01,2,812,0.9017543859649122,0.6,1
logreg,lime,0.01,2,830,0.9192982456140351,0.8,1
logreg,lime,0.01,2,845,0.6333333333333333,0.6,1
logreg,lime,0.01,2,847,0.863157894736842,1.0,1
logreg,lime,0.01,2,848,0.5824561403508772,0.8,1
logreg,lime,0.01,2,850,0.8456140350877193,0.8,1
logreg,lime,0.01,2,860,0.9228070175438597,0.8,1
logreg,lime,0.01,2,864,0.8666666666666666,0.8,1
logreg,lime,0.01,2,869,0.9175438596491228,0.8,1
logreg,lime,0.01,2,872,0.9192982456140351,0.8,1
logreg,lime,0.01,2,874,0.8280701754385964,0.8,1
logreg,lime,0.01,2,875,0.8,0.8,1
logreg,lime,0.01,2,878,0.9596491228070174,0.8,1
logreg,lime,0.01,2,880,0.7736842105263159,0.8,1
logreg,lime,0.01,2,886,0.7947368421052632,0.8,0
logreg,lime,0.01,2,889,0.8964912280701753,0.8,1
logreg,lime,0.01,2,896,0.8754385964912281,0.8,1
logreg,lime,0.01,2,900,0.8754385964912281,1.0,1
logreg,lime,0.01,2,904,0.719298245614035,0.4,1
logreg,lime,0.01,2,908,0.9140350877192982,0.8,1
logreg,lime,0.01,2,927,0.9719298245614034,1.0,1
logreg,lime,0.01,2,934,0.956140350877193,0.8,1
logreg,lime,0.01,2,939,0.8982456140350877,0.8,0
logreg,lime,0.01,2,943,0.7912280701754386,0.8,1
logreg,lime,0.01,2,945,0.7263157894736841,1.0,1
logreg,lime,0.01,2,954,0.9298245614035087,0.8,1
logreg,lime,0.01,2,959,0.819298245614035,0.8,1
logreg,lime,0.01,2,961,0.8912280701754386,1.0,1
logreg,lime,0.01,2,967,0.6017543859649123,0.8,1
logreg,lime,0.01,2,976,0.9070175438596491,0.6,0
logreg,lime,0.01,2,990,0.7245614035087719,0.8,1
logreg,lime,0.01,2,993,0.6000000000000001,0.8,1
logreg,lime,0.01,2,996,0.45789473684210524,0.6,1
logreg,lime,0.01,2,1014,0.5280701754385965,0.8,1
logreg,lime,0.01,2,1015,0.7298245614035088,0.6,1
logreg,lime,0.01,2,1019,0.819298245614035,1.0,1
logreg,lime,0.01,2,1023,0.7684210526315789,0.8,1
logreg,lime,0.01,2,1027,0.8596491228070176,1.0,0
logreg,lime,0.01,2,1028,0.46315789473684205,0.8,1
logreg,lime,0.01,2,1031,0.7578947368421053,0.8,1
logreg,lime,0.01,2,1039,0.9140350877192982,1.0,1
logreg,lime,0.01,2,1043,0.8456140350877193,1.0,1
logreg,lime,0.01,2,1052,0.8807017543859648,0.8,1
logreg,lime,0.01,2,1063,0.8684210526315789,1.0,1
logreg,lime,0.01,2,1065,0.8596491228070176,1.0,1
logreg,lime,0.01,2,1070,0.8263157894736841,0.8,1
logreg,lime,0.01,2,1073,0.8140350877192982,0.8,0
logreg,lime,0.01,2,1077,0.8035087719298245,0.6,1
logreg,lime,0.01,2,1087,0.8280701754385964,1.0,1
logreg,lime,0.01,2,1092,0.7578947368421053,0.8,1
logreg,lime,0.01,2,1100,0.8035087719298245,1.0,0
logreg,lime,0.01,2,1112,0.8964912280701753,0.8,1
logreg,lime,0.01,2,1116,0.8140350877192982,0.8,1
logreg,lime,0.01,2,1119,0.8701754385964912,0.8,1
logreg,lime,0.01,2,1137,0.843859649122807,0.8,1
logreg,lime,0.01,2,1138,0.5350877192982456,0.6,1
logreg,lime,0.01,2,1151,0.8614035087719297,1.0,1
logreg,lime,0.01,2,1152,0.7403508771929824,0.8,1
logreg,lime,0.01,2,1160,0.8964912280701753,0.8,0
logreg,lime,0.01,2,1167,0.7614035087719299,0.6,1
logreg,lime,0.01,2,1187,0.5035087719298245,0.8,1
logreg,lime,0.01,2,1209,0.7087719298245614,0.8,1
logreg,lime,0.01,2,1214,0.8157894736842105,0.8,1
logreg,lime,0.01,2,1227,0.8280701754385964,0.6,0
logreg,lime,0.01,2,1237,0.9736842105263157,1.0,1
logreg,lime,0.01,2,1246,0.856140350877193,0.8,1
logreg,lime,0.01,2,1256,0.743859649122807,0.8,1
logreg,lime,0.01,2,1259,0.7052631578947368,1.0,1
logreg,lime,0.01,2,1299,0.8035087719298245,0.8,0
logreg,lime,0.01,2,1300,0.7017543859649124,0.6,1
logreg,lime,0.01,2,1309,0.8807017543859648,0.8,0
logreg,lime,0.01,2,1314,0.9210526315789472,0.8,0
logreg,lime,0.01,2,1316,0.7666666666666666,0.8,1
logreg,lime,0.01,2,1322,0.9175438596491228,1.0,1
logreg,lime,0.01,2,1339,0.9263157894736841,0.8,1
logreg,lime,0.01,2,1340,0.6807017543859648,1.0,1
logreg,lime,0.01,2,1343,0.8315789473684211,0.8,1
logreg,lime,0.01,2,1344,0.9368421052631579,1.0,1
logreg,lime,0.01,2,1348,0.4789473684210526,0.6,1
logreg,lime,0.01,2,1351,0.8508771929824561,0.8,1
logreg,lime,0.01,2,1354,0.7263157894736841,0.8,1
logreg,lime,0.01,2,1360,0.8596491228070176,1.0,0
logreg,lime,0.01,2,1368,0.7754385964912281,0.8,1
logreg,lime,0.01,2,1379,0.7894736842105263,0.8,1
logreg,lime,0.01,2,1383,0.7052631578947368,0.8,0
logreg,lime,0.01,2,1389,0.8754385964912281,0.8,0
logreg,lime,0.01,2,1392,0.9350877192982456,0.8,1
logreg,lime,0.01,2,1395,0.9035087719298246,0.8,1
logreg,lime,0.05,0,9,0.7859649122807018,0.8,1
logreg,lime,0.05,0,31,0.6210526315789473,0.8,1
logreg,lime,0.05,0,41,0.6228070175438596,0.8,0
logreg,lime,0.05,0,46,0.9140350877192982,0.8,1
logreg,lime,0.05,0,49,0.8210526315789475,0.6,1
logreg,lime,0.05,0,55,0.9385964912280702,0.8,1
logreg,lime,0.05,0,79,0.9315789473684211,1.0,1
logreg,lime,0.05,0,84,0.9,0.8,1
logreg,lime,0.05,0,97,0.7771929824561404,1.0,1
logreg,lime,0.05,0,104,0.7,0.8,1
logreg,lime,0.05,0,105,0.7228070175438598,1.0,1
logreg,lime,0.05,0,107,0.956140350877193,0.8,1
logreg,lime,0.05,0,114,0.856140350877193,1.0,1
logreg,lime,0.05,0,121,0.8964912280701753,0.6,1
logreg,lime,0.05,0,122,0.8736842105263157,1.0,1
logreg,lime,0.05,0,123,0.7649122807017543,1.0,1
logreg,lime,0.05,0,125,0.6912280701754386,0.4,1
logreg,lime,0.05,0,146,0.9192982456140351,1.0,1
logreg,lime,0.05,0,151,0.7210526315789473,0.8,1
logreg,lime,0.05,0,156,0.7649122807017543,0.8,0
logreg,lime,0.05,0,165,0.8964912280701753,0.8,1
logreg,lime,0.05,0,166,0.9456140350877192,1.0,1
logreg,lime,0.05,0,171,0.882456140350877,0.8,1
logreg,lime,0.05,0,182,0.4842105263157894,0.6,1
logreg,lime,0.05,0,184,0.7228070175438598,1.0,1
logreg,lime,0.05,0,194,0.8842105263157896,0.8,1
logreg,lime,0.05,0,205,0.6719298245614035,0.8,1
logreg,lime,0.05,0,206,0.4280701754385965,0.6,0
logreg,lime,0.05,0,211,0.8807017543859648,1.0,1
logreg,lime,0.05,0,223,0.9315789473684211,1.0,1
logreg,lime,0.05,0,224,0.8421052631578947,0.8,1
logreg,lime,0.05,0,229,0.8508771929824561,0.8,1
logreg,lime,0.05,0,231,0.7017543859649124,0.8,1
logreg,lime,0.05,0,241,0.8315789473684211,0.8,1
logreg,lime,0.05,0,244,0.8350877192982457,1.0,1
logreg,lime,0.05,0,261,0.44912280701754387,0.8,1
logreg,lime,0.05,0,281,0.6526315789473683,0.8,1
logreg,lime,0.05,0,289,0.8210526315789475,0.8,1
logreg,lime,0.05,0,291,0.8280701754385964,0.6,1
logreg,lime,0.05,0,311,0.9491228070175438,0.8,1
logreg,lime,0.05,0,316,0.8859649122807017,1.0,1
logreg,lime,0.05,0,325,0.6719298245614035,0.8,1
logreg,lime,0.05,0,332,0.780701754385965,0.6,0
logreg,lime,0.05,0,344,0.7719298245614035,1.0,1
logreg,lime,0.05,0,364,0.6438596491228071,0.8,1
logreg,lime,0.05,0,372,0.7754385964912281,1.0,1
logreg,lime,0.05,0,375,0.743859649122807,0.8,0
logreg,lime,0.05,0,381,0.7263157894736841,0.6,1
logreg,lime,0.05,0,398,0.6157894736842106,0.8,1
logreg,lime,0.05,0,403,0.8649122807017543,1.0,1
logreg,lime,0.05,0,407,0.9333333333333333,0.8,1
logreg,lime,0.05,0,414,0.8842105263157896,1.0,1
logreg,lime,0.05,0,420,0.9087719298245613,0.8,1
logreg,lime,0.05,0,423,0.863157894736842,1.0,1
logreg,lime,0.05,0,440,0.83859649122807,1.0,1
logreg,lime,0.05,0,442,0.856140350877193,0.8,1
logreg,lime,0.05,0,454,0.6807017543859648,0.8,1
logreg,lime,0.05,0,457,0.8263157894736841,0.8,1
logreg,lime,0.05,0,459,0.8771929824561402,0.8,0
logreg,lime,0.05,0,464,0.8596491228070176,1.0,1
logreg,lime,0.05,0,467,0.9333333333333333,0.8,1
logreg,lime,0.05,0,471,0.9017543859649122,0.8,1
logreg,lime,0.05,0,475,0.8175438596491227,0.8,1
logreg,lime,0.05,0,480,0.7771929824561404,1.0,1
logreg,lime,0.05,0,495,0.7280701754385965,0.8,0
logreg,lime,0.05,0,503,0.9017543859649122,0.8,1
logreg,lime,0.05,0,506,0.6859649122807018,0.8,1
logreg,lime,0.05,0,521,0.8315789473684211,0.8,1
logreg,lime,0.05,0,523,0.8350877192982457,0.6,0
logreg,lime,0.05,0,530,0.882456140350877,1.0,1
logreg,lime,0.05,0,547,0.9578947368421052,1.0,1
logreg,lime,0.05,0,551,0.8,1.0,1
logreg,lime,0.05,0,556,0.863157894736842,0.8,0
logreg,lime,0.05,0,558,0.7157894736842104,0.6,1
logreg,lime,0.05,0,559,0.9122807017543859,0.8,1
logreg,lime,0.05,0,562,0.7421052631578948,0.8,1
logreg,lime,0.05,0,564,0.7614035087719299,1.0,1
logreg,lime,0.05,0,572,0.8947368421052632,0.8,1
logreg,lime,0.05,0,582,0.8596491228070176,0.8,1
logreg,lime,0.05,0,587,0.7578947368421053,0.8,1
logreg,lime,0.05,0,590,0.8140350877192982,0.8,1
logreg,lime,0.05,0,591,0.8421052631578947,0.8,1
logreg,lime,0.05,0,598,0.5280701754385965,0.8,1
logreg,lime,0.05,0,605,0.8807017543859648,1.0,0
logreg,lime,0.05,0,609,0.5473684210526315,0.8,1
logreg,lime,0.05,0,613,0.7210526315789473,1.0,1
logreg,lime,0.05,0,619,0.7964912280701755,0.8,1
logreg,lime,0.05,0,620,0.8245614035087718,0.8,1
logreg,lime,0.05,0,626,0.9403508771929823,0.6,1
logreg,lime,0.05,0,627,0.863157894736842,1.0,1
logreg,lime,0.05,0,637,0.5912280701754385,0.8,1
logreg,lime,0.05,0,640,0.6982456140350877,0.8,1
logreg,lime,0.05,0,667,0.9,0.8,1
logreg,lime,0.05,0,673,0.8210526315789475,0.8,1
logreg,lime,0.05,0,687,0.8929824561403509,0.8,1
logreg,lime,0.05,0,688,0.7736842105263159,0.6,0
logreg,lime,0.05,0,689,0.8403508771929825,1.0,1
logreg,lime,0.05,0,690,0.6754385964912282,1.0,1
logreg,lime,0.05,0,693,0.7982456140350876,0.8,1
logreg,lime,0.05,0,724,0.9228070175438597,0.8,1
logreg,lime,0.05,0,732,0.8,1.0,1
logreg,lime,0.05,0,740,0.7175438596491229,0.8,1
logreg,lime,0.05,0,748,0.9105263157894736,1.0,1
logreg,lime,0.05,0,751,0.6175438596491227,0.6,1
logreg,lime,0.05,0,752,0.863157894736842,0.8,1
logreg,lime,0.05,0,755,0.7175438596491229,0.8,1
logreg,lime,0.05,0,759,0.8789473684210527,1.0,1
logreg,lime,0.05,0,766,0.9175438596491228,0.8,1
logreg,lime,0.05,0,786,0.8719298245614034,0.8,1
logreg,lime,0.05,0,790,0.9473684210526316,1.0,1
logreg,lime,0.05,0,792,0.612280701754386,1.0,1
logreg,lime,0.05,0,809,0.9578947368421052,0.8,1
logreg,lime,0.05,0,812,0.9192982456140351,0.8,1
logreg,lime,0.05,0,830,0.8912280701754386,0.8,1
logreg,lime,0.05,0,845,0.5982456140350877,0.8,1
logreg,lime,0.05,0,847,0.843859649122807,0.8,1
logreg,lime,0.05,0,848,0.5087719298245614,0.6,1
logreg,lime,0.05,0,850,0.9508771929824561,0.8,1
logreg,lime,0.05,0,860,0.9315789473684211,0.8,1
logreg,lime,0.05,0,864,0.7333333333333334,0.6,1
logreg,lime,0.05,0,869,0.9596491228070174,0.8,1
logreg,lime,0.05,0,872,0.8912280701754386,0.8,1
logreg,lime,0.05,0,874,0.7333333333333334,1.0,1
logreg,lime,0.05,0,875,0.8754385964912281,0.8,1
logreg,lime,0.05,0,878,0.9385964912280702,1.0,1
logreg,lime,0.05,0,880,0.843859649122807,1.0,1
logreg,lime,0.05,0,886,0.7894736842105263,0.8,0
logreg,lime,0.05,0,889,0.9087719298245613,0.8,1
logreg,lime,0.05,0,896,0.8807017543859648,0.8,1
logreg,lime,0.05,0,900,0.7228070175438598,0.8,0
logreg,lime,0.05,0,904,0.5754385964912281,0.6,1
logreg,lime,0.05,0,908,0.9175438596491228,0.8,1
logreg,lime,0.05,0,927,0.943859649122807,0.8,1
logreg,lime,0.05,0,934,0.8859649122807017,0.8,1
logreg,lime,0.05,0,939,0.8315789473684211,1.0,0
logreg,lime,0.05,0,943,0.8122807017543859,1.0,1
logreg,lime,0.05,0,945,0.6789473684210526,0.8,1
logreg,lime,0.05,0,954,0.8929824561403509,1.0,1
logreg,lime,0.05,0,959,0.8491228070175438,0.6,1
logreg,lime,0.05,0,961,0.8473684210526315,0.8,1
logreg,lime,0.05,0,967,0.687719298245614,0.6,1
logreg,lime,0.05,0,976,0.8456140350877193,0.8,0
logreg,lime,0.05,0,990,0.8157894736842105,0.8,1
logreg,lime,0.05,0,993,0.7105263157894737,1.0,1
logreg,lime,0.05,0,996,0.7298245614035088,0.8,1
logreg,lime,0.05,0,1014,0.5508771929824561,0.8,1
logreg,lime,0.05,0,1015,0.7473684210526316,0.8,1
logreg,lime,0.05,0,1019,0.8087719298245614,1.0,1
logreg,lime,0.05,0,1023,0.8087719298245614,0.6,1
logreg,lime,0.05,0,1027,0.6649122807017543,0.8,0
logreg,lime,0.05,0,1028,0.47719298245614034,0.8,1
logreg,lime,0.05,0,1031,0.9245614035087718,0.8,1
logreg,lime,0.05,0,1039,0.9280701754385964,1.0,1
logreg,lime,0.05,0,1043,0.8228070175438595,1.0,1
logreg,lime,0.05,0,1052,0.7070175438596492,0.8,1
logreg,lime,0.05,0,1063,0.8929824561403509,1.0,0
logreg,lime,0.05,0,1065,0.7508771929824561,1.0,1
logreg,lime,0.05,0,1070,0.9210526315789472,1.0,1
logreg,lime,0.05,0,1073,0.843859649122807,0.8,0
logreg,lime,0.05,0,1077,0.8789473684210527,0.8,0
logreg,lime,0.05,0,1087,0.6719298245614035,0.8,1
logreg,lime,0.05,0,1092,0.7263157894736841,0.6,1
logreg,lime,0.05,0,1100,0.8666666666666666,0.8,1
logreg,lime,0.05,0,1112,0.8614035087719297,0.8,1
logreg,lime,0.05,0,1116,0.45789473684210524,0.6,0
logreg,lime,0.05,0,1119,0.8508771929824561,0.8,1
logreg,lime,0.05,0,1137,0.8666666666666666,0.8,0
logreg,lime,0.05,0,1138,0.7771929824561404,1.0,1
logreg,lime,0.05,0,1151,0.8105263157894737,1.0,1
logreg,lime,0.05,0,1152,0.7859649122807018,0.8,1
logreg,lime,0.05,0,1160,0.8614035087719297,0.8,0
logreg,lime,0.05,0,1167,0.5631578947368421,0.6,0
logreg,lime,0.05,0,1187,0.6263157894736843,1.0,1
logreg,lime,0.05,0,1209,0.6578947368421053,0.8,1
logreg,lime,0.05,0,1214,0.9315789473684211,0.8,1
logreg,lime,0.05,0,1227,0.5719298245614035,0.6,1
logreg,lime,0.05,0,1237,0.9175438596491228,1.0,1
logreg,lime,0.05,0,1246,0.5964912280701754,0.8,0
logreg,lime,0.05,0,1256,0.7701754385964912,0.8,0
logreg,lime,0.05,0,1259,0.531578947368421,0.8,1
logreg,lime,0.05,0,1299,0.8526315789473684,0.8,1
logreg,lime,0.05,0,1300,0.7280701754385965,0.8,0
logreg,lime,0.05,0,1309,0.843859649122807,0.8,1
logreg,lime,0.05,0,1314,0.887719298245614,0.8,0
logreg,lime,0.05,0,1316,0.8614035087719297,1.0,1
logreg,lime,0.05,0,1322,0.8789473684210527,0.8,1
logreg,lime,0.05,0,1339,0.8982456140350877,0.8,1
logreg,lime,0.05,0,1340,0.8228070175438595,0.8,1
logreg,lime,0.05,0,1343,0.8736842105263157,0.8,0
logreg,lime,0.05,0,1344,0.9052631578947368,0.8,1
logreg,lime,0.05,0,1348,0.6631578947368422,0.8,1
logreg,lime,0.05,0,1351,0.9368421052631579,0.8,1
logreg,lime,0.05,0,1354,0.8315789473684211,1.0,1
logreg,lime,0.05,0,1360,0.9210526315789472,1.0,0
logreg,lime,0.05,0,1368,0.9035087719298246,1.0,1
logreg,lime,0.05,0,1379,0.6561403508771929,0.8,0
logreg,lime,0.05,0,1383,0.6947368421052632,0.8,0
logreg,lime,0.05,0,1389,0.9228070175438597,0.8,1
logreg,lime,0.05,0,1392,0.8701754385964912,0.8,0
logreg,lime,0.05,0,1395,0.9140350877192982,0.8,1
logreg,lime,0.05,1,9,0.6719298245614035,0.8,1
logreg,lime,0.05,1,31,0.41052631578947374,0.8,1
logreg,lime,0.05,1,41,0.763157894736842,0.8,1
logreg,lime,0.05,1,46,0.8491228070175438,0.8,1
logreg,lime,0.05,1,49,0.9140350877192982,0.8,1
logreg,lime,0.05,1,55,0.8929824561403509,0.8,1
logreg,lime,0.05,1,79,0.9350877192982456,1.0,1
logreg,lime,0.05,1,84,0.8894736842105263,0.8,0
logreg,lime,0.05,1,97,0.863157894736842,1.0,1
logreg,lime,0.05,1,104,0.8280701754385964,0.8,1
logreg,lime,0.05,1,105,0.712280701754386,1.0,1
logreg,lime,0.05,1,107,0.9350877192982456,1.0,1
logreg,lime,0.05,1,114,0.8912280701754386,0.8,1
logreg,lime,0.05,1,121,0.8789473684210527,0.8,1
logreg,lime,0.05,1,122,0.7649122807017543,0.8,1
logreg,lime,0.05,1,123,0.6929824561403508,0.8,1
logreg,lime,0.05,1,125,0.5473684210526315,0.8,1
logreg,lime,0.05,1,146,0.8175438596491227,1.0,1
logreg,lime,0.05,1,151,0.787719298245614,0.8,1
logreg,lime,0.05,1,156,0.512280701754386,1.0,0
logreg,lime,0.05,1,165,0.863157894736842,0.8,1
logreg,lime,0.05,1,166,0.8403508771929825,0.8,1
logreg,lime,0.05,1,171,0.9105263157894736,1.0,1
logreg,lime,0.05,1,182,0.6140350877192983,0.8,1
logreg,lime,0.05,1,184,0.6842105263157895,0.8,1
logreg,lime,0.05,1,194,0.8315789473684211,0.8,1
logreg,lime,0.05,1,205,0.49473684210526314,0.8,1
logreg,lime,0.05,1,206,0.49473684210526314,0.6,1
logreg,lime,0.05,1,211,0.9,1.0,0
logreg,lime,0.05,1,223,0.8578947368421052,0.8,0
logreg,lime,0.05,1,224,0.7614035087719299,0.8,1
logreg,lime,0.05,1,229,0.9140350877192982,0.8,0
logreg,lime,0.05,1,231,0.6526315789473683,0.6,1
logreg,lime,0.05,1,241,0.882456140350877,0.8,1
logreg,lime,0.05,1,244,0.9333333333333333,1.0,1
logreg,lime,0.05,1,261,0.6649122807017543,0.8,1
logreg,lime,0.05,1,281,0.7719298245614035,0.8,1
logreg,lime,0.05,1,289,0.8456140350877193,0.8,1
logreg,lime,0.05,1,291,0.8807017543859648,0.6,1
logreg,lime,0.05,1,311,0.9456140350877192,0.8,1
logreg,lime,0.05,1,316,0.8315789473684211,1.0,1
logreg,lime,0.05,1,325,0.7824561403508771,0.8,1
logreg,lime,0.05,1,332,0.6684210526315789,0.8,0
logreg,lime,0.05,1,344,0.7087719298245614,0.8,1
logreg,lime,0.05,1,364,0.6175438596491227,1.0,0
logreg,lime,0.05,1,372,0.8526315789473684,0.8,1
logreg,lime,0.05,1,375,0.7105263157894737,0.8,1
logreg,lime,0.05,1,381,0.7824561403508771,0.8,1
logreg,lime,0.05,1,398,0.6929824561403508,0.8,1
logreg,lime,0.05,1,403,0.9280701754385964,0.6,1
logreg,lime,0.05,1,407,0.9333333333333333,0.8,1
logreg,lime,0.05,1,414,0.8701754385964912,1.0,1
logreg,lime,0.05,1,420,0.9368421052631579,0.8,1
logreg,lime,0.05,1,423,0.8596491228070176,1.0,1
logreg,lime,0.05,1,440,0.943859649122807,0.8,1
logreg,lime,0.05,1,442,0.9245614035087718,0.8,1
logreg,lime,0.05,1,454,0.6368421052631579,0.8,1
logreg,lime,0.05,1,457,0.819298245614035,0.8,1
logreg,lime,0.05,1,459,0.7859649122807018,0.8,1
logreg,lime,0.05,1,464,0.9087719298245613,1.0,1
logreg,lime,0.05,1,467,0.9526315789473684,1.0,1
logreg,lime,0.05,1,471,0.8982456140350877,0.8,1
logreg,lime,0.05,1,475,0.6684210526315789,0.8,1
logreg,lime,0.05,1,480,0.9,0.8,1
logreg,lime,0.05,1,495,0.8087719298245614,0.6,1
logreg,lime,0.05,1,503,0.8263157894736841,0.8,1
logreg,lime,0.05,1,506,0.39824561403508774,0.8,1
logreg,lime,0.05,1,521,0.9403508771929823,1.0,1
logreg,lime,0.05,1,523,0.8368421052631579,0.8,0
logreg,lime,0.05,1,530,0.9245614035087718,0.8,1
logreg,lime,0.05,1,547,0.9385964912280702,0.8,1
logreg,lime,0.05,1,551,0.9122807017543859,1.0,1
logreg,lime,0.05,1,556,0.8789473684210527,0.8,0
logreg,lime,0.05,1,558,0.6736842105263158,0.8,1
logreg,lime,0.05,1,559,0.8508771929824561,0.8,1
logreg,lime,0.05,1,562,0.512280701754386,0.6,1
logreg,lime,0.05,1,564,0.9087719298245613,0.8,1
logreg,lime,0.05,1,572,0.8947368421052632,0.8,1
logreg,lime,0.05,1,582,0.8263157894736841,1.0,1
logreg,lime,0.05,1,587,0.7105263157894737,0.6,1
logreg,lime,0.05,1,590,0.9280701754385964,1.0,1
logreg,lime,0.05,1,591,0.8175438596491227,0.8,1
logreg,lime,0.05,1,598,0.6491228070175438,0.8,1
logreg,lime,0.05,1,605,0.7719298245614035,1.0,1
logreg,lime,0.05,1,609,0.5666666666666667,1.0,1
logreg,lime,0.05,1,613,0.7859649122807018,1.0,1
logreg,lime,0.05,1,619,0.8140350877192982,0.8,1
logreg,lime,0.05,1,620,0.8964912280701753,0.8,1
logreg,lime,0.05,1,626,0.9631578947368421,0.8,1
logreg,lime,0.05,1,627,0.863157894736842,1.0,1
logreg,lime,0.05,1,637,0.6456140350877193,0.6,1
logreg,lime,0.05,1,640,0.8280701754385964,0.8,1
logreg,lime,0.05,1,667,0.8140350877192982,0.8,1
logreg,lime,0.05,1,673,0.7736842105263159,0.8,1
logreg,lime,0.05,1,687,0.7175438596491229,0.8,0
logreg,lime,0.05,1,688,0.8140350877192982,0.8,0
logreg,lime,0.05,1,689,0.8614035087719297,0.8,1
logreg,lime,0.05,1,690,0.6000000000000001,0.8,1
logreg,lime,0.05,1,693,0.887719298245614,0.8,1
logreg,lime,0.05,1,724,0.6403508771929824,0.8,1
logreg,lime,0.05,1,732,0.7929824561403509,0.8,0
logreg,lime,0.05,1,740,0.6421052631578947,1.0,1
logreg,lime,0.05,1,748,0.8929824561403509,1.0,1
logreg,lime,0.05,1,751,0.719298245614035,0.6,1
logreg,lime,0.05,1,752,0.9315789473684211,0.8,1
logreg,lime,0.05,1,755,0.7842105263157895,1.0,1
logreg,lime,0.05,1,759,0.8736842105263157,0.8,1
logreg,lime,0.05,1,766,0.8964912280701753,0.8,1
logreg,lime,0.05,1,786,0.6789473684210526,0.8,1
logreg,lime,0.05,1,790,0.9052631578947368,1.0,1
logreg,lime,0.05,1,792,0.7912280701754386,1.0,1
logreg,lime,0.05,1,809,0.8649122807017543,0.6,1
logreg,lime,0.05,1,812,0.9105263157894736,0.8,1
logreg,lime,0.05,1,830,0.9333333333333333,1.0,1
logreg,lime,0.05,1,845,0.5894736842105263,0.8,1
logreg,lime,0.05,1,847,0.8210526315789475,0.8,1
logreg,lime,0.05,1,848,0.5982456140350877,0.8,1
logreg,lime,0.05,1,850,0.8157894736842105,0.8,0
logreg,lime,0.05,1,860,0.9052631578947368,1.0,1
logreg,lime,0.05,1,864,0.8578947368421052,0.8,1
logreg,lime,0.05,1,869,0.8736842105263157,0.6,1
logreg,lime,0.05,1,872,0.9315789473684211,0.8,1
logreg,lime,0.05,1,874,0.7684210526315789,1.0,1
logreg,lime,0.05,1,875,0.8228070175438595,0.8,1
logreg,lime,0.05,1,878,0.9157894736842105,0.8,1
logreg,lime,0.05,1,880,0.7263157894736841,0.8,1
logreg,lime,0.05,1,886,0.9087719298245613,0.8,0
logreg,lime,0.05,1,889,0.9175438596491228,0.8,1
logreg,lime,0.05,1,896,0.9017543859649122,0.8,1
logreg,lime,0.05,1,900,0.8245614035087718,0.8,0
logreg,lime,0.05,1,904,0.5017543859649122,0.6,1
logreg,lime,0.05,1,908,0.9421052631578948,0.8,1
logreg,lime,0.05,1,927,0.9385964912280702,0.8,1
logreg,lime,0.05,1,934,0.9298245614035087,1.0,1
logreg,lime,0.05,1,939,0.8368421052631579,0.8,1
logreg,lime,0.05,1,943,0.8210526315789475,0.8,1
logreg,lime,0.05,1,945,0.780701754385965,0.8,1
logreg,lime,0.05,1,954,0.8403508771929825,0.8,1
logreg,lime,0.05,1,959,0.9017543859649122,0.8,1
logreg,lime,0.05,1,961,0.7912280701754386,0.8,1
logreg,lime,0.05,1,967,0.7035087719298245,0.6,1
logreg,lime,0.05,1,976,0.8403508771929825,1.0,0
logreg,lime,0.05,1,990,0.7929824561403509,0.8,1
logreg,lime,0.05,1,993,0.6333333333333333,1.0,1
logreg,lime,0.05,1,996,0.7596491228070175,1.0,1
logreg,lime,0.05,1,1014,0.512280701754386,0.8,1
logreg,lime,0.05,1,1015,0.7526315789473684,0.8,1
logreg,lime,0.05,1,1019,0.8403508771929825,1.0,1
logreg,lime,0.05,1,1023,0.6631578947368422,0.6,1
logreg,lime,0.05,1,1027,0.8245614035087718,0.8,0
logreg,lime,0.05,1,1028,0.5596491228070175,0.8,1
logreg,lime,0.05,1,1031,0.8070175438596491,0.8,1
logreg,lime,0.05,1,1039,0.8526315789473684,0.6,1
logreg,lime,0.05,1,1043,0.9333333333333333,0.8,1
logreg,lime,0.05,1,1052,0.8456140350877193,1.0,1
logreg,lime,0.05,1,1063,0.8859649122807017,0.8,1
logreg,lime,0.05,1,1065,0.7842105263157895,1.0,1
logreg,lime,0.05,1,1070,0.8947368421052632,0.8,1
logreg,lime,0.05,1,1073,0.8105263157894737,1.0,1
logreg,lime,0.05,1,1077,0.882456140350877,0.8,1
logreg,lime,0.05,1,1087,0.7719298245614035,0.8,1
logreg,lime,0.05,1,1092,0.5368421052631579,0.8,1
logreg,lime,0.05,1,1100,0.8578947368421052,1.0,0
logreg,lime,0.05,1,1112,0.8982456140350877,0.8,1
logreg,lime,0.05,1,1116,0.6649122807017543,0.6,1
logreg,lime,0.05,1,1119,0.8701754385964912,1.0,1
logreg,lime,0.05,1,1137,0.8614035087719297,0.8,0
logreg,lime,0.05,1,1138,0.5982456140350877,0.8,1
logreg,lime,0.05,1,1151,0.8771929824561402,0.8,0
logreg,lime,0.05,1,1152,0.7333333333333334,0.8,1
logreg,lime,0.05,1,1160,0.7105263157894737,0.6,0
logreg,lime,0.05,1,1167,0.6087719298245614,0.8,1
logreg,lime,0.05,1,1187,0.6508771929824562,0.8,1
logreg,lime,0.05,1,1209,0.8140350877192982,0.8,1
logreg,lime,0.05,1,1214,0.763157894736842,0.8,1
logreg,lime,0.05,1,1227,0.7596491228070175,0.8,1
logreg,lime,0.05,1,1237,0.9017543859649122,1.0,1
logreg,lime,0.05,1,1246,0.7771929824561404,1.0,1
logreg,lime,0.05,1,1256,0.5929824561403508,0.8,0
logreg,lime,0.05,1,1259,0.7736842105263159,0.8,1
logreg,lime,0.05,1,1299,0.8087719298245614,0.8,0
logreg,lime,0.05,1,1300,0.8614035087719297,0.8,1
logreg,lime,0.05,1,1309,0.8842105263157896,0.8,0
logreg,lime,0.05,1,1314,0.6824561403508772,0.8,0
logreg,lime,0.05,1,1316,0.9263157894736841,0.8,1
logreg,lime,0.05,1,1322,0.8736842105263157,1.0,1
logreg,lime,0.05,1,1339,0.9087719298245613,0.6,1
logreg,lime,0.05,1,1340,0.8736842105263157,1.0,1
logreg,lime,0.05,1,1343,0.819298245614035,0.8,0
logreg,lime,0.05,1,1344,0.8912280701754386,1.0,1
logreg,lime,0.05,1,1348,0.3140350877192983,0.6,1
logreg,lime,0.05,1,1351,0.8649122807017543,0.8,1
logreg,lime,0.05,1,1354,0.8456140350877193,0.8,1
logreg,lime,0.05,1,1360,0.9473684210526316,0.8,0
logreg,lime,0.05,1,1368,0.4859649122807017,0.8,0
logreg,lime,0.05,1,1379,0.719298245614035,1.0,1
logreg,lime,0.05,1,1383,0.8017543859649122,0.8,0
logreg,lime,0.05,1,1389,0.8526315789473684,0.8,1
logreg,lime,0.05,1,1392,0.8596491228070176,0.8,1
logreg,lime,0.05,1,1395,0.7771929824561404,0.8,1
logreg,lime,0.05,2,9,0.8017543859649122,0.8,1
logreg,lime,0.05,2,31,0.5894736842105263,0.8,1
logreg,lime,0.05,2,41,0.787719298245614,0.8,0
logreg,lime,0.05,2,46,0.8614035087719297,0.8,0
logreg,lime,0.05,2,49,0.8508771929824561,0.8,1
logreg,lime,0.05,2,55,0.8894736842105263,1.0,1
logreg,lime,0.05,2,79,0.8929824561403509,1.0,1
logreg,lime,0.05,2,84,0.9105263157894736,0.8,1
logreg,lime,0.05,2,97,0.8754385964912281,0.8,1
logreg,lime,0.05,2,104,0.6912280701754386,0.8,1
logreg,lime,0.05,2,105,0.856140350877193,1.0,1
logreg,lime,0.05,2,107,0.943859649122807,1.0,1
logreg,lime,0.05,2,114,0.9,1.0,1
logreg,lime,0.05,2,121,0.8140350877192982,0.8,0
logreg,lime,0.05,2,122,0.8842105263157896,0.8,1
logreg,lime,0.05,2,123,0.7315789473684211,1.0,1
logreg,lime,0.05,2,125,0.8052631578947368,0.6,1
logreg,lime,0.05,2,146,0.8754385964912281,0.8,1
logreg,lime,0.05,2,151,0.8596491228070176,0.8,1
logreg,lime,0.05,2,156,0.8421052631578947,1.0,1
logreg,lime,0.05,2,165,0.887719298245614,1.0,1
logreg,lime,0.05,2,166,0.9105263157894736,0.8,1
logreg,lime,0.05,2,171,0.863157894736842,1.0,1
logreg,lime,0.05,2,182,0.6035087719298246,0.8,1
logreg,lime,0.05,2,184,0.8070175438596491,1.0,1
logreg,lime,0.05,2,194,0.8140350877192982,0.6,1
logreg,lime,0.05,2,205,0.7929824561403509,0.8,0
logreg,lime,0.05,2,206,0.4859649122807017,0.8,1
logreg,lime,0.05,2,211,0.9105263157894736,1.0,1
logreg,lime,0.05,2,223,0.9210526315789472,0.8,0
logreg,lime,0.05,2,224,0.6491228070175438,0.8,1
logreg,lime,0.05,2,229,0.9368421052631579,0.8,1
logreg,lime,0.05,2,231,0.7421052631578948,0.6,1
logreg,lime,0.05,2,241,0.9070175438596491,0.8,1
logreg,lime,0.05,2,244,0.8754385964912281,0.8,1
logreg,lime,0.05,2,261,0.49473684210526314,1.0,1
logreg,lime,0.05,2,281,0.7157894736842104,0.8,1
logreg,lime,0.05,2,289,0.8491228070175438,0.8,1
logreg,lime,0.05,2,291,0.8982456140350877,0.6,1
logreg,lime,0.05,2,311,0.9315789473684211,0.8,1
logreg,lime,0.05,2,316,0.819298245614035,0.8,1
logreg,lime,0.05,2,325,0.8894736842105263,0.8,1
logreg,lime,0.05,2,332,0.787719298245614,0.8,1
logreg,lime,0.05,2,344,0.7245614035087719,0.8,1
logreg,lime,0.05,2,364,0.6947368421052632,0.8,1
logreg,lime,0.05,2,372,0.8157894736842105,1.0,1
logreg,lime,0.05,2,375,0.6736842105263158,0.8,1
logreg,lime,0.05,2,381,0.856140350877193,0.8,1
logreg,lime,0.05,2,398,0.5175438596491229,0.8,1
logreg,lime,0.05,2,403,0.9719298245614034,0.8,1
logreg,lime,0.05,2,407,0.9087719298245613,0.8,1
logreg,lime,0.05,2,414,0.7894736842105263,1.0,1
logreg,lime,0.05,2,420,0.9228070175438597,0.8,1
logreg,lime,0.05,2,423,0.8649122807017543,1.0,1
logreg,lime,0.05,2,440,0.856140350877193,0.8,1
logreg,lime,0.05,2,442,0.8526315789473684,0.6,1
logreg,lime,0.05,2,454,0.5719298245614035,0.6,1
logreg,lime,0.05,2,457,0.8157894736842105,0.4,1
logreg,lime,0.05,2,459,0.8614035087719297,0.6,1
logreg,lime,0.05,2,464,0.9649122807017543,1.0,1
logreg,lime,0.05,2,467,0.9631578947368421,1.0,1
logreg,lime,0.05,2,471,0.8614035087719297,0.8,1
logreg,lime,0.05,2,475,0.6666666666666666,0.8,1
logreg,lime,0.05,2,480,0.8350877192982457,1.0,1
logreg,lime,0.05,2,495,0.9017543859649122,1.0,1
logreg,lime,0.05,2,503,0.83859649122807,0.8,1
logreg,lime,0.05,2,506,0.6964912280701754,1.0,0
logreg,lime,0.05,2,521,0.9543859649122807,0.8,1
logreg,lime,0.05,2,523,0.7771929824561404,0.8,0
logreg,lime,0.05,2,530,0.8929824561403509,0.8,1
logreg,lime,0.05,2,547,0.9473684210526316,0.8,1
logreg,lime,0.05,2,551,0.7666666666666666,1.0,1
logreg,lime,0.05,2,556,0.8052631578947368,0.8,1
logreg,lime,0.05,2,558,0.6912280701754386,0.8,1
logreg,lime,0.05,2,559,0.8614035087719297,0.8,1
logreg,lime,0.05,2,562,0.7771929824561404,0.8,1
logreg,lime,0.05,2,564,0.882456140350877,1.0,1
logreg,lime,0.05,2,572,0.9,0.8,1
logreg,lime,0.05,2,582,0.863157894736842,1.0,1
logreg,lime,0.05,2,587,0.6754385964912282,0.8,1
logreg,lime,0.05,2,590,0.8982456140350877,0.8,1
logreg,lime,0.05,2,591,0.8263157894736841,0.8,1
logreg,lime,0.05,2,598,0.7210526315789473,0.8,1
logreg,lime,0.05,2,605,0.7333333333333334,1.0,1
logreg,lime,0.05,2,609,0.5070175438596491,1.0,1
logreg,lime,0.05,2,613,0.8263157894736841,1.0,1
logreg,lime,0.05,2,619,0.5578947368421052,0.8,0
logreg,lime,0.05,2,620,0.8526315789473684,0.8,1
logreg,lime,0.05,2,626,0.882456140350877,0.8,1
logreg,lime,0.05,2,627,0.8035087719298245,1.0,1
logreg,lime,0.05,2,637,0.6666666666666666,1.0,1
logreg,lime,0.05,2,640,0.6947368421052632,0.8,1
logreg,lime,0.05,2,667,0.9,0.8,1
logreg,lime,0.05,2,673,0.9017543859649122,0.8,1
logreg,lime,0.05,2,687,0.7421052631578948,0.8,0
logreg,lime,0.05,2,688,0.7894736842105263,0.8,0
logreg,lime,0.05,2,689,0.9298245614035087,0.8,1
logreg,lime,0.05,2,690,0.7456140350877193,0.8,1
logreg,lime,0.05,2,693,0.9052631578947368,1.0,1
logreg,lime,0.05,2,724,0.5859649122807017,0.8,1
logreg,lime,0.05,2,732,0.8105263157894737,1.0,1
logreg,lime,0.05,2,740,0.6192982456140351,1.0,1
logreg,lime,0.05,2,748,0.9087719298245613,1.0,1
logreg,lime,0.05,2,751,0.6543859649122807,0.6,1
logreg,lime,0.05,2,752,0.9280701754385964,0.8,1
logreg,lime,0.05,2,755,0.7666666666666666,0.8,1
logreg,lime,0.05,2,759,0.7456140350877193,1.0,1
logreg,lime,0.05,2,766,0.9122807017543859,0.8,1
logreg,lime,0.05,2,786,0.8403508771929825,0.8,1
logreg,lime,0.05,2,790,0.9245614035087718,1.0,1
logreg,lime,0.05,2,792,0.7964912280701755,1.0,1
logreg,lime,0.05,2,809,0.8491228070175438,0.6,1
logreg,lime,0.05,2,812,0.9298245614035087,0.8,1
logreg,lime,0.05,2,830,0.8614035087719297,0.8,1
logreg,lime,0.05,2,845,0.8140350877192982,0.8,1
logreg,lime,0.05,2,847,0.9035087719298246,0.8,1
logreg,lime,0.05,2,848,0.7,1.0,1
logreg,lime,0.05,2,850,0.8596491228070176,0.8,0
logreg,lime,0.05,2,860,0.9052631578947368,0.8,1
logreg,lime,0.05,2,864,0.7684210526315789,0.8,1
logreg,lime,0.05,2,869,0.9035087719298246,0.8,1
logreg,lime,0.05,2,872,0.9175438596491228,0.8,1
logreg,lime,0.05,2,874,0.8596491228070176,1.0,1
logreg,lime,0.05,2,875,0.8087719298245614,1.0,1
logreg,lime,0.05,2,878,0.9035087719298246,1.0,1
logreg,lime,0.05,2,880,0.7929824561403509,0.8,1
logreg,lime,0.05,2,886,0.7385964912280703,0.6,0
logreg,lime,0.05,2,889,0.8350877192982457,0.8,1
logreg,lime,0.05,2,896,0.8859649122807017,0.8,1
logreg,lime,0.05,2,900,0.7614035087719299,0.8,0
logreg,lime,0.05,2,904,0.4473684210526316,0.6,1
logreg,lime,0.05,2,908,0.9175438596491228,0.8,1
logreg,lime,0.05,2,927,0.9385964912280702,0.8,1
logreg,lime,0.05,2,934,0.943859649122807,0.8,1
logreg,lime,0.05,2,939,0.9,1.0,1
logreg,lime,0.05,2,943,0.6403508771929824,0.6,1
logreg,lime,0.05,2,945,0.7596491228070175,1.0,1
logreg,lime,0.05,2,954,0.9421052631578948,0.8,1
logreg,lime,0.05,2,959,0.8596491228070176,0.6,1
logreg,lime,0.05,2,961,0.8140350877192982,0.8,1
logreg,lime,0.05,2,967,0.6298245614035087,0.8,1
logreg,lime,0.05,2,976,0.9017543859649122,0.6,0
logreg,lime,0.05,2,990,0.8350877192982457,0.8,1
logreg,lime,0.05,2,993,0.7087719298245614,1.0,1
logreg,lime,0.05,2,996,0.5052631578947369,0.6,1
logreg,lime,0.05,2,1014,0.7157894736842104,0.8,1
logreg,lime,0.05,2,1015,0.4964912280701754,0.6,0
logreg,lime,0.05,2,1019,0.8491228070175438,1.0,1
logreg,lime,0.05,2,1023,0.7894736842105263,0.6,1
logreg,lime,0.05,2,1027,0.8491228070175438,0.8,0
logreg,lime,0.05,2,1028,0.24912280701754386,0.8,1
logreg,lime,0.05,2,1031,0.756140350877193,1.0,1
logreg,lime,0.05,2,1039,0.9456140350877192,1.0,1
logreg,lime,0.05,2,1043,0.819298245614035,0.8,1
logreg,lime,0.05,2,1052,0.756140350877193,0.8,1
logreg,lime,0.05,2,1063,0.9280701754385964,1.0,0
logreg,lime,0.05,2,1065,0.8929824561403509,0.8,1
logreg,lime,0.05,2,1070,0.9263157894736841,0.8,1
logreg,lime,0.05,2,1073,0.7228070175438598,0.8,1
logreg,lime,0.05,2,1077,0.8649122807017543,0.6,1
logreg,lime,0.05,2,1087,0.6491228070175438,0.8,1
logreg,lime,0.05,2,1092,0.5456140350877193,0.6,1
logreg,lime,0.05,2,1100,0.9035087719298246,0.8,1
logreg,lime,0.05,2,1112,0.9456140350877192,0.8,1
logreg,lime,0.05,2,1116,0.7315789473684211,0.8,0
logreg,lime,0.05,2,1119,0.9263157894736841,1.0,1
logreg,lime,0.05,2,1137,0.9385964912280702,0.8,1
logreg,lime,0.05,2,1138,0.32807017543859646,0.8,1
logreg,lime,0.05,2,1151,0.8052631578947368,1.0,0
logreg,lime,0.05,2,1152,0.8421052631578947,0.8,1
logreg,lime,0.05,2,1160,0.8228070175438595,0.8,0
logreg,lime,0.05,2,1167,0.46842105263157896,0.6,1
logreg,lime,0.05,2,1187,0.7210526315789473,1.0,1
logreg,lime,0.05,2,1209,0.7526315789473684,0.8,1
logreg,lime,0.05,2,1214,0.431578947368421,0.6,1
logreg,lime,0.05,2,1227,0.7736842105263159,0.8,0
logreg,lime,0.05,2,1237,0.8842105263157896,1.0,1
logreg,lime,0.05,2,1246,0.6298245614035087,0.8,1
logreg,lime,0.05,2,1256,0.736842105263158,0.8,1
logreg,lime,0.05,2,1259,0.7964912280701755,1.0,1
logreg,lime,0.05,2,1299,0.7070175438596492,0.6,0
logreg,lime,0.05,2,1300,0.6807017543859648,0.6,0
logreg,lime,0.05,2,1309,0.8614035087719297,1.0,0
logreg,lime,0.05,2,1314,0.8719298245614034,0.8,1
logreg,lime,0.05,2,1316,0.9280701754385964,0.8,1
logreg,lime,0.05,2,1322,0.8649122807017543,1.0,1
logreg,lime,0.05,2,1339,0.8912280701754386,0.8,1
logreg,lime,0.05,2,1340,0.7614035087719299,1.0,1
logreg,lime,0.05,2,1343,0.7736842105263159,0.8,0
logreg,lime,0.05,2,1344,0.9035087719298246,0.8,1
logreg,lime,0.05,2,1348,0.5421052631578946,0.6,1
logreg,lime,0.05,2,1351,0.8964912280701753,0.8,1
logreg,lime,0.05,2,1354,0.7315789473684211,0.6,0
logreg,lime,0.05,2,1360,0.8315789473684211,1.0,0
logreg,lime,0.05,2,1368,0.687719298245614,0.8,1
logreg,lime,0.05,2,1379,0.6947368421052632,0.8,1
logreg,lime,0.05,2,1383,0.7280701754385965,1.0,0
logreg,lime,0.05,2,1389,0.756140350877193,0.8,0
logreg,lime,0.05,2,1392,0.8982456140350877,0.8,1
logreg,lime,0.05,2,1395,0.9122807017543859,0.8,1
logreg,lime,0.1,0,9,0.8140350877192982,0.8,0
logreg,lime,0.1,0,31,0.719298245614035,0.8,1
logreg,lime,0.1,0,41,0.8333333333333334,0.8,0
logreg,lime,0.1,0,46,0.9122807017543859,1.0,1
logreg,lime,0.1,0,49,0.856140350877193,0.8,1
logreg,lime,0.1,0,55,0.9614035087719298,0.8,1
logreg,lime,0.1,0,79,0.9070175438596491,1.0,1
logreg,lime,0.1,0,84,0.9368421052631579,1.0,1
logreg,lime,0.1,0,97,0.9070175438596491,0.8,1
logreg,lime,0.1,0,104,0.8105263157894737,1.0,0
logreg,lime,0.1,0,105,0.6438596491228071,1.0,1
logreg,lime,0.1,0,107,0.9403508771929823,1.0,1
logreg,lime,0.1,0,114,0.9140350877192982,1.0,1
logreg,lime,0.1,0,121,0.843859649122807,0.8,1
logreg,lime,0.1,0,122,0.8736842105263157,1.0,1
logreg,lime,0.1,0,123,0.6771929824561403,0.8,1
logreg,lime,0.1,0,125,0.6736842105263158,0.8,1
logreg,lime,0.1,0,146,0.8929824561403509,1.0,1
logreg,lime,0.1,0,151,0.7578947368421053,1.0,1
logreg,lime,0.1,0,156,0.46140350877192987,0.8,1
logreg,lime,0.1,0,165,0.9350877192982456,1.0,1
logreg,lime,0.1,0,166,0.943859649122807,0.8,1
logreg,lime,0.1,0,171,0.9315789473684211,1.0,1
logreg,lime,0.1,0,182,0.4421052631578948,0.6,1
logreg,lime,0.1,0,184,0.7912280701754386,1.0,1
logreg,lime,0.1,0,194,0.7140350877192982,0.6,1
logreg,lime,0.1,0,205,0.7596491228070175,1.0,0
logreg,lime,0.1,0,206,0.7245614035087719,0.8,0
logreg,lime,0.1,0,211,0.8789473684210527,1.0,1
logreg,lime,0.1,0,223,0.8754385964912281,0.8,1
logreg,lime,0.1,0,224,0.7508771929824561,0.8,1
logreg,lime,0.1,0,229,0.9105263157894736,0.8,1
logreg,lime,0.1,0,231,0.8421052631578947,0.8,1
logreg,lime,0.1,0,241,0.8087719298245614,0.8,1
logreg,lime,0.1,0,244,0.856140350877193,1.0,1
logreg,lime,0.1,0,261,0.8017543859649122,0.8,1
logreg,lime,0.1,0,281,0.8543859649122807,0.8,1
logreg,lime,0.1,0,289,0.7543859649122807,0.8,1
logreg,lime,0.1,0,291,0.8333333333333334,0.6,1
logreg,lime,0.1,0,311,0.8403508771929825,0.8,1
logreg,lime,0.1,0,316,0.8403508771929825,0.8,1
logreg,lime,0.1,0,325,0.7350877192982455,0.8,1
logreg,lime,0.1,0,332,0.7912280701754386,1.0,0
logreg,lime,0.1,0,344,0.7684210526315789,0.8,1
logreg,lime,0.1,0,364,0.6385964912280702,0.6,1
logreg,lime,0.1,0,372,0.843859649122807,1.0,1
logreg,lime,0.1,0,375,0.5789473684210525,0.8,0
logreg,lime,0.1,0,381,0.7719298245614035,1.0,1
logreg,lime,0.1,0,398,0.6982456140350877,0.8,1
logreg,lime,0.1,0,403,0.9140350877192982,1.0,1
logreg,lime,0.1,0,407,0.863157894736842,0.8,1
logreg,lime,0.1,0,414,0.6789473684210526,1.0,1
logreg,lime,0.1,0,420,0.9157894736842105,0.8,1
logreg,lime,0.1,0,423,0.8070175438596491,1.0,1
logreg,lime,0.1,0,440,0.887719298245614,0.8,1
logreg,lime,0.1,0,442,0.819298245614035,0.6,1
logreg,lime,0.1,0,454,0.7087719298245614,0.8,1
logreg,lime,0.1,0,457,0.9070175438596491,0.8,0
logreg,lime,0.1,0,459,0.8,0.6,1
logreg,lime,0.1,0,464,0.9298245614035087,0.8,1
logreg,lime,0.1,0,467,0.9631578947368421,1.0,1
logreg,lime,0.1,0,471,0.8912280701754386,0.8,1
logreg,lime,0.1,0,475,0.7070175438596492,0.8,1
logreg,lime,0.1,0,480,0.8315789473684211,0.8,1
logreg,lime,0.1,0,495,0.7052631578947368,0.8,1
logreg,lime,0.1,0,503,0.7929824561403509,0.8,1
logreg,lime,0.1,0,506,0.7052631578947368,0.8,1
logreg,lime,0.1,0,521,0.8596491228070176,0.8,1
logreg,lime,0.1,0,523,0.8087719298245614,0.8,0
logreg,lime,0.1,0,530,0.9157894736842105,0.8,1
logreg,lime,0.1,0,547,0.9508771929824561,1.0,1
logreg,lime,0.1,0,551,0.83859649122807,1.0,1
logreg,lime,0.1,0,556,0.7070175438596492,0.8,0
logreg,lime,0.1,0,558,0.5894736842105263,0.8,1
logreg,lime,0.1,0,559,0.9157894736842105,1.0,0
logreg,lime,0.1,0,562,0.9,0.8,0
logreg,lime,0.1,0,564,0.9087719298245613,1.0,1
logreg,lime,0.1,0,572,0.8087719298245614,0.6,1
logreg,lime,0.1,0,582,0.9210526315789472,1.0,1
logreg,lime,0.1,0,587,0.5280701754385965,0.8,0
logreg,lime,0.1,0,590,0.8228070175438595,0.8,1
logreg,lime,0.1,0,591,0.8403508771929825,0.8,1
logreg,lime,0.1,0,598,0.856140350877193,0.8,1
logreg,lime,0.1,0,605,0.6526315789473683,0.8,0
logreg,lime,0.1,0,609,0.7140350877192982,0.8,1
logreg,lime,0.1,0,613,0.7403508771929824,1.0,1
logreg,lime,0.1,0,619,0.6298245614035087,0.8,1
logreg,lime,0.1,0,620,0.8421052631578947,1.0,1
logreg,lime,0.1,0,626,0.9631578947368421,0.8,1
logreg,lime,0.1,0,627,0.8473684210526315,0.8,1
logreg,lime,0.1,0,637,0.6350877192982456,0.6,1
logreg,lime,0.1,0,640,0.6614035087719298,0.8,1
logreg,lime,0.1,0,667,0.8421052631578947,0.8,1
logreg,lime,0.1,0,673,0.8526315789473684,0.8,1
logreg,lime,0.1,0,687,0.8315789473684211,0.8,1
logreg,lime,0.1,0,688,0.9,0.6,1
logreg,lime,0.1,0,689,0.8614035087719297,0.8,1
logreg,lime,0.1,0,690,0.5649122807017544,0.8,1
logreg,lime,0.1,0,693,0.8245614035087718,0.8,1
logreg,lime,0.1,0,724,0.8526315789473684,0.8,1
logreg,lime,0.1,0,732,0.7543859649122807,0.8,1
logreg,lime,0.1,0,740,0.7947368421052632,1.0,0
logreg,lime,0.1,0,748,0.882456140350877,0.8,1
logreg,lime,0.1,0,751,0.6701754385964912,0.8,1
logreg,lime,0.1,0,752,0.5701754385964912,0.6,0
logreg,lime,0.1,0,755,0.7859649122807018,1.0,1
logreg,lime,0.1,0,759,0.7912280701754386,0.8,1
logreg,lime,0.1,0,766,0.9245614035087718,0.8,1
logreg,lime,0.1,0,786,0.6684210526315789,1.0,1
logreg,lime,0.1,0,790,0.7701754385964912,1.0,1
logreg,lime,0.1,0,792,0.6701754385964912,1.0,1
logreg,lime,0.1,0,809,0.8578947368421052,0.6,1
logreg,lime,0.1,0,812,0.9403508771929823,0.8,1
logreg,lime,0.1,0,830,0.819298245614035,0.8,1
logreg,lime,0.1,0,845,0.6087719298245614,0.8,1
logreg,lime,0.1,0,847,0.9192982456140351,0.8,1
logreg,lime,0.1,0,848,0.7105263157894737,0.8,1
logreg,lime,0.1,0,850,0.712280701754386,0.8,0
logreg,lime,0.1,0,860,0.9403508771929823,0.8,1
logreg,lime,0.1,0,864,0.431578947368421,0.8,1
logreg,lime,0.1,0,869,0.943859649122807,0.8,1
logreg,lime,0.1,0,872,0.8684210526315789,0.8,1
logreg,lime,0.1,0,874,0.8508771929824561,1.0,1
logreg,lime,0.1,0,875,0.8017543859649122,0.8,1
logreg,lime,0.1,0,878,0.8859649122807017,1.0,1
logreg,lime,0.1,0,880,0.6631578947368422,0.8,1
logreg,lime,0.1,0,886,0.6368421052631579,0.8,1
logreg,lime,0.1,0,889,0.8736842105263157,0.8,1
logreg,lime,0.1,0,896,0.8982456140350877,0.8,1
logreg,lime,0.1,0,900,0.7842105263157895,0.8,0
logreg,lime,0.1,0,904,0.5824561403508772,0.6,1
logreg,lime,0.1,0,908,0.9421052631578948,0.8,1
logreg,lime,0.1,0,927,0.8701754385964912,0.8,1
logreg,lime,0.1,0,934,0.9210526315789472,1.0,1
logreg,lime,0.1,0,939,0.8140350877192982,1.0,0
logreg,lime,0.1,0,943,0.736842105263158,0.8,1
logreg,lime,0.1,0,945,0.7964912280701755,1.0,1
logreg,lime,0.1,0,954,0.8894736842105263,0.8,1
logreg,lime,0.1,0,959,0.8403508771929825,0.6,1
logreg,lime,0.1,0,961,0.9333333333333333,0.8,1
logreg,lime,0.1,0,967,0.7245614035087719,0.6,1
logreg,lime,0.1,0,976,0.9035087719298246,0.8,0
logreg,lime,0.1,0,990,0.7543859649122807,0.8,1
logreg,lime,0.1,0,993,0.882456140350877,0.8,1
logreg,lime,0.1,0,996,0.7228070175438598,0.6,1
logreg,lime,0.1,0,1014,0.6649122807017543,0.8,1
logreg,lime,0.1,0,1015,0.7491228070175439,0.6,1
logreg,lime,0.1,0,1019,0.7894736842105263,1.0,1
logreg,lime,0.1,0,1023,0.7263157894736841,0.6,1
logreg,lime,0.1,0,1027,0.8070175438596491,1.0,0
logreg,lime,0.1,0,1028,0.6105263157894737,0.8,1
logreg,lime,0.1,0,1031,0.8421052631578947,1.0,1
logreg,lime,0.1,0,1039,0.9105263157894736,0.8,1
logreg,lime,0.1,0,1043,0.8421052631578947,0.8,1
logreg,lime,0.1,0,1052,0.8614035087719297,1.0,1
logreg,lime,0.1,0,1063,0.8087719298245614,1.0,0
logreg,lime,0.1,0,1065,0.7719298245614035,1.0,1
logreg,lime,0.1,0,1070,0.83859649122807,1.0,1
logreg,lime,0.1,0,1073,0.9210526315789472,0.8,0
logreg,lime,0.1,0,1077,0.8859649122807017,0.6,0
logreg,lime,0.1,0,1087,0.7456140350877193,0.8,1
logreg,lime,0.1,0,1092,0.6333333333333333,0.8,1
logreg,lime,0.1,0,1100,0.9105263157894736,1.0,1
logreg,lime,0.1,0,1112,0.9017543859649122,0.8,1
logreg,lime,0.1,0,1116,0.7473684210526316,0.8,0
logreg,lime,0.1,0,1119,0.9421052631578948,1.0,1
logreg,lime,0.1,0,1137,0.9368421052631579,0.8,1
logreg,lime,0.1,0,1138,0.5982456140350877,0.6,1
logreg,lime,0.1,0,1151,0.7859649122807018,0.6,1
logreg,lime,0.1,0,1152,0.6175438596491227,0.8,1
logreg,lime,0.1,0,1160,0.8122807017543859,0.8,0
logreg,lime,0.1,0,1167,0.7210526315789473,0.6,1
logreg,lime,0.1,0,1187,0.7649122807017543,0.8,1
logreg,lime,0.1,0,1209,0.8017543859649122,0.8,1
logreg,lime,0.1,0,1214,0.4473684210526316,0.6,1
logreg,lime,0.1,0,1227,0.6105263157894737,0.6,1
logreg,lime,0.1,0,1237,0.8596491228070176,1.0,1
logreg,lime,0.1,0,1246,0.543859649122807,0.8,0
logreg,lime,0.1,0,1256,0.49473684210526314,0.8,1
logreg,lime,0.1,0,1259,0.5982456140350877,0.8,1
logreg,lime,0.1,0,1299,0.6421052631578947,0.8,0
logreg,lime,0.1,0,1300,0.863157894736842,0.8,1
logreg,lime,0.1,0,1309,0.9210526315789472,0.8,1
logreg,lime,0.1,0,1314,0.7298245614035088,0.8,1
logreg,lime,0.1,0,1316,0.819298245614035,0.8,1
logreg,lime,0.1,0,1322,0.9017543859649122,0.8,1
logreg,lime,0.1,0,1339,0.9140350877192982,0.8,1
logreg,lime,0.1,0,1340,0.8333333333333334,0.8,1
logreg,lime,0.1,0,1343,0.8789473684210527,0.8,0
logreg,lime,0.1,0,1344,0.856140350877193,1.0,1
logreg,lime,0.1,0,1348,0.49473684210526314,0.8,1
logreg,lime,0.1,0,1351,0.9385964912280702,0.8,1
logreg,lime,0.1,0,1354,0.8684210526315789,0.8,0
logreg,lime,0.1,0,1360,0.9140350877192982,1.0,0
logreg,lime,0.1,0,1368,0.8175438596491227,0.8,1
logreg,lime,0.1,0,1379,0.5947368421052631,0.8,1
logreg,lime,0.1,0,1383,0.6052631578947367,0.8,1
logreg,lime,0.1,0,1389,0.8719298245614034,0.8,1
logreg,lime,0.1,0,1392,0.8543859649122807,1.0,1
logreg,lime,0.1,0,1395,0.9017543859649122,1.0,1
logreg,lime,0.1,1,9,0.8508771929824561,0.6,0
logreg,lime,0.1,1,31,0.7982456140350876,0.8,1
logreg,lime,0.1,1,41,0.8666666666666666,1.0,1
logreg,lime,0.1,1,46,0.8701754385964912,0.8,1
logreg,lime,0.1,1,49,0.743859649122807,1.0,1
logreg,lime,0.1,1,55,0.9491228070175438,0.8,1
logreg,lime,0.1,1,79,0.8789473684210527,1.0,1
logreg,lime,0.1,1,84,0.8807017543859648,1.0,0
logreg,lime,0.1,1,97,0.8754385964912281,0.8,1
logreg,lime,0.1,1,104,0.7578947368421053,1.0,1
logreg,lime,0.1,1,105,0.8403508771929825,1.0,1
logreg,lime,0.1,1,107,0.9421052631578948,0.8,1
logreg,lime,0.1,1,114,0.83859649122807,1.0,1
logreg,lime,0.1,1,121,0.9052631578947368,0.8,1
logreg,lime,0.1,1,122,0.9631578947368421,1.0,1
logreg,lime,0.1,1,123,0.7298245614035088,0.8,1
logreg,lime,0.1,1,125,0.7491228070175439,0.6,1
logreg,lime,0.1,1,146,0.8298245614035088,0.8,1
logreg,lime,0.1,1,151,0.8210526315789475,0.8,1
logreg,lime,0.1,1,156,0.4140350877192982,0.6,1
logreg,lime,0.1,1,165,0.9140350877192982,0.8,1
logreg,lime,0.1,1,166,0.8947368421052632,1.0,1
logreg,lime,0.1,1,171,0.8508771929824561,0.8,1
logreg,lime,0.1,1,182,0.3192982456140351,0.6,1
logreg,lime,0.1,1,184,0.8105263157894737,0.8,1
logreg,lime,0.1,1,194,0.8929824561403509,0.8,1
logreg,lime,0.1,1,205,0.45964912280701753,0.8,1
logreg,lime,0.1,1,206,0.7228070175438598,0.8,1
logreg,lime,0.1,1,211,0.9017543859649122,1.0,0
logreg,lime,0.1,1,223,0.9035087719298246,0.8,1
logreg,lime,0.1,1,224,0.7280701754385965,0.8,1
logreg,lime,0.1,1,229,0.9157894736842105,0.8,1
logreg,lime,0.1,1,231,0.6403508771929824,0.6,1
logreg,lime,0.1,1,241,0.763157894736842,0.8,1
logreg,lime,0.1,1,244,0.9175438596491228,0.8,1
logreg,lime,0.1,1,261,0.7894736842105263,0.8,1
logreg,lime,0.1,1,281,0.8035087719298245,0.8,1
logreg,lime,0.1,1,289,0.8421052631578947,0.8,1
logreg,lime,0.1,1,291,0.8578947368421052,0.4,1
logreg,lime,0.1,1,311,0.9263157894736841,0.8,1
logreg,lime,0.1,1,316,0.8122807017543859,0.8,1
logreg,lime,0.1,1,325,0.6228070175438596,1.0,1
logreg,lime,0.1,1,332,0.7789473684210525,0.8,0
logreg,lime,0.1,1,344,0.7070175438596492,0.8,1
logreg,lime,0.1,1,364,0.5719298245614035,0.8,1
logreg,lime,0.1,1,372,0.6000000000000001,1.0,0
logreg,lime,0.1,1,375,0.5280701754385965,0.8,1
logreg,lime,0.1,1,381,0.7578947368421053,0.8,1
logreg,lime,0.1,1,398,0.7403508771929824,1.0,1
logreg,lime,0.1,1,403,0.9491228070175438,0.8,1
logreg,lime,0.1,1,407,0.9087719298245613,0.8,1
logreg,lime,0.1,1,414,0.7982456140350876,1.0,1
logreg,lime,0.1,1,420,0.9526315789473684,0.8,1
logreg,lime,0.1,1,423,0.8684210526315789,0.8,1
logreg,lime,0.1,1,440,0.9385964912280702,1.0,1
logreg,lime,0.1,1,442,0.856140350877193,0.6,1
logreg,lime,0.1,1,454,0.612280701754386,0.8,1
logreg,lime,0.1,1,457,0.7982456140350876,0.6,1
logreg,lime,0.1,1,459,0.7210526315789473,0.8,0
logreg,lime,0.1,1,464,0.9543859649122807,0.8,1
logreg,lime,0.1,1,467,0.9543859649122807,1.0,1
logreg,lime,0.1,1,471,0.8982456140350877,0.8,1
logreg,lime,0.1,1,475,0.7421052631578948,0.8,1
logreg,lime,0.1,1,480,0.9017543859649122,1.0,1
logreg,lime,0.1,1,495,0.7491228070175439,0.8,1
logreg,lime,0.1,1,503,0.8754385964912281,0.8,1
logreg,lime,0.1,1,506,0.4421052631578948,0.8,0
logreg,lime,0.1,1,521,0.9175438596491228,1.0,1
logreg,lime,0.1,1,523,0.8122807017543859,0.8,0
logreg,lime,0.1,1,530,0.9105263157894736,0.8,1
logreg,lime,0.1,1,547,0.9333333333333333,1.0,1
logreg,lime,0.1,1,551,0.8228070175438595,1.0,1
logreg,lime,0.1,1,556,0.8210526315789475,0.8,0
logreg,lime,0.1,1,558,0.5491228070175439,0.6,1
logreg,lime,0.1,1,559,0.9473684210526316,1.0,1
logreg,lime,0.1,1,562,0.5947368421052631,0.6,1
logreg,lime,0.1,1,564,0.9368421052631579,1.0,1
logreg,lime,0.1,1,572,0.7333333333333334,0.8,1
logreg,lime,0.1,1,582,0.8,0.8,1
logreg,lime,0.1,1,587,0.6421052631578947,0.8,1
logreg,lime,0.1,1,590,0.943859649122807,1.0,1
logreg,lime,0.1,1,591,0.8912280701754386,0.8,1
logreg,lime,0.1,1,598,0.6385964912280702,0.8,1
logreg,lime,0.1,1,605,0.5789473684210525,0.6,1
logreg,lime,0.1,1,609,0.46491228070175433,1.0,1
logreg,lime,0.1,1,613,0.736842105263158,1.0,1
logreg,lime,0.1,1,619,0.6245614035087719,0.8,1
logreg,lime,0.1,1,620,0.8947368421052632,0.8,1
logreg,lime,0.1,1,626,0.9403508771929823,0.8,1
logreg,lime,0.1,1,627,0.8245614035087718,1.0,1
logreg,lime,0.1,1,637,0.6035087719298246,0.8,1
logreg,lime,0.1,1,640,0.4508771929824561,0.6,1
logreg,lime,0.1,1,667,0.8403508771929825,0.8,1
logreg,lime,0.1,1,673,0.8666666666666666,0.8,1
logreg,lime,0.1,1,687,0.780701754385965,0.8,0
logreg,lime,0.1,1,688,0.83859649122807,0.8,1
logreg,lime,0.1,1,689,0.8912280701754386,0.8,1
logreg,lime,0.1,1,690,0.6140350877192983,1.0,1
logreg,lime,0.1,1,693,0.819298245614035,0.8,1
logreg,lime,0.1,1,724,0.856140350877193,0.8,1
logreg,lime,0.1,1,732,0.9789473684210527,1.0,1
logreg,lime,0.1,1,740,0.6596491228070176,0.8,1
logreg,lime,0.1,1,748,0.9052631578947368,0.8,1
logreg,lime,0.1,1,751,0.48245614035087714,0.6,1
logreg,lime,0.1,1,752,0.943859649122807,0.8,1
logreg,lime,0.1,1,755,0.7754385964912281,1.0,1
logreg,lime,0.1,1,759,0.8649122807017543,0.8,0
logreg,lime,0.1,1,766,0.8807017543859648,0.8,1
logreg,lime,0.1,1,786,0.9526315789473684,1.0,1
logreg,lime,0.1,1,790,0.8473684210526315,1.0,1
logreg,lime,0.1,1,792,0.7070175438596492,1.0,1
logreg,lime,0.1,1,809,0.9052631578947368,0.8,1
logreg,lime,0.1,1,812,0.9456140350877192,1.0,1
logreg,lime,0.1,1,830,0.9245614035087718,0.8,1
logreg,lime,0.1,1,845,0.5982456140350877,1.0,1
logreg,lime,0.1,1,847,0.9403508771929823,0.8,1
logreg,lime,0.1,1,848,0.7649122807017543,1.0,1
logreg,lime,0.1,1,850,0.6596491228070176,0.6,0
logreg,lime,0.1,1,860,0.9192982456140351,0.8,1
logreg,lime,0.1,1,864,0.8210526315789475,1.0,1
logreg,lime,0.1,1,869,0.8964912280701753,0.8,1
logreg,lime,0.1,1,872,0.9175438596491228,0.8,1
logreg,lime,0.1,1,874,0.7947368421052632,1.0,1
logreg,lime,0.1,1,875,0.8912280701754386,0.8,1
logreg,lime,0.1,1,878,0.9263157894736841,1.0,1
logreg,lime,0.1,1,880,0.6771929824561403,0.8,1
logreg,lime,0.1,1,886,0.8333333333333334,0.8,1
logreg,lime,0.1,1,889,0.9052631578947368,1.0,1
logreg,lime,0.1,1,896,0.9157894736842105,0.8,1
logreg,lime,0.1,1,900,0.8666666666666666,1.0,0
logreg,lime,0.1,1,904,0.7421052631578948,0.6,1
logreg,lime,0.1,1,908,0.9070175438596491,0.8,1
logreg,lime,0.1,1,927,0.8982456140350877,0.8,1
logreg,lime,0.1,1,934,0.9245614035087718,1.0,1
logreg,lime,0.1,1,939,0.7403508771929824,1.0,0
logreg,lime,0.1,1,943,0.5929824561403508,0.8,1
logreg,lime,0.1,1,945,0.687719298245614,0.8,1
logreg,lime,0.1,1,954,0.8807017543859648,1.0,1
logreg,lime,0.1,1,959,0.8526315789473684,0.8,1
logreg,lime,0.1,1,961,0.9298245614035087,0.8,1
logreg,lime,0.1,1,967,0.6385964912280702,0.8,1
logreg,lime,0.1,1,976,0.8929824561403509,1.0,0
logreg,lime,0.1,1,990,0.7982456140350876,0.8,1
logreg,lime,0.1,1,993,0.8263157894736841,0.8,1
logreg,lime,0.1,1,996,0.4982456140350877,0.6,1
logreg,lime,0.1,1,1014,0.6912280701754386,1.0,1
logreg,lime,0.1,1,1015,0.6561403508771929,0.6,1
logreg,lime,0.1,1,1019,0.8473684210526315,1.0,1
logreg,lime,0.1,1,1023,0.7684210526315789,0.8,1
logreg,lime,0.1,1,1027,0.8017543859649122,0.8,0
logreg,lime,0.1,1,1028,0.6298245614035087,0.8,1
logreg,lime,0.1,1,1031,0.882456140350877,1.0,1
logreg,lime,0.1,1,1039,0.8754385964912281,0.8,1
logreg,lime,0.1,1,1043,0.9280701754385964,0.8,1
logreg,lime,0.1,1,1052,0.7596491228070175,1.0,1
logreg,lime,0.1,1,1063,0.8017543859649122,1.0,0
logreg,lime,0.1,1,1065,0.8578947368421052,0.8,1
logreg,lime,0.1,1,1070,0.8298245614035088,0.8,1
logreg,lime,0.1,1,1073,0.8736842105263157,0.8,0
logreg,lime,0.1,1,1077,0.8421052631578947,0.8,1
logreg,lime,0.1,1,1087,0.7017543859649124,0.6,1
logreg,lime,0.1,1,1092,0.6315789473684211,0.6,1
logreg,lime,0.1,1,1100,0.8771929824561402,0.6,0
logreg,lime,0.1,1,1112,0.9526315789473684,1.0,1
logreg,lime,0.1,1,1116,0.4807017543859649,0.6,1
logreg,lime,0.1,1,1119,0.8701754385964912,0.8,1
logreg,lime,0.1,1,1137,0.887719298245614,0.8,1
logreg,lime,0.1,1,1138,0.6035087719298246,0.6,1
logreg,lime,0.1,1,1151,0.6929824561403508,0.8,1
logreg,lime,0.1,1,1152,0.8105263157894737,0.8,1
logreg,lime,0.1,1,1160,0.7964912280701755,0.6,1
logreg,lime,0.1,1,1167,0.7736842105263159,0.8,0
logreg,lime,0.1,1,1187,0.6403508771929824,0.8,1
logreg,lime,0.1,1,1209,0.712280701754386,0.8,0
logreg,lime,0.1,1,1214,0.4333333333333333,0.6,1
logreg,lime,0.1,1,1227,0.7350877192982455,0.8,1
logreg,lime,0.1,1,1237,0.8754385964912281,1.0,1
logreg,lime,0.1,1,1246,0.7824561403508771,1.0,1
logreg,lime,0.1,1,1256,0.6754385964912282,0.8,1
logreg,lime,0.1,1,1259,0.556140350877193,1.0,1
logreg,lime,0.1,1,1299,0.6859649122807018,0.8,1
logreg,lime,0.1,1,1300,0.8491228070175438,0.8,1
logreg,lime,0.1,1,1309,0.7701754385964912,0.8,0
logreg,lime,0.1,1,1314,0.8596491228070176,1.0,1
logreg,lime,0.1,1,1316,0.8175438596491227,0.8,1
logreg,lime,0.1,1,1322,0.9192982456140351,0.8,1
logreg,lime,0.1,1,1339,0.9035087719298246,0.6,1
logreg,lime,0.1,1,1340,0.6438596491228071,0.8,1
logreg,lime,0.1,1,1343,0.6736842105263158,0.6,0
logreg,lime,0.1,1,1344,0.9456140350877192,1.0,1
logreg,lime,0.1,1,1348,0.6263157894736843,0.8,1
logreg,lime,0.1,1,1351,0.9456140350877192,1.0,1
logreg,lime,0.1,1,1354,0.8017543859649122,0.8,0
logreg,lime,0.1,1,1360,0.8736842105263157,0.8,1
logreg,lime,0.1,1,1368,0.8245614035087718,0.8,0
logreg,lime,0.1,1,1379,0.5350877192982456,1.0,1
logreg,lime,0.1,1,1383,0.6982456140350877,0.8,0
logreg,lime,0.1,1,1389,0.83859649122807,0.8,1
logreg,lime,0.1,1,1392,0.9368421052631579,0.8,1
logreg,lime,0.1,1,1395,0.8578947368421052,0.6,1
logreg,lime,0.1,2,9,0.5719298245614035,0.6,1
logreg,lime,0.1,2,31,0.8017543859649122,0.6,1
logreg,lime,0.1,2,41,0.7456140350877193,0.8,0
logreg,lime,0.1,2,46,0.8859649122807017,0.8,1
logreg,lime,0.1,2,49,0.8526315789473684,1.0,1
logreg,lime,0.1,2,55,0.8701754385964912,0.8,1
logreg,lime,0.1,2,79,0.9333333333333333,1.0,1
logreg,lime,0.1,2,84,0.9368421052631579,1.0,1
logreg,lime,0.1,2,97,0.9122807017543859,0.8,1
logreg,lime,0.1,2,104,0.719298245614035,1.0,0
logreg,lime,0.1,2,105,0.8157894736842105,1.0,1
logreg,lime,0.1,2,107,0.9578947368421052,1.0,1
logreg,lime,0.1,2,114,0.9210526315789472,0.8,1
logreg,lime,0.1,2,121,0.8982456140350877,1.0,1
logreg,lime,0.1,2,122,0.9350877192982456,0.8,1
logreg,lime,0.1,2,123,0.7719298245614035,0.8,1
logreg,lime,0.1,2,125,0.8526315789473684,0.6,1
logreg,lime,0.1,2,146,0.8771929824561402,1.0,1
logreg,lime,0.1,2,151,0.8912280701754386,0.8,1
logreg,lime,0.1,2,156,0.6052631578947367,1.0,0
logreg,lime,0.1,2,165,0.9210526315789472,1.0,1
logreg,lime,0.1,2,166,0.9175438596491228,0.8,1
logreg,lime,0.1,2,171,0.9228070175438597,1.0,1
logreg,lime,0.1,2,182,0.6157894736842106,0.8,1
logreg,lime,0.1,2,184,0.6859649122807018,0.8,1
logreg,lime,0.1,2,194,0.787719298245614,0.8,1
logreg,lime,0.1,2,205,0.5842105263157895,0.8,1
logreg,lime,0.1,2,206,0.6228070175438596,0.6,1
logreg,lime,0.1,2,211,0.9350877192982456,1.0,1
logreg,lime,0.1,2,223,0.8947368421052632,0.8,1
logreg,lime,0.1,2,224,0.6561403508771929,0.8,1
logreg,lime,0.1,2,229,0.9070175438596491,0.8,1
logreg,lime,0.1,2,231,0.6912280701754386,0.8,1
logreg,lime,0.1,2,241,0.736842105263158,0.8,1
logreg,lime,0.1,2,244,0.9701754385964911,0.6,1
logreg,lime,0.1,2,261,0.7719298245614035,0.8,1
logreg,lime,0.1,2,281,0.8017543859649122,0.8,1
logreg,lime,0.1,2,289,0.8368421052631579,0.8,1
logreg,lime,0.1,2,291,0.9122807017543859,0.8,1
logreg,lime,0.1,2,311,0.9350877192982456,0.8,1
logreg,lime,0.1,2,316,0.8333333333333334,0.8,1
logreg,lime,0.1,2,325,0.8280701754385964,0.8,1
logreg,lime,0.1,2,332,0.7771929824561404,0.8,0
logreg,lime,0.1,2,344,0.8140350877192982,0.8,1
logreg,lime,0.1,2,364,0.7596491228070175,1.0,1
logreg,lime,0.1,2,372,0.8701754385964912,1.0,1
logreg,lime,0.1,2,375,0.6456140350877193,0.8,1
logreg,lime,0.1,2,381,0.3192982456140351,0.8,1
logreg,lime,0.1,2,398,0.7228070175438598,0.8,1
logreg,lime,0.1,2,403,0.9456140350877192,1.0,1
logreg,lime,0.1,2,407,0.8315789473684211,0.8,1
logreg,lime,0.1,2,414,0.8859649122807017,1.0,1
logreg,lime,0.1,2,420,0.9280701754385964,0.8,1
logreg,lime,0.1,2,423,0.9035087719298246,1.0,1
logreg,lime,0.1,2,440,0.9192982456140351,0.8,1
logreg,lime,0.1,2,442,0.8684210526315789,0.8,1
logreg,lime,0.1,2,454,0.49473684210526314,0.8,1
logreg,lime,0.1,2,457,0.9105263157894736,0.6,1
logreg,lime,0.1,2,459,0.7842105263157895,0.6,0
logreg,lime,0.1,2,464,0.956140350877193,1.0,1
logreg,lime,0.1,2,467,0.9614035087719298,1.0,1
logreg,lime,0.1,2,471,0.9315789473684211,0.8,1
logreg,lime,0.1,2,475,0.7456140350877193,0.8,1
logreg,lime,0.1,2,480,0.8859649122807017,1.0,1
logreg,lime,0.1,2,495,0.7175438596491229,0.8,1
logreg,lime,0.1,2,503,0.8508771929824561,0.8,1
logreg,lime,0.1,2,506,0.5368421052631579,0.6,0
logreg,lime,0.1,2,521,0.9491228070175438,1.0,1
logreg,lime,0.1,2,523,0.8280701754385964,0.8,0
logreg,lime,0.1,2,530,0.9,1.0,1
logreg,lime,0.1,2,547,0.9280701754385964,1.0,1
logreg,lime,0.1,2,551,0.8701754385964912,1.0,1
logreg,lime,0.1,2,556,0.9052631578947368,0.8,0
logreg,lime,0.1,2,558,0.7754385964912281,0.6,1
logreg,lime,0.1,2,559,0.9087719298245613,1.0,1
logreg,lime,0.1,2,562,0.8245614035087718,0.6,1
logreg,lime,0.1,2,564,0.9157894736842105,1.0,1
logreg,lime,0.1,2,572,0.8771929824561402,1.0,1
logreg,lime,0.1,2,582,0.8280701754385964,1.0,0
logreg,lime,0.1,2,587,0.7035087719298245,0.8,1
logreg,lime,0.1,2,590,0.9298245614035087,0.8,1
logreg,lime,0.1,2,591,0.843859649122807,0.8,1
logreg,lime,0.1,2,598,0.7719298245614035,0.8,1
logreg,lime,0.1,2,605,0.7052631578947368,0.8,0
logreg,lime,0.1,2,609,0.7280701754385965,1.0,1
logreg,lime,0.1,2,613,0.8578947368421052,0.8,1
logreg,lime,0.1,2,619,0.5982456140350877,0.8,1
logreg,lime,0.1,2,620,0.7912280701754386,0.8,1
logreg,lime,0.1,2,626,0.8807017543859648,0.8,1
logreg,lime,0.1,2,627,0.7719298245614035,1.0,1
logreg,lime,0.1,2,637,0.4736842105263158,0.8,1
logreg,lime,0.1,2,640,0.5649122807017544,0.8,1
logreg,lime,0.1,2,667,0.8105263157894737,0.8,1
logreg,lime,0.1,2,673,0.8789473684210527,0.8,1
logreg,lime,0.1,2,687,0.8122807017543859,0.8,0
logreg,lime,0.1,2,688,0.8491228070175438,0.6,1
logreg,lime,0.1,2,689,0.8736842105263157,1.0,1
logreg,lime,0.1,2,690,0.7175438596491229,1.0,1
logreg,lime,0.1,2,693,0.8052631578947368,0.6,1
logreg,lime,0.1,2,724,0.8596491228070176,0.8,1
logreg,lime,0.1,2,732,0.7385964912280703,1.0,1
logreg,lime,0.1,2,740,0.7649122807017543,0.8,1
logreg,lime,0.1,2,748,0.8789473684210527,0.8,1
logreg,lime,0.1,2,751,0.8263157894736841,0.8,1
logreg,lime,0.1,2,752,0.8894736842105263,0.8,1
logreg,lime,0.1,2,755,0.7596491228070175,0.8,1
logreg,lime,0.1,2,759,0.8245614035087718,1.0,1
logreg,lime,0.1,2,766,0.8350877192982457,0.8,1
logreg,lime,0.1,2,786,0.8245614035087718,0.8,1
logreg,lime,0.1,2,790,0.8894736842105263,1.0,0
logreg,lime,0.1,2,792,0.6807017543859648,1.0,1
logreg,lime,0.1,2,809,0.8596491228070176,0.6,1
logreg,lime,0.1,2,812,0.9105263157894736,0.6,1
logreg,lime,0.1,2,830,0.8614035087719297,0.8,1
logreg,lime,0.1,2,845,0.5210526315789473,0.6,1
logreg,lime,0.1,2,847,0.843859649122807,0.8,1
logreg,lime,0.1,2,848,0.6543859649122807,0.8,1
logreg,lime,0.1,2,850,0.8140350877192982,0.8,0
logreg,lime,0.1,2,860,0.9631578947368421,0.8,1
logreg,lime,0.1,2,864,0.8175438596491227,0.8,1
logreg,lime,0.1,2,869,0.9473684210526316,0.8,1
logreg,lime,0.1,2,872,0.8947368421052632,0.8,1
logreg,lime,0.1,2,874,0.8684210526315789,0.8,1
logreg,lime,0.1,2,875,0.8070175438596491,0.8,1
logreg,lime,0.1,2,878,0.8596491228070176,0.8,1
logreg,lime,0.1,2,880,0.6631578947368422,0.8,1
logreg,lime,0.1,2,886,0.819298245614035,0.8,1
logreg,lime,0.1,2,889,0.8526315789473684,0.8,1
logreg,lime,0.1,2,896,0.787719298245614,0.8,1
logreg,lime,0.1,2,900,0.7456140350877193,0.8,1
logreg,lime,0.1,2,904,0.47543859649122805,0.6,1
logreg,lime,0.1,2,908,0.8929824561403509,0.8,1
logreg,lime,0.1,2,927,0.9508771929824561,0.8,1
logreg,lime,0.1,2,934,0.9280701754385964,0.8,1
logreg,lime,0.1,2,939,0.8140350877192982,1.0,0
logreg,lime,0.1,2,943,0.6719298245614035,0.6,1
logreg,lime,0.1,2,945,0.7333333333333334,1.0,1
logreg,lime,0.1,2,954,0.8596491228070176,1.0,1
logreg,lime,0.1,2,959,0.9263157894736841,0.8,1
logreg,lime,0.1,2,961,0.8596491228070176,0.8,1
logreg,lime,0.1,2,967,0.6052631578947367,0.8,1
logreg,lime,0.1,2,976,0.736842105263158,1.0,1
logreg,lime,0.1,2,990,0.787719298245614,0.8,1
logreg,lime,0.1,2,993,0.8649122807017543,0.8,1
logreg,lime,0.1,2,996,0.7614035087719299,0.6,1
logreg,lime,0.1,2,1014,0.6070175438596491,0.8,1
logreg,lime,0.1,2,1015,0.5543859649122806,0.6,0
logreg,lime,0.1,2,1019,0.9315789473684211,1.0,1
logreg,lime,0.1,2,1023,0.5964912280701754,0.6,1
logreg,lime,0.1,2,1027,0.7491228070175439,0.8,0
logreg,lime,0.1,2,1028,0.5736842105263157,0.8,1
logreg,lime,0.1,2,1031,0.7456140350877193,1.0,1
logreg,lime,0.1,2,1039,0.9,1.0,1
logreg,lime,0.1,2,1043,0.9,1.0,1
logreg,lime,0.1,2,1052,0.8403508771929825,0.8,1
logreg,lime,0.1,2,1063,0.6421052631578947,0.8,0
logreg,lime,0.1,2,1065,0.7894736842105263,1.0,1
logreg,lime,0.1,2,1070,0.9596491228070174,0.8,1
logreg,lime,0.1,2,1073,0.7771929824561404,0.6,1
logreg,lime,0.1,2,1077,0.9,0.8,0
logreg,lime,0.1,2,1087,0.6684210526315789,0.6,1
logreg,lime,0.1,2,1092,0.5736842105263157,0.6,1
logreg,lime,0.1,2,1100,0.9017543859649122,1.0,0
logreg,lime,0.1,2,1112,0.9,1.0,1
logreg,lime,0.1,2,1116,0.41578947368421054,0.6,0
logreg,lime,0.1,2,1119,0.8754385964912281,1.0,1
logreg,lime,0.1,2,1137,0.8596491228070176,0.8,1
logreg,lime,0.1,2,1138,0.7614035087719299,1.0,1
logreg,lime,0.1,2,1151,0.8263157894736841,1.0,1
logreg,lime,0.1,2,1152,0.7614035087719299,0.8,1
logreg,lime,0.1,2,1160,0.7315789473684211,0.8,0
logreg,lime,0.1,2,1167,0.6736842105263158,0.8,0
logreg,lime,0.1,2,1187,0.6000000000000001,0.8,1
logreg,lime,0.1,2,1209,0.5508771929824561,0.8,1
logreg,lime,0.1,2,1214,0.5017543859649122,0.6,1
logreg,lime,0.1,2,1227,0.6456140350877193,0.6,1
logreg,lime,0.1,2,1237,0.8754385964912281,1.0,0
logreg,lime,0.1,2,1246,0.7421052631578948,0.8,0
logreg,lime,0.1,2,1256,0.6982456140350877,0.8,1
logreg,lime,0.1,2,1259,0.7912280701754386,0.8,1
logreg,lime,0.1,2,1299,0.7947368421052632,0.8,0
logreg,lime,0.1,2,1300,0.7421052631578948,0.8,0
logreg,lime,0.1,2,1309,0.9122807017543859,0.8,0
logreg,lime,0.1,2,1314,0.8368421052631579,0.8,1
logreg,lime,0.1,2,1316,0.8666666666666666,0.8,1
logreg,lime,0.1,2,1322,0.8649122807017543,1.0,1
logreg,lime,0.1,2,1339,0.9175438596491228,0.6,1
logreg,lime,0.1,2,1340,0.819298245614035,0.8,1
logreg,lime,0.1,2,1343,0.8666666666666666,0.8,0
logreg,lime,0.1,2,1344,0.8526315789473684,1.0,1
logreg,lime,0.1,2,1348,0.256140350877193,0.4,1
logreg,lime,0.1,2,1351,0.9508771929824561,0.8,1
logreg,lime,0.1,2,1354,0.6052631578947367,0.8,0
logreg,lime,0.1,2,1360,0.8491228070175438,0.8,1
logreg,lime,0.1,2,1368,0.7350877192982455,0.8,1
logreg,lime,0.1,2,1379,0.7263157894736841,0.8,0
logreg,lime,0.1,2,1383,0.7052631578947368,0.8,0
logreg,lime,0.1,2,1389,0.787719298245614,1.0,0
logreg,lime,0.1,2,1392,0.8157894736842105,0.8,0
logreg,lime,0.1,2,1395,0.9192982456140351,0.8,1
tree,shap,0.01,0,9,1.0,1.0,1
tree,shap,0.01,0,31,1.0,1.0,1
tree,shap,0.01,0,41,0.9981549815498154,1.0,1
tree,shap,0.01,0,46,1.0,1.0,1
tree,shap,0.01,0,49,1.0,1.0,1
tree,shap,0.01,0,55,1.0,1.0,1
tree,shap,0.01,0,79,1.0,1.0,1
tree,shap,0.01,0,84,1.0,1.0,1
tree,shap,0.01,0,97,1.0,1.0,1
tree,shap,0.01,0,104,1.0,1.0,1
tree,shap,0.01,0,105,1.0,1.0,1
tree,shap,0.01,0,107,1.0,1.0,1
tree,shap,0.01,0,114,1.0,1.0,1
tree,shap,0.01,0,121,1.0,1.0,1
tree,shap,0.01,0,122,1.0,1.0,1
tree,shap,0.01,0,123,1.0,1.0,1
tree,shap,0.01,0,125,1.0,1.0,1
tree,shap,0.01,0,146,1.0,1.0,1
tree,shap,0.01,0,151,1.0,1.0,1
tree,shap,0.01,0,156,1.0,1.0,1
tree,shap,0.01,0,165,1.0,1.0,1
tree,shap,0.01,0,166,1.0,1.0,1
tree,shap,0.01,0,171,1.0,1.0,1
tree,shap,0.01,0,182,1.0,1.0,1
tree,shap,0.01,0,184,1.0,1.0,1
tree,shap,0.01,0,194,1.0,1.0,1
tree,shap,0.01,0,205,1.0,1.0,1
tree,shap,0.01,0,206,1.0,1.0,1
tree,shap,0.01,0,211,1.0,1.0,1
tree,shap,0.01,0,223,1.0,1.0,1
tree,shap,0.01,0,224,1.0,1.0,1
tree,shap,0.01,0,229,0.992619926199262,1.0,1
tree,shap,0.01,0,231,1.0,1.0,1
tree,shap,0.01,0,241,1.0,1.0,1
tree,shap,0.01,0,244,1.0,1.0,1
tree,shap,0.01,0,261,1.0,1.0,1
tree,shap,0.01,0,281,1.0,1.0,1
tree,shap,0.01,0,289,1.0,1.0,1
tree,shap,0.01,0,291,1.0,1.0,1
tree,shap,0.01,0,311,1.0,1.0,1
tree,shap,0.01,0,316,1.0,1.0,1
tree,shap,0.01,0,325,1.0,1.0,1
tree,shap,0.01,0,332,1.0,1.0,1
tree,shap,0.01,0,344,1.0,1.0,1
tree,shap,0.01,0,364,1.0,1.0,1
tree,shap,0.01,0,372,1.0,1.0,1
tree,shap,0.01,0,375,1.0,1.0,1
tree,shap,0.01,0,381,1.0,1.0,1
tree,shap,0.01,0,398,1.0,1.0,1
tree,shap,0.01,0,403,1.0,1.0,1
tree,shap,0.01,0,407,1.0,1.0,1
tree,shap,0.01,0,414,1.0,1.0,1
tree,shap,0.01,0,420,1.0,1.0,1
tree,shap,0.01,0,423,1.0,1.0,1
tree,shap,0.01,0,440,1.0,1.0,1
tree,shap,0.01,0,442,1.0,1.0,1
tree,shap,0.01,0,454,1.0,1.0,1
tree,shap,0.01,0,457,1.0,1.0,1
tree,shap,0.01,0,459,1.0,1.0,1
tree,shap,0.01,0,464,1.0,1.0,1
tree,shap,0.01,0,467,1.0,1.0,1
tree,shap,0.01,0,471,1.0,1.0,1
tree,shap,0.01,0,475,0.9981549815498154,1.0,1
tree,shap,0.01,0,480,0.9778597785977858,0.8,1
tree,shap,0.01,0,495,1.0,1.0,1
tree,shap,0.01,0,503,1.0,1.0,1
tree,shap,0.01,0,506,1.0,1.0,1
tree,shap,0.01,0,521,1.0,1.0,1
tree,shap,0.01,0,523,1.0,1.0,1
tree,shap,0.01,0,530,1.0,1.0,1
tree,shap,0.01,0,547,1.0,1.0,1
tree,shap,0.01,0,551,1.0,1.0,1
tree,shap,0.01,0,556,1.0,1.0,1
tree,shap,0.01,0,558,1.0,1.0,1
tree,shap,0.01,0,559,1.0,1.0,1
tree,shap,0.01,0,562,1.0,1.0,1
tree,shap,0.01,0,564,1.0,1.0,1
tree,shap,0.01,0,572,1.0,1.0,1
tree,shap,0.01,0,582,0.9649446494464944,1.0,1
tree,shap,0.01,0,587,1.0,1.0,1
tree,shap,0.01,0,590,1.0,1.0,1
tree,shap,0.01,0,591,1.0,1.0,1
tree,shap,0.01,0,598,0.9981549815498154,1.0,1
tree,shap,0.01,0,605,1.0,1.0,1
tree,shap,0.01,0,609,1.0,1.0,1
tree,shap,0.01,0,613,1.0,1.0,1
tree,shap,0.01,0,619,1.0,1.0,1
tree,shap,0.01,0,620,1.0,1.0,1
tree,shap,0.01,0,626,1.0,1.0,1
tree,shap,0.01,0,627,1.0,1.0,1
tree,shap,0.01,0,637,1.0,1.0,1
tree,shap,0.01,0,640,1.0,1.0,1
tree,shap,0.01,0,667,1.0,1.0,1
tree,shap,0.01,0,673,1.0,1.0,1
tree,shap,0.01,0,687,1.0,1.0,1
tree,shap,0.01,0,688,1.0,1.0,1
tree,shap,0.01,0,689,0.9981549815498154,1.0,1
tree,shap,0.01,0,690,1.0,1.0,1
tree,shap,0.01,0,693,1.0,1.0,1
tree,shap,0.01,0,724,1.0,1.0,1
tree,shap,0.01,0,732,1.0,1.0,1
tree,shap,0.01,0,740,1.0,1.0,1
tree,shap,0.01,0,748,0.9981549815498154,0.8,1
tree,shap,0.01,0,751,1.0,1.0,1
tree,shap,0.01,0,752,1.0,1.0,1
tree,shap,0.01,0,755,1.0,1.0,1
tree,shap,0.01,0,759,1.0,1.0,1
tree,shap,0.01,0,766,1.0,1.0,1
tree,shap,0.01,0,786,1.0,1.0,1
tree,shap,0.01,0,790,0.9981549815498154,0.8,1
tree,shap,0.01,0,792,1.0,1.0,1
tree,shap,0.01,0,809,1.0,1.0,1
tree,shap,0.01,0,812,1.0,1.0,1
tree,shap,0.01,0,830,1.0,1.0,1
tree,shap,0.01,0,845,1.0,1.0,1
tree,shap,0.01,0,847,1.0,1.0,1
tree,shap,0.01,0,848,1.0,1.0,1
tree,shap,0.01,0,850,1.0,1.0,1
tree,shap,0.01,0,860,1.0,1.0,1
tree,shap,0.01,0,864,1.0,1.0,1
tree,shap,0.01,0,869,0.9944649446494463,0.8,1
tree,shap,0.01,0,872,1.0,1.0,1
tree,shap,0.01,0,874,1.0,1.0,1
tree,shap,0.01,0,875,1.0,1.0,1
tree,shap,0.01,0,878,1.0,1.0,1
tree,shap,0.01,0,880,1.0,1.0,1
tree,shap,0.01,0,886,1.0,1.0,1
tree,shap,0.01,0,889,1.0,1.0,1
tree,shap,0.01,0,896,1.0,1.0,1
tree,shap,0.01,0,900,1.0,1.0,1
tree,shap,0.01,0,904,1.0,1.0,1
tree,shap,0.01,0,908,1.0,1.0,1
tree,shap,0.01,0,927,1.0,1.0,1
tree,shap,0.01,0,934,1.0,1.0,1
tree,shap,0.01,0,939,1.0,1.0,1
tree,shap,0.01,0,943,1.0,1.0,1
tree,shap,0.01,0,945,0.9981549815498154,1.0,1
tree,shap,0.01,0,954,1.0,1.0,1
tree,shap,0.01,0,959,1.0,1.0,1
tree,shap,0.01,0,961,1.0,1.0,1
tree,shap,0.01,0,967,1.0,1.0,1
tree,shap,0.01,0,976,1.0,1.0,1
tree,shap,0.01,0,990,1.0,1.0,1
tree,shap,0.01,0,993,1.0,1.0,1
tree,shap,0.01,0,996,1.0,1.0,1
tree,shap,0.01,0,1014,1.0,1.0,1
tree,shap,0.01,0,1015,1.0,1.0,1
tree,shap,0.01,0,1019,1.0,1.0,1
tree,shap,0.01,0,1023,1.0,1.0,1
tree,shap,0.01,0,1027,0.9833948339483395,1.0,1
tree,shap,0.01,0,1028,1.0,1.0,1
tree,shap,0.01,0,1031,1.0,1.0,1
tree,shap,0.01,0,1039,1.0,1.0,1
tree,shap,0.01,0,1043,1.0,1.0,1
tree,shap,0.01,0,1052,1.0,1.0,1
tree,shap,0.01,0,1063,1.0,1.0,1
tree,shap,0.01,0,1065,1.0,1.0,1
tree,shap,0.01,0,1070,1.0,1.0,1
tree,shap,0.01,0,1073,1.0,1.0,1
tree,shap,0.01,0,1077,1.0,1.0,1
tree,shap,0.01,0,1087,1.0,1.0,1
tree,shap,0.01,0,1092,1.0,1.0,1
tree,shap,0.01,0,1100,1.0,1.0,1
tree,shap,0.01,0,1112,1.0,1.0,1
tree,shap,0.01,0,1116,1.0,1.0,1
tree,shap,0.01,0,1119,1.0,1.0,1
tree,shap,0.01,0,1137,1.0,1.0,1
tree,shap,0.01,0,1138,1.0,1.0,1
tree,shap,0.01,0,1151,1.0,1.0,1
tree,shap,0.01,0,1152,1.0,1.0,1
tree,shap,0.01,0,1160,1.0,1.0,1
tree,shap,0.01,0,1167,1.0,1.0,1
tree,shap,0.01,0,1187,1.0,1.0,1
tree,shap,0.01,0,1209,1.0,1.0,1
tree,shap,0.01,0,1214,1.0,1.0,1
tree,shap,0.01,0,1227,1.0,1.0,1
tree,shap,0.01,0,1237,1.0,1.0,1
tree,shap,0.01,0,1246,1.0,1.0,1
tree,shap,0.01,0,1256,1.0,1.0,1
tree,shap,0.01,0,1259,1.0,1.0,1
tree,shap,0.01,0,1299,1.0,1.0,1
tree,shap,0.01,0,1300,1.0,1.0,1
tree,shap,0.01,0,1309,1.0,1.0,1
tree,shap,0.01,0,1314,1.0,1.0,1
tree,shap,0.01,0,1316,1.0,1.0,1
tree,shap,0.01,0,1322,1.0,1.0,1
tree,shap,0.01,0,1339,1.0,1.0,1
tree,shap,0.01,0,1340,1.0,1.0,1
tree,shap,0.01,0,1343,1.0,1.0,1
tree,shap,0.01,0,1344,1.0,1.0,1
tree,shap,0.01,0,1348,1.0,1.0,1
tree,shap,0.01,0,1351,1.0,1.0,1
tree,shap,0.01,0,1354,1.0,1.0,1
tree,shap,0.01,0,1360,1.0,1.0,1
tree,shap,0.01,0,1368,1.0,1.0,1
tree,shap,0.01,0,1379,1.0,1.0,1
tree,shap,0.01,0,1383,1.0,1.0,1
tree,shap,0.01,0,1389,1.0,1.0,1
tree,shap,0.01,0,1392,1.0,1.0,1
tree,shap,0.01,0,1395,1.0,1.0,1
tree,shap,0.01,1,9,1.0,1.0,1
tree,shap,0.01,1,31,1.0,1.0,1
tree,shap,0.01,1,41,1.0,1.0,1
tree,shap,0.01,1,46,1.0,1.0,1
tree,shap,0.01,1,49,1.0,1.0,1
tree,shap,0.01,1,55,1.0,1.0,1
tree,shap,0.01,1,79,1.0,1.0,1
tree,shap,0.01,1,84,1.0,1.0,1
tree,shap,0.01,1,97,1.0,1.0,1
tree,shap,0.01,1,104,1.0,1.0,1
tree,shap,0.01,1,105,0.9981549815498154,1.0,1
tree,shap,0.01,1,107,1.0,1.0,1
tree,shap,0.01,1,114,1.0,1.0,1
tree,shap,0.01,1,121,1.0,1.0,1
tree,shap,0.01,1,122,1.0,1.0,1
tree,shap,0.01,1,123,1.0,1.0,1
tree,shap,0.01,1,125,0.9723247232472324,0.8,1
tree,shap,0.01,1,146,1.0,1.0,1
tree,shap,0.01,1,151,1.0,1.0,1
tree,shap,0.01,1,156,1.0,1.0,1
tree,shap,0.01,1,165,1.0,1.0,1
tree,shap,0.01,1,166,1.0,1.0,1
tree,shap,0.01,1,171,1.0,1.0,1
tree,shap,0.01,1,182,1.0,1.0,1
tree,shap,0.01,1,184,1.0,1.0,1
tree,shap,0.01,1,194,1.0,1.0,1
tree,shap,0.01,1,205,1.0,1.0,1
tree,shap,0.01,1,206,1.0,1.0,1
tree,shap,0.01,1,211,1.0,1.0,1
tree,shap,0.01,1,223,1.0,1.0,1
tree,shap,0.01,1,224,1.0,1.0,1
tree,shap,0.01,1,229,1.0,1.0,1
tree,shap,0.01,1,231,1.0,1.0,1
tree,shap,0.01,1,241,1.0,1.0,1
tree,shap,0.01,1,244,1.0,1.0,1
tree,shap,0.01,1,261,1.0,1.0,1
tree,shap,0.01,1,281,1.0,1.0,1
tree,shap,0.01,1,289,1.0,1.0,1
tree,shap,0.01,1,291,1.0,1.0,1
tree,shap,0.01,1,311,1.0,1.0,1
tree,shap,0.01,1,316,1.0,1.0,1
tree,shap,0.01,1,325,1.0,1.0,1
tree,shap,0.01,1,332,1.0,1.0,1
tree,shap,0.01,1,344,1.0,1.0,1
tree,shap,0.01,1,364,1.0,1.0,1
tree,shap,0.01,1,372,1.0,1.0,1
tree,shap,0.01,1,375,1.0,1.0,1
tree,shap,0.01,1,381,1.0,1.0,1
tree,shap,0.01,1,398,1.0,1.0,1
tree,shap,0.01,1,403,1.0,1.0,1
tree,shap,0.01,1,407,0.9944649446494463,1.0,1
tree,shap,0.01,1,414,1.0,1.0,1
tree,shap,0.01,1,420,1.0,1.0,1
tree,shap,0.01,1,423,1.0,1.0,1
tree,shap,0.01,1,440,1.0,1.0,1
tree,shap,0.01,1,442,1.0,1.0,1
tree,shap,0.01,1,454,1.0,1.0,1
tree,shap,0.01,1,457,1.0,1.0,1
tree,shap,0.01,1,459,1.0,1.0,1
tree,shap,0.01,1,464,0.9760147601476012,0.8,1
tree,shap,0.01,1,467,1.0,1.0,1
tree,shap,0.01,1,471,1.0,1.0,1
tree,shap,0.01,1,475,1.0,1.0,1
tree,shap,0.01,1,480,1.0,1.0,1
tree,shap,0.01,1,495,1.0,1.0,1
tree,shap,0.01,1,503,1.0,1.0,1
tree,shap,0.01,1,506,1.0,1.0,1
tree,shap,0.01,1,521,1.0,1.0,1
tree,shap,0.01,1,523,1.0,1.0,1
tree,shap,0.01,1,530,1.0,1.0,1
tree,shap,0.01,1,547,1.0,1.0,1
tree,shap,0.01,1,551,1.0,1.0,1
tree,shap,0.01,1,556,1.0,1.0,1
tree,shap,0.01,1,558,1.0,1.0,1
tree,shap,0.01,1,559,1.0,1.0,1
tree,shap,0.01,1,562,1.0,1.0,1
tree,shap,0.01,1,564,1.0,1.0,1
tree,shap,0.01,1,572,1.0,1.0,1
tree,shap,0.01,1,582,1.0,1.0,1
tree,shap,0.01,1,587,1.0,1.0,1
tree,shap,0.01,1,590,1.0,1.0,1
tree,shap,0.01,1,591,1.0,1.0,1
tree,shap,0.01,1,598,0.9981549815498154,1.0,1
tree,shap,0.01,1,605,1.0,1.0,1
tree,shap,0.01,1,609,1.0,1.0,1
tree,shap,0.01,1,613,1.0,1.0,1
tree,shap,0.01,1,619,1.0,1.0,1
tree,shap,0.01,1,620,1.0,1.0,1
tree,shap,0.01,1,626,1.0,1.0,1
tree,shap,0.01,1,627,1.0,1.0,1
tree,shap,0.01,1,637,1.0,1.0,1
tree,shap,0.01,1,640,1.0,1.0,1
tree,shap,0.01,1,667,1.0,1.0,1
tree,shap,0.01,1,673,1.0,1.0,1
tree,shap,0.01,1,687,1.0,1.0,1
tree,shap,0.01,1,688,1.0,1.0,1
tree,shap,0.01,1,689,1.0,1.0,1
tree,shap,0.01,1,690,1.0,1.0,1
tree,shap,0.01,1,693,1.0,1.0,1
tree,shap,0.01,1,724,1.0,1.0,1
tree,shap,0.01,1,732,1.0,1.0,1
tree,shap,0.01,1,740,1.0,1.0,1
tree,shap,0.01,1,748,1.0,1.0,1
tree,shap,0.01,1,751,1.0,1.0,1
tree,shap,0.01,1,752,1.0,1.0,1
tree,shap,0.01,1,755,1.0,1.0,1
tree,shap,0.01,1,759,1.0,1.0,1
tree,shap,0.01,1,766,1.0,1.0,1
tree,shap,0.01,1,786,1.0,1.0,1
tree,shap,0.01,1,790,1.0,1.0,1
tree,shap,0.01,1,792,1.0,1.0,1
tree,shap,0.01,1,809,1.0,1.0,1
tree,shap,0.01,1,812,1.0,1.0,1
tree,shap,0.01,1,830,1.0,1.0,1
tree,shap,0.01,1,845,1.0,1.0,1
tree,shap,0.01,1,847,1.0,1.0,1
tree,shap,0.01,1,848,1.0,1.0,1
tree,shap,0.01,1,850,1.0,1.0,1
tree,shap,0.01,1,860,1.0,1.0,1
tree,shap,0.01,1,864,1.0,1.0,1
tree,shap,0.01,1,869,0.9944649446494463,0.8,1
tree,shap,0.01,1,872,1.0,1.0,1
tree,shap,0.01,1,874,1.0,1.0,1
tree,shap,0.01,1,875,1.0,1.0,1
tree,shap,0.01,1,878,1.0,1.0,1
tree,shap,0.01,1,880,1.0,1.0,1
tree,shap,0.01,1,886,1.0,1.0,1
tree,shap,0.01,1,889,1.0,1.0,1
tree,shap,0.01,1,896,1.0,1.0,1
tree,shap,0.01,1,900,1.0,1.0,1
tree,shap,0.01,1,904,1.0,1.0,1
tree,shap,0.01,1,908,1.0,1.0,1
tree,shap,0.01,1,927,1.0,1.0,1
tree,shap,0.01,1,934,1.0,1.0,1
tree,shap,0.01,1,939,1.0,1.0,1
tree,shap,0.01,1,943,1.0,1.0,1
tree,shap,0.01,1,945,1.0,1.0,1
tree,shap,0.01,1,954,0.9944649446494463,0.8,1
tree,shap,0.01,1,959,1.0,1.0,1
tree,shap,0.01,1,961,1.0,1.0,1
tree,shap,0.01,1,967,1.0,1.0,1
tree,shap,0.01,1,976,1.0,1.0,1
tree,shap,0.01,1,990,1.0,1.0,1
tree,shap,0.01,1,993,0.9981549815498154,1.0,1
tree,shap,0.01,1,996,1.0,1.0,1
tree,shap,0.01,1,1014,1.0,1.0,1
tree,shap,0.01,1,1015,1.0,1.0,1
tree,shap,0.01,1,1019,1.0,1.0,1
tree,shap,0.01,1,1023,1.0,1.0,1
tree,shap,0.01,1,1027,1.0,1.0,1
tree,shap,0.01,1,1028,1.0,1.0,1
tree,shap,0.01,1,1031,1.0,1.0,1
tree,shap,0.01,1,1039,1.0,1.0,1
tree,shap,0.01,1,1043,1.0,1.0,1
tree,shap,0.01,1,1052,1.0,1.0,1
tree,shap,0.01,1,1063,1.0,1.0,1
tree,shap,0.01,1,1065,1.0,1.0,1
tree,shap,0.01,1,1070,1.0,1.0,1
tree,shap,0.01,1,1073,1.0,1.0,1
tree,shap,0.01,1,1077,1.0,1.0,1
tree,shap,0.01,1,1087,1.0,1.0,1
tree,shap,0.01,1,1092,1.0,1.0,1
tree,shap,0.01,1,1100,1.0,1.0,1
tree,shap,0.01,1,1112,1.0,1.0,1
tree,shap,0.01,1,1116,1.0,1.0,1
tree,shap,0.01,1,1119,1.0,1.0,1
tree,shap,0.01,1,1137,1.0,1.0,1
tree,shap,0.01,1,1138,1.0,1.0,1
tree,shap,0.01,1,1151,1.0,1.0,1
tree,shap,0.01,1,1152,1.0,1.0,1
tree,shap,0.01,1,1160,1.0,1.0,1
tree,shap,0.01,1,1167,1.0,1.0,1
tree,shap,0.01,1,1187,1.0,1.0,1
tree,shap,0.01,1,1209,1.0,1.0,1
tree,shap,0.01,1,1214,1.0,1.0,1
tree,shap,0.01,1,1227,1.0,1.0,1
tree,shap,0.01,1,1237,1.0,1.0,1
tree,shap,0.01,1,1246,1.0,1.0,1
tree,shap,0.01,1,1256,1.0,1.0,1
tree,shap,0.01,1,1259,1.0,1.0,1
tree,shap,0.01,1,1299,1.0,1.0,1
tree,shap,0.01,1,1300,1.0,1.0,1
tree,shap,0.01,1,1309,1.0,1.0,1
tree,shap,0.01,1,1314,1.0,1.0,1
tree,shap,0.01,1,1316,1.0,1.0,1
tree,shap,0.01,1,1322,1.0,1.0,1
tree,shap,0.01,1,1339,1.0,1.0,1
tree,shap,0.01,1,1340,1.0,1.0,1
tree,shap,0.01,1,1343,1.0,1.0,1
tree,shap,0.01,1,1344,1.0,1.0,1
tree,shap,0.01,1,1348,1.0,1.0,1
tree,shap,0.01,1,1351,1.0,1.0,1
tree,shap,0.01,1,1354,1.0,1.0,1
tree,shap,0.01,1,1360,1.0,1.0,1
tree,shap,0.01,1,1368,1.0,1.0,1
tree,shap,0.01,1,1379,1.0,1.0,1
tree,shap,0.01,1,1383,1.0,1.0,1
tree,shap,0.01,1,1389,1.0,1.0,1
tree,shap,0.01,1,1392,1.0,1.0,1
tree,shap,0.01,1,1395,1.0,1.0,1
tree,shap,0.01,2,9,1.0,1.0,1
tree,shap,0.01,2,31,1.0,1.0,1
tree,shap,0.01,2,41,0.9981549815498154,1.0,1
tree,shap,0.01,2,46,1.0,1.0,1
tree,shap,0.01,2,49,1.0,1.0,1
tree,shap,0.01,2,55,1.0,1.0,1
tree,shap,0.01,2,79,1.0,1.0,1
tree,shap,0.01,2,84,1.0,1.0,1
tree,shap,0.01,2,97,1.0,1.0,1
tree,shap,0.01,2,104,1.0,1.0,1
tree,shap,0.01,2,105,1.0,1.0,1
tree,shap,0.01,2,107,1.0,1.0,1
tree,shap,0.01,2,114,1.0,1.0,1
tree,shap,0.01,2,121,1.0,1.0,1
tree,shap,0.01,2,122,1.0,1.0,1
tree,shap,0.01,2,123,1.0,1.0,1
tree,shap,0.01,2,125,0.9723247232472324,0.8,1
tree,shap,0.01,2,146,1.0,1.0,1
tree,shap,0.01,2,151,1.0,1.0,1
tree,shap,0.01,2,156,1.0,1.0,1
tree,shap,0.01,2,165,1.0,1.0,1
tree,shap,0.01,2,166,1.0,1.0,1
tree,shap,0.01,2,171,1.0,1.0,1
tree,shap,0.01,2,182,1.0,1.0,1
tree,shap,0.01,2,184,1.0,1.0,1
tree,shap,0.01,2,194,1.0,1.0,1
tree,shap,0.01,2,205,1.0,1.0,1
tree,shap,0.01,2,206,1.0,1.0,1
tree,shap,0.01,2,211,1.0,1.0,1
tree,shap,0.01,2,223,1.0,1.0,1
tree,shap,0.01,2,224,1.0,1.0,1
tree,shap,0.01,2,229,1.0,1.0,1
tree,shap,0.01,2,231,1.0,1.0,1
tree,shap,0.01,2,241,1.0,1.0,1
tree,shap,0.01,2,244,1.0,1.0,1
tree,shap,0.01,2,261,1.0,1.0,1
tree,shap,0.01,2,281,1.0,1.0,1
tree,shap,0.01,2,289,1.0,1.0,1
tree,shap,0.01,2,291,1.0,1.0,1
tree,shap,0.01,2,311,1.0,1.0,1
tree,shap,0.01,2,316,1.0,1.0,1
tree,shap,0.01,2,325,1.0,1.0,1
tree,shap,0.01,2,332,1.0,1.0,1
tree,shap,0.01,2,344,1.0,1.0,1
tree,shap,0.01,2,364,1.0,1.0,1
tree,shap,0.01,2,372,1.0,1.0,1
tree,shap,0.01,2,375,1.0,1.0,1
tree,shap,0.01,2,381,1.0,1.0,1
tree,shap,0.01,2,398,1.0,1.0,1
tree,shap,0.01,2,403,0.9391143911439113,0.8,1
tree,shap,0.01,2,407,1.0,1.0,1
tree,shap,0.01,2,414,1.0,1.0,1
tree,shap,0.01,2,420,1.0,1.0,1
tree,shap,0.01,2,423,1.0,1.0,1
tree,shap,0.01,2,440,1.0,1.0,1
tree,shap,0.01,2,442,1.0,1.0,1
tree,shap,0.01,2,454,1.0,1.0,1
tree,shap,0.01,2,457,1.0,1.0,1
tree,shap,0.01,2,459,1.0,1.0,1
tree,shap,0.01,2,464,1.0,1.0,1
tree,shap,0.01,2,467,0.9797047970479705,0.8,1
tree,shap,0.01,2,471,1.0,1.0,1
tree,shap,0.01,2,475,1.0,1.0,1
tree,shap,0.01,2,480,1.0,1.0,1
tree,shap,0.01,2,495,1.0,1.0,1
tree,shap,0.01,2,503,1.0,1.0,1
tree,shap,0.01,2,506,1.0,1.0,1
tree,shap,0.01,2,521,1.0,1.0,1
tree,shap,0.01,2,523,1.0,1.0,1
tree,shap,0.01,2,530,1.0,1.0,1
tree,shap,0.01,2,547,1.0,1.0,1
tree,shap,0.01,2,551,1.0,1.0,1
tree,shap,0.01,2,556,1.0,1.0,1
tree,shap,0.01,2,558,1.0,1.0,1
tree,shap,0.01,2,559,1.0,1.0,1
tree,shap,0.01,2,562,1.0,1.0,1
tree,shap,0.01,2,564,1.0,1.0,1
tree,shap,0.01,2,572,1.0,1.0,1
tree,shap,0.01,2,582,0.9649446494464944,1.0,1
tree,shap,0.01,2,587,1.0,1.0,1
tree,shap,0.01,2,590,1.0,1.0,1
tree,shap,0.01,2,591,1.0,1.0,1
tree,shap,0.01,2,598,1.0,1.0,1
tree,shap,0.01,2,605,1.0,1.0,1
tree,shap,0.01,2,609,1.0,1.0,1
tree,shap,0.01,2,613,1.0,1.0,1
tree,shap,0.01,2,619,1.0,1.0,1
tree,shap,0.01,2,620,1.0,1.0,1
tree,shap,0.01,2,626,1.0,1.0,1
tree,shap,0.01,2,627,1.0,1.0,1
tree,shap,0.01,2,637,1.0,1.0,1
tree,shap,0.01,2,640,1.0,1.0,1
tree,shap,0.01,2,667,1.0,1.0,1
tree,shap,0.01,2,673,1.0,1.0,1
tree,shap,0.01,2,687,1.0,1.0,1
tree,shap,0.01,2,688,1.0,1.0,1
tree,shap,0.01,2,689,1.0,1.0,1
tree,shap,0.01,2,690,1.0,1.0,1
tree,shap,0.01,2,693,1.0,1.0,1
tree,shap,0.01,2,724,1.0,1.0,1
tree,shap,0.01,2,732,1.0,1.0,1
tree,shap,0.01,2,740,1.0,1.0,1
tree,shap,0.01,2,748,1.0,1.0,1
tree,shap,0.01,2,751,1.0,1.0,1
tree,shap,0.01,2,752,0.966789667896679,0.8,1
tree,shap,0.01,2,755,1.0,1.0,1
tree,shap,0.01,2,759,1.0,1.0,1
tree,shap,0.01,2,766,1.0,1.0,1
tree,shap,0.01,2,786,1.0,1.0,1
tree,shap,0.01,2,790,1.0,1.0,1
tree,shap,0.01,2,792,0.9981549815498154,1.0,1
tree,shap,0.01,2,809,1.0,1.0,1
tree,shap,0.01,2,812,1.0,1.0,1
tree,shap,0.01,2,830,0.9778597785977858,0.8,1
tree,shap,0.01,2,845,1.0,1.0,1
tree,shap,0.01,2,847,1.0,1.0,1
tree,shap,0.01,2,848,1.0,1.0,1
tree,shap,0.01,2,850,1.0,1.0,1
tree,shap,0.01,2,860,1.0,1.0,1
tree,shap,0.01,2,864,1.0,1.0,1
tree,shap,0.01,2,869,1.0,1.0,1
tree,shap,0.01,2,872,1.0,1.0,1
tree,shap,0.01,2,874,1.0,1.0,1
tree,shap,0.01,2,875,1.0,1.0,1
tree,shap,0.01,2,878,1.0,1.0,1
tree,shap,0.01,2,880,1.0,1.0,1
tree,shap,0.01,2,886,1.0,1.0,1
tree,shap,0.01,2,889,1.0,1.0,1
tree,shap,0.01,2,896,1.0,1.0,1
tree,shap,0.01,2,900,1.0,1.0,1
tree,shap,0.01,2,904,1.0,1.0,1
tree,shap,0.01,2,908,1.0,1.0,1
tree,shap,0.01,2,927,1.0,1.0,1
tree,shap,0.01,2,934,1.0,1.0,1
tree,shap,0.01,2,939,1.0,1.0,1
tree,shap,0.01,2,943,1.0,1.0,1
tree,shap,0.01,2,945,1.0,1.0,1
tree,shap,0.01,2,954,1.0,1.0,1
tree,shap,0.01,2,959,1.0,1.0,1
tree,shap,0.01,2,961,1.0,1.0,1
tree,shap,0.01,2,967,1.0,1.0,1
tree,shap,0.01,2,976,1.0,1.0,1
tree,shap,0.01,2,990,1.0,1.0,1
tree,shap,0.01,2,993,0.9981549815498154,1.0,1
tree,shap,0.01,2,996,1.0,1.0,1
tree,shap,0.01,2,1014,1.0,1.0,1
tree,shap,0.01,2,1015,1.0,1.0,1
tree,shap,0.01,2,1019,1.0,1.0,1
tree,shap,0.01,2,1023,1.0,1.0,1
tree,shap,0.01,2,1027,1.0,1.0,1
tree,shap,0.01,2,1028,0.992619926199262,1.0,1
tree,shap,0.01,2,1031,1.0,1.0,1
tree,shap,0.01,2,1039,1.0,1.0,1
tree,shap,0.01,2,1043,1.0,1.0,1
tree,shap,0.01,2,1052,1.0,1.0,1
tree,shap,0.01,2,1063,1.0,1.0,1
tree,shap,0.01,2,1065,1.0,1.0,1
tree,shap,0.01,2,1070,1.0,1.0,1
tree,shap,0.01,2,1073,0.9963099630996309,1.0,1
tree,shap,0.01,2,1077,1.0,1.0,1
tree,shap,0.01,2,1087,1.0,1.0,1
tree,shap,0.01,2,1092,1.0,1.0,1
tree,shap,0.01,2,1100,1.0,1.0,1
tree,shap,0.01,2,1112,1.0,1.0,1
tree,shap,0.01,2,1116,1.0,1.0,1
tree,shap,0.01,2,1119,1.0,1.0,1
tree,shap,0.01,2,1137,1.0,1.0,1
tree,shap,0.01,2,1138,1.0,1.0,1
tree,shap,0.01,2,1151,1.0,1.0,1
tree,shap,0.01,2,1152,1.0,1.0,1
tree,shap,0.01,2,1160,1.0,1.0,1
tree,shap,0.01,2,1167,1.0,1.0,1
tree,shap,0.01,2,1187,1.0,1.0,1
tree,shap,0.01,2,1209,1.0,1.0,1
tree,shap,0.01,2,1214,1.0,1.0,1
tree,shap,0.01,2,1227,1.0,1.0,1
tree,shap,0.01,2,1237,1.0,1.0,1
tree,shap,0.01,2,1246,1.0,1.0,1
tree,shap,0.01,2,1256,1.0,1.0,1
tree,shap,0.01,2,1259,1.0,1.0,1
tree,shap,0.01,2,1299,1.0,1.0,1
tree,shap,0.01,2,1300,1.0,1.0,1
tree,shap,0.01,2,1309,1.0,1.0,1
tree,shap,0.01,2,1314,1.0,1.0,1
tree,shap,0.01,2,1316,1.0,1.0,1
tree,shap,0.01,2,1322,1.0,1.0,1
tree,shap,0.01,2,1339,1.0,1.0,1
tree,shap,0.01,2,1340,1.0,1.0,1
tree,shap,0.01,2,1343,1.0,1.0,1
tree,shap,0.01,2,1344,1.0,1.0,1
tree,shap,0.01,2,1348,1.0,1.0,1
tree,shap,0.01,2,1351,1.0,1.0,1
tree,shap,0.01,2,1354,1.0,1.0,1
tree,shap,0.01,2,1360,1.0,1.0,1
tree,shap,0.01,2,1368,0.9372693726937269,0.8,1
tree,shap,0.01,2,1379,1.0,1.0,1
tree,shap,0.01,2,1383,1.0,1.0,1
tree,shap,0.01,2,1389,1.0,1.0,1
tree,shap,0.01,2,1392,0.9575645756457564,0.8,1
tree,shap,0.01,2,1395,1.0,1.0,1
tree,shap,0.05,0,9,1.0,1.0,1
tree,shap,0.05,0,31,1.0,1.0,1
tree,shap,0.05,0,41,0.9981549815498154,1.0,1
tree,shap,0.05,0,46,0.9778597785977858,0.8,1
tree,shap,0.05,0,49,0.9815498154981549,1.0,0
tree,shap,0.05,0,55,0.9723247232472324,0.8,1
tree,shap,0.05,0,79,1.0,1.0,1
tree,shap,0.05,0,84,1.0,1.0,1
tree,shap,0.05,0,97,0.9981549815498154,0.8,1
tree,shap,0.05,0,104,1.0,1.0,1
tree,shap,0.05,0,105,1.0,1.0,1
tree,shap,0.05,0,107,1.0,1.0,1
tree,shap,0.05,0,114,0.9981549815498154,0.8,1
tree,shap,0.05,0,121,1.0,1.0,1
tree,shap,0.05,0,122,1.0,1.0,1
tree,shap,0.05,0,123,1.0,1.0,1
tree,shap,0.05,0,125,1.0,1.0,1
tree,shap,0.05,0,146,1.0,1.0,1
tree,shap,0.05,0,151,1.0,1.0,1
tree,shap,0.05,0,156,1.0,1.0,1
tree,shap,0.05,0,165,1.0,1.0,1
tree,shap,0.05,0,166,1.0,1.0,1
tree,shap,0.05,0,171,1.0,1.0,1
tree,shap,0.05,0,182,1.0,1.0,1
tree,shap,0.05,0,184,1.0,1.0,1
tree,shap,0.05,0,194,1.0,1.0,1
tree,shap,0.05,0,205,0.992619926199262,1.0,1
tree,shap,0.05,0,206,0.9963099630996309,0.8,1
tree,shap,0.05,0,211,1.0,1.0,1
tree,shap,0.05,0,223,1.0,1.0,1
tree,shap,0.05,0,224,0.9833948339483395,1.0,0
tree,shap,0.05,0,229,0.992619926199262,1.0,1
tree,shap,0.05,0,231,0.9944649446494463,1.0,1
tree,shap,0.05,0,241,1.0,1.0,1
tree,shap,0.05,0,244,1.0,1.0,1
tree,shap,0.05,0,261,1.0,1.0,1
tree,shap,0.05,0,281,1.0,1.0,1
tree,shap,0.05,0,289,1.0,1.0,1
tree,shap,0.05,0,291,0.9981549815498154,0.8,1
tree,shap,0.05,0,311,1.0,1.0,1
tree,shap,0.05,0,316,1.0,1.0,1
tree,shap,0.05,0,325,1.0,1.0,1
tree,shap,0.05,0,332,1.0,1.0,1
tree,shap,0.05,0,344,1.0,1.0,1
tree,shap,0.05,0,364,1.0,1.0,1
tree,shap,0.05,0,372,0.9907749077490775,1.0,1
tree,shap,0.05,0,375,1.0,1.0,1
tree,shap,0.05,0,381,1.0,1.0,1
tree,shap,0.05,0,398,0.992619926199262,1.0,1
tree,shap,0.05,0,403,0.9391143911439113,0.8,1
tree,shap,0.05,0,407,0.9944649446494463,1.0,1
tree,shap,0.05,0,414,1.0,1.0,1
tree,shap,0.05,0,420,1.0,1.0,1
tree,shap,0.05,0,423,0.9649446494464944,0.8,1
tree,shap,0.05,0,440,1.0,1.0,1
tree,shap,0.05,0,442,1.0,1.0,1
tree,shap,0.05,0,454,1.0,1.0,1
tree,shap,0.05,0,457,1.0,1.0,1
tree,shap,0.05,0,459,1.0,1.0,1
tree,shap,0.05,0,464,1.0,1.0,1
tree,shap,0.05,0,467,0.9797047970479705,0.8,1
tree,shap,0.05,0,471,1.0,1.0,1
tree,shap,0.05,0,475,0.9981549815498154,1.0,1
tree,shap,0.05,0,480,0.8948339483394834,0.4,0
tree,shap,0.05,0,495,1.0,1.0,1
tree,shap,0.05,0,503,1.0,1.0,1
tree,shap,0.05,0,506,1.0,1.0,1
tree,shap,0.05,0,521,0.970479704797048,1.0,1
tree,shap,0.05,0,523,0.9797047970479705,1.0,1
tree,shap,0.05,0,530,1.0,1.0,1
tree,shap,0.05,0,547,0.9741697416974169,0.8,1
tree,shap,0.05,0,551,0.9889298892988929,1.0,1
tree,shap,0.05,0,556,1.0,1.0,1
tree,shap,0.05,0,558,1.0,1.0,1
tree,shap,0.05,0,559,1.0,1.0,1
tree,shap,0.05,0,562,1.0,1.0,1
tree,shap,0.05,0,564,0.9391143911439113,0.8,1
tree,shap,0.05,0,572,1.0,1.0,1
tree,shap,0.05,0,582,0.9649446494464944,1.0,1
tree,shap,0.05,0,587,1.0,1.0,1
tree,shap,0.05,0,590,1.0,1.0,1
tree,shap,0.05,0,591,1.0,1.0,1
tree,shap,0.05,0,598,0.9981549815498154,1.0,1
tree,shap,0.05,0,605,1.0,1.0,1
tree,shap,0.05,0,609,0.9483394833948339,0.8,1
tree,shap,0.05,0,613,0.9483394833948339,0.8,1
tree,shap,0.05,0,619,1.0,1.0,1
tree,shap,0.05,0,620,1.0,1.0,1
tree,shap,0.05,0,626,1.0,1.0,1
tree,shap,0.05,0,627,1.0,1.0,1
tree,shap,0.05,0,637,1.0,1.0,1
tree,shap,0.05,0,640,1.0,1.0,1
tree,shap,0.05,0,667,0.9778597785977858,1.0,1
tree,shap,0.05,0,673,0.9538745387453875,0.8,1
tree,shap,0.05,0,687,1.0,1.0,1
tree,shap,0.05,0,688,1.0,1.0,1
tree,shap,0.05,0,689,0.9981549815498154,1.0,1
tree,shap,0.05,0,690,1.0,1.0,1
tree,shap,0.05,0,693,1.0,1.0,1
tree,shap,0.05,0,724,1.0,1.0,1
tree,shap,0.05,0,732,1.0,1.0,1
tree,shap,0.05,0,740,1.0,1.0,1
tree,shap,0.05,0,748,0.9981549815498154,1.0,1
tree,shap,0.05,0,751,1.0,1.0,1
tree,shap,0.05,0,752,1.0,1.0,1
tree,shap,0.05,0,755,1.0,1.0,1
tree,shap,0.05,0,759,1.0,1.0,1
tree,shap,0.05,0,766,1.0,1.0,1
tree,shap,0.05,0,786,1.0,1.0,1
tree,shap,0.05,0,790,0.9741697416974169,0.8,1
tree,shap,0.05,0,792,1.0,1.0,1
tree,shap,0.05,0,809,1.0,1.0,1
tree,shap,0.05,0,812,1.0,1.0,1
tree,shap,0.05,0,830,1.0,1.0,1
tree,shap,0.05,0,845,1.0,1.0,1
tree,shap,0.05,0,847,1.0,1.0,1
tree,shap,0.05,0,848,1.0,1.0,1
tree,shap,0.05,0,850,1.0,1.0,1
tree,shap,0.05,0,860,1.0,1.0,1
tree,shap,0.05,0,864,1.0,1.0,1
tree,shap,0.05,0,869,0.9944649446494463,0.8,1
tree,shap,0.05,0,872,0.9981549815498154,1.0,1
tree,shap,0.05,0,874,1.0,1.0,1
tree,shap,0.05,0,875,1.0,1.0,1
tree,shap,0.05,0,878,0.9778597785977858,1.0,1
tree,shap,0.05,0,880,1.0,1.0,1
tree,shap,0.05,0,886,1.0,1.0,1
tree,shap,0.05,0,889,1.0,1.0,1
tree,shap,0.05,0,896,0.9944649446494463,1.0,1
tree,shap,0.05,0,900,1.0,1.0,1
tree,shap,0.05,0,904,1.0,1.0,1
tree,shap,0.05,0,908,1.0,1.0,1
tree,shap,0.05,0,927,1.0,1.0,1
tree,shap,0.05,0,934,0.9575645756457564,1.0,1
tree,shap,0.05,0,939,1.0,1.0,1
tree,shap,0.05,0,943,1.0,1.0,1
tree,shap,0.05,0,945,0.9981549815498154,1.0,1
tree,shap,0.05,0,954,0.9649446494464944,0.8,1
tree,shap,0.05,0,959,1.0,1.0,1
tree,shap,0.05,0,961,1.0,1.0,1
tree,shap,0.05,0,967,1.0,1.0,1
tree,shap,0.05,0,976,1.0,1.0,1
tree,shap,0.05,0,990,1.0,1.0,1
tree,shap,0.05,0,993,1.0,1.0,1
tree,shap,0.05,0,996,1.0,1.0,1
tree,shap,0.05,0,1014,0.9981549815498154,1.0,1
tree,shap,0.05,0,1015,1.0,1.0,1
tree,shap,0.05,0,1019,1.0,1.0,1
tree,shap,0.05,0,1023,0.9981549815498154,1.0,1
tree,shap,0.05,0,1027,0.9833948339483395,1.0,1
tree,shap,0.05,0,1028,0.992619926199262,1.0,1
tree,shap,0.05,0,1031,1.0,1.0,1
tree,shap,0.05,0,1039,1.0,1.0,1
tree,shap,0.05,0,1043,1.0,1.0,1
tree,shap,0.05,0,1052,1.0,1.0,1
tree,shap,0.05,0,1063,1.0,1.0,1
tree,shap,0.05,0,1065,0.9963099630996309,1.0,0
tree,shap,0.05,0,1070,0.9981549815498154,0.8,1
tree,shap,0.05,0,1073,1.0,1.0,1
tree,shap,0.05,0,1077,1.0,1.0,1
tree,shap,0.05,0,1087,1.0,1.0,1
tree,shap,0.05,0,1092,1.0,1.0,1
tree,shap,0.05,0,1100,1.0,1.0,1
tree,shap,0.05,0,1112,0.9981549815498154,0.8,1
tree,shap,0.05,0,1116,1.0,1.0,1
tree,shap,0.05,0,1119,1.0,1.0,1
tree,shap,0.05,0,1137,1.0,1.0,1
tree,shap,0.05,0,1138,1.0,1.0,1
tree,shap,0.05,0,1151,1.0,1.0,1
tree,shap,0.05,0,1152,1.0,1.0,1
tree,shap,0.05,0,1160,1.0,1.0,1
tree,shap,0.05,0,1167,1.0,1.0,1
tree,shap,0.05,0,1187,1.0,1.0,1
tree,shap,0.05,0,1209,0.9981549815498154,1.0,1
tree,shap,0.05,0,1214,1.0,1.0,1
tree,shap,0.05,0,1227,1.0,1.0,1
tree,shap,0.05,0,1237,0.9760147601476012,0.8,1
tree,shap,0.05,0,1246,1.0,1.0,1
tree,shap,0.05,0,1256,1.0,1.0,1
tree,shap,0.05,0,1259,1.0,1.0,1
tree,shap,0.05,0,1299,0.9741697416974169,0.8,1
tree,shap,0.05,0,1300,1.0,1.0,1
tree,shap,0.05,0,1309,0.9944649446494463,1.0,1
tree,shap,0.05,0,1314,0.9981549815498154,1.0,1
tree,shap,0.05,0,1316,0.9907749077490775,1.0,1
tree,shap,0.05,0,1322,0.9723247232472324,1.0,1
tree,shap,0.05,0,1339,1.0,1.0,1
tree,shap,0.05,0,1340,1.0,1.0,1
tree,shap,0.05,0,1343,1.0,1.0,1
tree,shap,0.05,0,1344,1.0,1.0,1
tree,shap,0.05,0,1348,0.9963099630996309,1.0,1
tree,shap,0.05,0,1351,1.0,1.0,1
tree,shap,0.05,0,1354,1.0,1.0,1
tree,shap,0.05,0,1360,0.9981549815498154,1.0,1
tree,shap,0.05,0,1368,0.9243542435424353,0.8,1
tree,shap,0.05,0,1379,1.0,1.0,1
tree,shap,0.05,0,1383,1.0,1.0,1
tree,shap,0.05,0,1389,1.0,1.0,1
tree,shap,0.05,0,1392,0.9575645756457564,0.8,1
tree,shap,0.05,0,1395,1.0,1.0,1
tree,shap,0.05,1,9,1.0,1.0,1
tree,shap,0.05,1,31,1.0,1.0,1
tree,shap,0.05,1,41,1.0,1.0,1
tree,shap,0.05,1,46,1.0,1.0,1
tree,shap,0.05,1,49,0.9815498154981549,1.0,0
tree,shap,0.05,1,55,1.0,1.0,1
tree,shap,0.05,1,79,1.0,1.0,1
tree,shap,0.05,1,84,1.0,1.0,1
tree,shap,0.05,1,97,0.9981549815498154,0.8,1
tree,shap,0.05,1,104,1.0,1.0,1
tree,shap,0.05,1,105,0.9981549815498154,1.0,1
tree,shap,0.05,1,107,1.0,1.0,1
tree,shap,0.05,1,114,1.0,1.0,1
tree,shap,0.05,1,121,1.0,1.0,1
tree,shap,0.05,1,122,1.0,1.0,1
tree,shap,0.05,1,123,1.0,1.0,1
tree,shap,0.05,1,125,0.9723247232472324,0.8,1
tree,shap,0.05,1,146,1.0,1.0,1
tree,shap,0.05,1,151,1.0,1.0,1
tree,shap,0.05,1,156,1.0,1.0,1
tree,shap,0.05,1,165,0.9354243542435424,0.8,1
tree,shap,0.05,1,166,1.0,1.0,1
tree,shap,0.05,1,171,1.0,1.0,1
tree,shap,0.05,1,182,1.0,1.0,1
tree,shap,0.05,1,184,1.0,1.0,1
tree,shap,0.05,1,194,1.0,1.0,1
tree,shap,0.05,1,205,0.992619926199262,1.0,1
tree,shap,0.05,1,206,1.0,1.0,1
tree,shap,0.05,1,211,1.0,1.0,1
tree,shap,0.05,1,223,1.0,1.0,1
tree,shap,0.05,1,224,1.0,1.0,1
tree,shap,0.05,1,229,0.992619926199262,1.0,1
tree,shap,0.05,1,231,0.9944649446494463,1.0,1
tree,shap,0.05,1,241,1.0,1.0,1
tree,shap,0.05,1,244,1.0,1.0,1
tree,shap,0.05,1,261,1.0,1.0,1
tree,shap,0.05,1,281,0.9981549815498154,1.0,1
tree,shap,0.05,1,289,1.0,1.0,1
tree,shap,0.05,1,291,0.9557195571955719,0.8,1
tree,shap,0.05,1,311,1.0,1.0,1
tree,shap,0.05,1,316,1.0,1.0,1
tree,shap,0.05,1,325,1.0,1.0,1
tree,shap,0.05,1,332,1.0,1.0,1
tree,shap,0.05,1,344,1.0,1.0,1
tree,shap,0.05,1,364,1.0,1.0,1
tree,shap,0.05,1,372,0.9981549815498154,1.0,1
tree,shap,0.05,1,375,1.0,1.0,1
tree,shap,0.05,1,381,0.9797047970479705,0.8,1
tree,shap,0.05,1,398,0.992619926199262,1.0,1
tree,shap,0.05,1,403,1.0,1.0,1
tree,shap,0.05,1,407,0.9944649446494463,1.0,1
tree,shap,0.05,1,414,1.0,1.0,1
tree,shap,0.05,1,420,1.0,1.0,1
tree,shap,0.05,1,423,1.0,1.0,1
tree,shap,0.05,1,440,1.0,1.0,1
tree,shap,0.05,1,442,1.0,1.0,1
tree,shap,0.05,1,454,1.0,1.0,1
tree,shap,0.05,1,457,1.0,1.0,1
tree,shap,0.05,1,459,1.0,1.0,1
tree,shap,0.05,1,464,0.9760147601476012,0.8,1
tree,shap,0.05,1,467,0.970479704797048,0.8,1
tree,shap,0.05,1,471,1.0,1.0,1
tree,shap,0.05,1,475,0.985239852398524,1.0,0
tree,shap,0.05,1,480,0.9778597785977858,0.8,1
tree,shap,0.05,1,495,1.0,1.0,1
tree,shap,0.05,1,503,1.0,1.0,1
tree,shap,0.05,1,506,0.9963099630996309,0.8,1
tree,shap,0.05,1,521,1.0,1.0,1
tree,shap,0.05,1,523,1.0,1.0,1
tree,shap,0.05,1,530,1.0,1.0,1
tree,shap,0.05,1,547,0.9760147601476012,0.8,1
tree,shap,0.05,1,551,1.0,1.0,1
tree,shap,0.05,1,556,1.0,1.0,1
tree,shap,0.05,1,558,1.0,1.0,1
tree,shap,0.05,1,559,1.0,1.0,1
tree,shap,0.05,1,562,1.0,1.0,1
tree,shap,0.05,1,564,0.9391143911439113,0.8,1
tree,shap,0.05,1,572,1.0,1.0,1
tree,shap,0.05,1,582,0.9797047970479705,1.0,1
tree,shap,0.05,1,587,0.9760147601476012,1.0,1
tree,shap,0.05,1,590,0.9464944649446495,0.4,0
tree,shap,0.05,1,591,1.0,1.0,1
tree,shap,0.05,1,598,0.9981549815498154,1.0,1
tree,shap,0.05,1,605,0.9944649446494463,1.0,1
tree,shap,0.05,1,609,1.0,1.0,1
tree,shap,0.05,1,613,1.0,1.0,1
tree,shap,0.05,1,619,1.0,1.0,1
tree,shap,0.05,1,620,0.985239852398524,1.0,1
tree,shap,0.05,1,626,0.9649446494464944,0.8,1
tree,shap,0.05,1,627,1.0,1.0,1
tree,shap,0.05,1,637,1.0,1.0,1
tree,shap,0.05,1,640,1.0,1.0,1
tree,shap,0.05,1,667,0.9760147601476012,1.0,1
tree,shap,0.05,1,673,0.9538745387453875,0.8,1
tree,shap,0.05,1,687,0.9760147601476012,0.8,1
tree,shap,0.05,1,688,1.0,1.0,1
tree,shap,0.05,1,689,0.9981549815498154,1.0,1
tree,shap,0.05,1,690,1.0,1.0,1
tree,shap,0.05,1,693,1.0,1.0,1
tree,shap,0.05,1,724,1.0,1.0,1
tree,shap,0.05,1,732,1.0,1.0,1
tree,shap,0.05,1,740,1.0,1.0,1
tree,shap,0.05,1,748,0.9317343173431734,0.8,1
tree,shap,0.05,1,751,1.0,1.0,1
tree,shap,0.05,1,752,1.0,1.0,1
tree,shap,0.05,1,755,1.0,1.0,1
tree,shap,0.05,1,759,1.0,1.0,1
tree,shap,0.05,1,766,0.9815498154981549,0.8,1
tree,shap,0.05,1,786,1.0,1.0,1
tree,shap,0.05,1,790,1.0,1.0,1
tree,shap,0.05,1,792,1.0,1.0,1
tree,shap,0.05,1,809,1.0,1.0,1
tree,shap,0.05,1,812,1.0,1.0,1
tree,shap,0.05,1,830,1.0,1.0,1
tree,shap,0.05,1,845,1.0,1.0,1
tree,shap,0.05,1,847,1.0,1.0,1
tree,shap,0.05,1,848,1.0,1.0,1
tree,shap,0.05,1,850,1.0,1.0,1
tree,shap,0.05,1,860,0.9760147601476012,0.8,1
tree,shap,0.05,1,864,1.0,1.0,1
tree,shap,0.05,1,869,0.9944649446494463,0.8,1
tree,shap,0.05,1,872,0.9815498154981549,0.8,1
tree,shap,0.05,1,874,1.0,1.0,1
tree,shap,0.05,1,875,1.0,1.0,1
tree,shap,0.05,1,878,1.0,1.0,1
tree,shap,0.05,1,880,1.0,1.0,1
tree,shap,0.05,1,886,1.0,1.0,1
tree,shap,0.05,1,889,0.9907749077490775,1.0,1
tree,shap,0.05,1,896,0.970479704797048,0.8,1
tree,shap,0.05,1,900,1.0,1.0,1
tree,shap,0.05,1,904,1.0,1.0,1
tree,shap,0.05,1,908,1.0,1.0,1
tree,shap,0.05,1,927,1.0,1.0,1
tree,shap,0.05,1,934,0.9981549815498154,0.8,1
tree,shap,0.05,1,939,1.0,1.0,1
tree,shap,0.05,1,943,1.0,1.0,1
tree,shap,0.05,1,945,1.0,1.0,1
tree,shap,0.05,1,954,0.9944649446494463,0.8,1
tree,shap,0.05,1,959,1.0,1.0,1
tree,shap,0.05,1,961,1.0,1.0,1
tree,shap,0.05,1,967,1.0,1.0,1
tree,shap,0.05,1,976,1.0,1.0,1
tree,shap,0.05,1,990,1.0,1.0,1
tree,shap,0.05,1,993,0.9981549815498154,1.0,1
tree,shap,0.05,1,996,1.0,1.0,1
tree,shap,0.05,1,1014,1.0,1.0,1
tree,shap,0.05,1,1015,1.0,1.0,1
tree,shap,0.05,1,1019,0.9649446494464944,0.8,1
tree,shap,0.05,1,1023,1.0,1.0,1
tree,shap,0.05,1,1027,0.9833948339483395,1.0,1
tree,shap,0.05,1,1028,0.9169741697416974,0.8,1
tree,shap,0.05,1,1031,1.0,1.0,1
tree,shap,0.05,1,1039,1.0,1.0,1
tree,shap,0.05,1,1043,0.9963099630996309,1.0,1
tree,shap,0.05,1,1052,0.9833948339483395,1.0,1
tree,shap,0.05,1,1063,1.0,1.0,1
tree,shap,0.05,1,1065,1.0,1.0,1
tree,shap,0.05,1,1070,0.9981549815498154,0.8,1
tree,shap,0.05,1,1073,0.9963099630996309,1.0,1
tree,shap,0.05,1,1077,1.0,1.0,1
tree,shap,0.05,1,1087,1.0,1.0,1
tree,shap,0.05,1,1092,1.0,1.0,1
tree,shap,0.05,1,1100,0.966789667896679,0.8,1
tree,shap,0.05,1,1112,0.985239852398524,0.8,1
tree,shap,0.05,1,1116,0.9889298892988929,1.0,1
tree,shap,0.05,1,1119,1.0,1.0,1
tree,shap,0.05,1,1137,1.0,1.0,1
tree,shap,0.05,1,1138,1.0,1.0,1
tree,shap,0.05,1,1151,1.0,1.0,1
tree,shap,0.05,1,1152,0.9981549815498154,1.0,1
tree,shap,0.05,1,1160,1.0,1.0,1
tree,shap,0.05,1,1167,1.0,1.0,1
tree,shap,0.05,1,1187,0.9501845018450185,0.8,1
tree,shap,0.05,1,1209,0.9981549815498154,1.0,1
tree,shap,0.05,1,1214,1.0,1.0,1
tree,shap,0.05,1,1227,1.0,1.0,1
tree,shap,0.05,1,1237,1.0,1.0,1
tree,shap,0.05,1,1246,1.0,1.0,1
tree,shap,0.05,1,1256,1.0,1.0,1
tree,shap,0.05,1,1259,1.0,1.0,1
tree,shap,0.05,1,1299,1.0,1.0,1
tree,shap,0.05,1,1300,1.0,1.0,1
tree,shap,0.05,1,1309,1.0,1.0,1
tree,shap,0.05,1,1314,0.9981549815498154,1.0,1
tree,shap,0.05,1,1316,1.0,1.0,1
tree,shap,0.05,1,1322,0.9723247232472324,1.0,1
tree,shap,0.05,1,1339,0.9981549815498154,1.0,1
tree,shap,0.05,1,1340,0.992619926199262,1.0,1
tree,shap,0.05,1,1343,1.0,1.0,1
tree,shap,0.05,1,1344,1.0,1.0,1
tree,shap,0.05,1,1348,0.9963099630996309,1.0,1
tree,shap,0.05,1,1351,0.9981549815498154,1.0,1
tree,shap,0.05,1,1354,1.0,1.0,1
tree,shap,0.05,1,1360,1.0,1.0,1
tree,shap,0.05,1,1368,1.0,1.0,1
tree,shap,0.05,1,1379,1.0,1.0,1
tree,shap,0.05,1,1383,0.9944649446494463,1.0,1
tree,shap,0.05,1,1389,1.0,1.0,1
tree,shap,0.05,1,1392,1.0,1.0,1
tree,shap,0.05,1,1395,1.0,1.0,1
tree,shap,0.05,2,9,1.0,1.0,1
tree,shap,0.05,2,31,1.0,1.0,1
tree,shap,0.05,2,41,0.9981549815498154,1.0,1
tree,shap,0.05,2,46,0.9778597785977858,0.8,1
tree,shap,0.05,2,49,1.0,1.0,1
tree,shap,0.05,2,55,1.0,1.0,1
tree,shap,0.05,2,79,1.0,1.0,1
tree,shap,0.05,2,84,1.0,1.0,1
tree,shap,0.05,2,97,0.966789667896679,1.0,1
tree,shap,0.05,2,104,1.0,1.0,1
tree,shap,0.05,2,105,1.0,1.0,1
tree,shap,0.05,2,107,1.0,1.0,1
tree,shap,0.05,2,114,1.0,1.0,1
tree,shap,0.05,2,121,1.0,1.0,1
tree,shap,0.05,2,122,0.9815498154981549,0.8,1
tree,shap,0.05,2,123,1.0,1.0,1
tree,shap,0.05,2,125,0.9723247232472324,0.8,1
tree,shap,0.05,2,146,1.0,1.0,1
tree,shap,0.05,2,151,1.0,1.0,1
tree,shap,0.05,2,156,1.0,1.0,1
tree,shap,0.05,2,165,0.9686346863468634,0.8,1
tree,shap,0.05,2,166,1.0,1.0,1
tree,shap,0.05,2,171,1.0,1.0,1
tree,shap,0.05,2,182,1.0,1.0,1
tree,shap,0.05,2,184,1.0,1.0,1
tree,shap,0.05,2,194,1.0,1.0,1
tree,shap,0.05,2,205,1.0,1.0,1
tree,shap,0.05,2,206,1.0,1.0,1
tree,shap,0.05,2,211,1.0,1.0,1
tree,shap,0.05,2,223,1.0,1.0,1
tree,shap,0.05,2,224,1.0,1.0,1
tree,shap,0.05,2,229,0.992619926199262,1.0,1
tree,shap,0.05,2,231,1.0,1.0,1
tree,shap,0.05,2,241,1.0,1.0,1
tree,shap,0.05,2,244,1.0,1.0,1
tree,shap,0.05,2,261,1.0,1.0,1
tree,shap,0.05,2,281,1.0,1.0,1
tree,shap,0.05,2,289,0.9889298892988929,1.0,1
tree,shap,0.05,2,291,0.9981549815498154,0.8,1
tree,shap,0.05,2,311,1.0,1.0,1
tree,shap,0.05,2,316,1.0,1.0,1
tree,shap,0.05,2,325,1.0,1.0,1
tree,shap,0.05,2,332,1.0,1.0,1
tree,shap,0.05,2,344,1.0,1.0,1
tree,shap,0.05,2,364,1.0,1.0,1
tree,shap,0.05,2,372,1.0,1.0,1
tree,shap,0.05,2,375,1.0,1.0,1
tree,shap,0.05,2,381,0.9797047970479705,0.8,1
tree,shap,0.05,2,398,1.0,1.0,1
tree,shap,0.05,2,403,0.9391143911439113,0.8,1
tree,shap,0.05,2,407,1.0,1.0,1
tree,shap,0.05,2,414,1.0,1.0,1
tree,shap,0.05,2,420,1.0,1.0,1
tree,shap,0.05,2,423,1.0,1.0,1
tree,shap,0.05,2,440,1.0,1.0,1
tree,shap,0.05,2,442,1.0,1.0,1
tree,shap,0.05,2,454,1.0,1.0,1
tree,shap,0.05,2,457,1.0,1.0,1
tree,shap,0.05,2,459,1.0,1.0,1
tree,shap,0.05,2,464,1.0,1.0,1
tree,shap,0.05,2,467,0.9483394833948339,0.8,1
tree,shap,0.05,2,471,1.0,1.0,1
tree,shap,0.05,2,475,0.9557195571955719,0.6,1
tree,shap,0.05,2,480,1.0,1.0,1
tree,shap,0.05,2,495,1.0,1.0,1
tree,shap,0.05,2,503,1.0,1.0,1
tree,shap,0.05,2,506,0.9963099630996309,0.8,1
tree,shap,0.05,2,521,1.0,1.0,1
tree,shap,0.05,2,523,0.992619926199262,0.8,1
tree,shap,0.05,2,530,0.9464944649446495,0.8,1
tree,shap,0.05,2,547,1.0,1.0,1
tree,shap,0.05,2,551,1.0,1.0,1
tree,shap,0.05,2,556,1.0,1.0,1
tree,shap,0.05,2,558,1.0,1.0,1
tree,shap,0.05,2,559,1.0,1.0,1
tree,shap,0.05,2,562,1.0,1.0,1
tree,shap,0.05,2,564,1.0,1.0,1
tree,shap,0.05,2,572,1.0,1.0,1
tree,shap,0.05,2,582,0.9649446494464944,1.0,1
tree,shap,0.05,2,587,1.0,1.0,1
tree,shap,0.05,2,590,1.0,1.0,1
tree,shap,0.05,2,591,0.985239852398524,1.0,0
tree,shap,0.05,2,598,1.0,1.0,1
tree,shap,0.05,2,605,0.9944649446494463,1.0,1
tree,shap,0.05,2,609,0.9483394833948339,0.8,1
tree,shap,0.05,2,613,0.9483394833948339,0.8,1
tree,shap,0.05,2,619,1.0,1.0,1
tree,shap,0.05,2,620,1.0,1.0,1
tree,shap,0.05,2,626,1.0,1.0,1
tree,shap,0.05,2,627,1.0,1.0,1
tree,shap,0.05,2,637,1.0,1.0,1
tree,shap,0.05,2,640,1.0,1.0,1
tree,shap,0.05,2,667,0.9760147601476012,1.0,1
tree,shap,0.05,2,673,0.9981549815498154,1.0,1
tree,shap,0.05,2,687,1.0,1.0,1
tree,shap,0.05,2,688,1.0,1.0,1
tree,shap,0.05,2,689,1.0,1.0,1
tree,shap,0.05,2,690,1.0,1.0,1
tree,shap,0.05,2,693,1.0,1.0,1
tree,shap,0.05,2,724,1.0,1.0,1
tree,shap,0.05,2,732,1.0,1.0,1
tree,shap,0.05,2,740,1.0,1.0,1
tree,shap,0.05,2,748,0.9981549815498154,1.0,1
tree,shap,0.05,2,751,1.0,1.0,1
tree,shap,0.05,2,752,0.966789667896679,0.8,1
tree,shap,0.05,2,755,1.0,1.0,1
tree,shap,0.05,2,759,1.0,1.0,1
tree,shap,0.05,2,766,1.0,1.0,1
tree,shap,0.05,2,786,1.0,1.0,1
tree,shap,0.05,2,790,1.0,1.0,1
tree,shap,0.05,2,792,0.992619926199262,1.0,1
tree,shap,0.05,2,809,1.0,1.0,1
tree,shap,0.05,2,812,1.0,1.0,1
tree,shap,0.05,2,830,0.9778597785977858,0.8,1
tree,shap,0.05,2,845,1.0,1.0,1
tree,shap,0.05,2,847,1.0,1.0,1
tree,shap,0.05,2,848,1.0,1.0,1
tree,shap,0.05,2,850,1.0,1.0,1
tree,shap,0.05,2,860,0.9760147601476012,0.8,1
tree,shap,0.05,2,864,1.0,1.0,1
tree,shap,0.05,2,869,0.9446494464944649,0.8,1
tree,shap,0.05,2,872,0.9981549815498154,1.0,1
tree,shap,0.05,2,874,1.0,1.0,1
tree,shap,0.05,2,875,1.0,1.0,1
tree,shap,0.05,2,878,1.0,1.0,1
tree,shap,0.05,2,880,1.0,1.0,1
tree,shap,0.05,2,886,1.0,1.0,1
tree,shap,0.05,2,889,1.0,1.0,1
tree,shap,0.05,2,896,0.9944649446494463,1.0,1
tree,shap,0.05,2,900,1.0,1.0,1
tree,shap,0.05,2,904,1.0,1.0,1
tree,shap,0.05,2,908,1.0,1.0,1
tree,shap,0.05,2,927,1.0,1.0,1
tree,shap,0.05,2,934,0.9981549815498154,0.8,1
tree,shap,0.05,2,939,1.0,1.0,1
tree,shap,0.05,2,943,1.0,1.0,1
tree,shap,0.05,2,945,0.985239852398524,1.0,0
tree,shap,0.05,2,954,1.0,1.0,1
tree,shap,0.05,2,959,1.0,1.0,1
tree,shap,0.05,2,961,1.0,1.0,1
tree,shap,0.05,2,967,1.0,1.0,1
tree,shap,0.05,2,976,1.0,1.0,1
tree,shap,0.05,2,990,1.0,1.0,1
tree,shap,0.05,2,993,0.9981549815498154,1.0,1
tree,shap,0.05,2,996,1.0,1.0,1
tree,shap,0.05,2,1014,1.0,1.0,1
tree,shap,0.05,2,1015,0.9963099630996309,0.8,1
tree,shap,0.05,2,1019,0.9649446494464944,0.8,1
tree,shap,0.05,2,1023,0.9963099630996309,1.0,1
tree,shap,0.05,2,1027,1.0,1.0,1
tree,shap,0.05,2,1028,0.9169741697416974,0.8,1
tree,shap,0.05,2,1031,1.0,1.0,1
tree,shap,0.05,2,1039,1.0,1.0,1
tree,shap,0.05,2,1043,1.0,1.0,1
tree,shap,0.05,2,1052,0.985239852398524,1.0,1
tree,shap,0.05,2,1063,1.0,1.0,1
tree,shap,0.05,2,1065,0.9760147601476012,1.0,0
tree,shap,0.05,2,1070,0.985239852398524,0.8,1
tree,shap,0.05,2,1073,0.9963099630996309,1.0,1
tree,shap,0.05,2,1077,1.0,1.0,1
tree,shap,0.05,2,1087,1.0,1.0,1
tree,shap,0.05,2,1092,1.0,1.0,1
tree,shap,0.05,2,1100,1.0,1.0,1
tree,shap,0.05,2,1112,0.985239852398524,0.8,1
tree,shap,0.05,2,1116,1.0,1.0,1
tree,shap,0.05,2,1119,1.0,1.0,1
tree,shap,0.05,2,1137,1.0,1.0,1
tree,shap,0.05,2,1138,1.0,1.0,1
tree,shap,0.05,2,1151,1.0,1.0,1
tree,shap,0.05,2,1152,0.985239852398524,1.0,0
tree,shap,0.05,2,1160,1.0,1.0,1
tree,shap,0.05,2,1167,1.0,1.0,1
tree,shap,0.05,2,1187,0.9501845018450185,0.8,1
tree,shap,0.05,2,1209,1.0,1.0,1
tree,shap,0.05,2,1214,1.0,1.0,1
tree,shap,0.05,2,1227,1.0,1.0,1
tree,shap,0.05,2,1237,1.0,1.0,1
tree,shap,0.05,2,1246,1.0,1.0,1
tree,shap,0.05,2,1256,1.0,1.0,1
tree,shap,0.05,2,1259,1.0,1.0,1
tree,shap,0.05,2,1299,0.9741697416974169,0.8,1
tree,shap,0.05,2,1300,0.9538745387453875,0.8,1
tree,shap,0.05,2,1309,1.0,1.0,1
tree,shap,0.05,2,1314,0.9889298892988929,1.0,1
tree,shap,0.05,2,1316,0.9907749077490775,1.0,1
tree,shap,0.05,2,1322,0.9981549815498154,0.8,1
tree,shap,0.05,2,1339,1.0,1.0,1
tree,shap,0.05,2,1340,1.0,1.0,1
tree,shap,0.05,2,1343,1.0,1.0,1
tree,shap,0.05,2,1344,1.0,1.0,1
tree,shap,0.05,2,1348,0.9963099630996309,1.0,1
tree,shap,0.05,2,1351,1.0,1.0,1
tree,shap,0.05,2,1354,1.0,1.0,1
tree,shap,0.05,2,1360,1.0,1.0,1
tree,shap,0.05,2,1368,0.9243542435424353,0.8,1
tree,shap,0.05,2,1379,1.0,1.0,1
tree,shap,0.05,2,1383,0.9944649446494463,1.0,1
tree,shap,0.05,2,1389,1.0,1.0,1
tree,shap,0.05,2,1392,0.9575645756457564,0.8,1
tree,shap,0.05,2,1395,1.0,1.0,1
tree,shap,0.1,0,9,1.0,1.0,1
tree,shap,0.1,0,31,1.0,1.0,1
tree,shap,0.1,0,41,0.9981549815498154,1.0,1
tree,shap,0.1,0,46,0.9778597785977858,0.8,1
tree,shap,0.1,0,49,0.9815498154981549,1.0,0
tree,shap,0.1,0,55,0.9723247232472324,0.8,1
tree,shap,0.1,0,79,1.0,1.0,1
tree,shap,0.1,0,84,1.0,1.0,1
tree,shap,0.1,0,97,0.9981549815498154,0.8,1
tree,shap,0.1,0,104,1.0,1.0,1
tree,shap,0.1,0,105,1.0,1.0,1
tree,shap,0.1,0,107,1.0,1.0,1
tree,shap,0.1,0,114,0.9981549815498154,0.8,1
tree,shap,0.1,0,121,1.0,1.0,1
tree,shap,0.1,0,122,1.0,1.0,1
tree,shap,0.1,0,123,1.0,1.0,1
tree,shap,0.1,0,125,0.992619926199262,0.8,1
tree,shap,0.1,0,146,1.0,1.0,1
tree,shap,0.1,0,151,1.0,1.0,1
tree,shap,0.1,0,156,1.0,1.0,1
tree,shap,0.1,0,165,1.0,1.0,1
tree,shap,0.1,0,166,1.0,1.0,1
tree,shap,0.1,0,171,1.0,1.0,1
tree,shap,0.1,0,182,1.0,1.0,1
tree,shap,0.1,0,184,1.0,1.0,1
tree,shap,0.1,0,194,1.0,1.0,1
tree,shap,0.1,0,205,0.992619926199262,1.0,1
tree,shap,0.1,0,206,0.9963099630996309,0.8,1
tree,shap,0.1,0,211,0.9963099630996309,1.0,1
tree,shap,0.1,0,223,1.0,1.0,1
tree,shap,0.1,0,224,0.9833948339483395,1.0,0
tree,shap,0.1,0,229,0.992619926199262,1.0,1
tree,shap,0.1,0,231,0.9944649446494463,1.0,1
tree,shap,0.1,0,241,0.9889298892988929,1.0,1
tree,shap,0.1,0,244,1.0,1.0,1
tree,shap,0.1,0,261,1.0,1.0,1
tree,shap,0.1,0,281,0.9981549815498154,1.0,1
tree,shap,0.1,0,289,0.9778597785977858,0.8,1
tree,shap,0.1,0,291,0.9981549815498154,0.8,1
tree,shap,0.1,0,311,0.992619926199262,1.0,1
tree,shap,0.1,0,316,1.0,1.0,1
tree,shap,0.1,0,325,1.0,1.0,1
tree,shap,0.1,0,332,1.0,1.0,1
tree,shap,0.1,0,344,1.0,1.0,1
tree,shap,0.1,0,364,1.0,1.0,1
tree,shap,0.1,0,372,0.9907749077490775,1.0,1
tree,shap,0.1,0,375,1.0,1.0,1
tree,shap,0.1,0,381,1.0,1.0,1
tree,shap,0.1,0,398,0.992619926199262,1.0,1
tree,shap,0.1,0,403,0.9391143911439113,0.8,1
tree,shap,0.1,0,407,0.9944649446494463,1.0,1
tree,shap,0.1,0,414,1.0,1.0,1
tree,shap,0.1,0,420,0.9760147601476012,1.0,1
tree,shap,0.1,0,423,0.9686346863468634,0.8,1
tree,shap,0.1,0,440,1.0,1.0,1
tree,shap,0.1,0,442,1.0,1.0,1
tree,shap,0.1,0,454,1.0,1.0,1
tree,shap,0.1,0,457,1.0,1.0,1
tree,shap,0.1,0,459,1.0,1.0,1
tree,shap,0.1,0,464,1.0,1.0,1
tree,shap,0.1,0,467,0.9797047970479705,0.8,1
tree,shap,0.1,0,471,1.0,1.0,1
tree,shap,0.1,0,475,0.9981549815498154,1.0,1
tree,shap,0.1,0,480,0.8948339483394834,0.4,0
tree,shap,0.1,0,495,1.0,1.0,1
tree,shap,0.1,0,503,1.0,1.0,1
tree,shap,0.1,0,506,1.0,1.0,1
tree,shap,0.1,0,521,0.970479704797048,1.0,1
tree,shap,0.1,0,523,0.9797047970479705,1.0,1
tree,shap,0.1,0,530,0.9557195571955719,0.6,1
tree,shap,0.1,0,547,0.9741697416974169,0.8,1
tree,shap,0.1,0,551,0.9963099630996309,1.0,1
tree,shap,0.1,0,556,1.0,1.0,1
tree,shap,0.1,0,558,1.0,1.0,1
tree,shap,0.1,0,559,0.9797047970479705,0.8,1
tree,shap,0.1,0,562,1.0,1.0,1
tree,shap,0.1,0,564,0.9391143911439113,0.8,1
tree,shap,0.1,0,572,1.0,1.0,1
tree,shap,0.1,0,582,0.9649446494464944,1.0,1
tree,shap,0.1,0,587,0.9760147601476012,1.0,1
tree,shap,0.1,0,590,1.0,1.0,1
tree,shap,0.1,0,591,0.9944649446494463,1.0,1
tree,shap,0.1,0,598,0.9981549815498154,1.0,1
tree,shap,0.1,0,605,0.9944649446494463,1.0,1
tree,shap,0.1,0,609,0.9483394833948339,0.8,1
tree,shap,0.1,0,613,0.9483394833948339,0.8,1
tree,shap,0.1,0,619,1.0,1.0,1
tree,shap,0.1,0,620,1.0,1.0,1
tree,shap,0.1,0,626,0.992619926199262,0.8,1
tree,shap,0.1,0,627,1.0,1.0,1
tree,shap,0.1,0,637,1.0,1.0,1
tree,shap,0.1,0,640,1.0,1.0,1
tree,shap,0.1,0,667,0.9778597785977858,1.0,1
tree,shap,0.1,0,673,0.9538745387453875,0.8,1
tree,shap,0.1,0,687,1.0,1.0,1
tree,shap,0.1,0,688,1.0,1.0,1
tree,shap,0.1,0,689,0.9981549815498154,1.0,1
tree,shap,0.1,0,690,1.0,1.0,1
tree,shap,0.1,0,693,1.0,1.0,1
tree,shap,0.1,0,724,1.0,1.0,1
tree,shap,0.1,0,732,1.0,1.0,1
tree,shap,0.1,0,740,0.9981549815498154,1.0,1
tree,shap,0.1,0,748,0.9981549815498154,1.0,1
tree,shap,0.1,0,751,1.0,1.0,1
tree,shap,0.1,0,752,1.0,1.0,1
tree,shap,0.1,0,755,1.0,1.0,1
tree,shap,0.1,0,759,1.0,1.0,1
tree,shap,0.1,0,766,1.0,1.0,1
tree,shap,0.1,0,786,1.0,1.0,1
tree,shap,0.1,0,790,0.9741697416974169,0.8,1
tree,shap,0.1,0,792,1.0,1.0,1
tree,shap,0.1,0,809,1.0,1.0,1
tree,shap,0.1,0,812,1.0,1.0,1
tree,shap,0.1,0,830,1.0,1.0,1
tree,shap,0.1,0,845,1.0,1.0,1
tree,shap,0.1,0,847,1.0,1.0,1
tree,shap,0.1,0,848,1.0,1.0,1
tree,shap,0.1,0,850,1.0,1.0,1
tree,shap,0.1,0,860,1.0,1.0,1
tree,shap,0.1,0,864,1.0,1.0,1
tree,shap,0.1,0,869,0.9944649446494463,0.8,1
tree,shap,0.1,0,872,0.9981549815498154,1.0,1
tree,shap,0.1,0,874,1.0,1.0,1
tree,shap,0.1,0,875,1.0,1.0,1
tree,shap,0.1,0,878,0.9778597785977858,1.0,1
tree,shap,0.1,0,880,1.0,1.0,1
tree,shap,0.1,0,886,1.0,1.0,1
tree,shap,0.1,0,889,0.9907749077490775,1.0,1
tree,shap,0.1,0,896,0.9944649446494463,1.0,1
tree,shap,0.1,0,900,1.0,1.0,1
tree,shap,0.1,0,904,1.0,1.0,1
tree,shap,0.1,0,908,1.0,1.0,1
tree,shap,0.1,0,927,1.0,1.0,1
tree,shap,0.1,0,934,0.9575645756457564,1.0,1
tree,shap,0.1,0,939,1.0,1.0,1
tree,shap,0.1,0,943,0.9907749077490775,1.0,1
tree,shap,0.1,0,945,0.9981549815498154,1.0,1
tree,shap,0.1,0,954,0.9649446494464944,0.8,1
tree,shap,0.1,0,959,1.0,1.0,1
tree,shap,0.1,0,961,1.0,1.0,1
tree,shap,0.1,0,967,1.0,1.0,1
tree,shap,0.1,0,976,1.0,1.0,1
tree,shap,0.1,0,990,1.0,1.0,1
tree,shap,0.1,0,993,1.0,1.0,1
tree,shap,0.1,0,996,1.0,1.0,1
tree,shap,0.1,0,1014,0.9981549815498154,1.0,1
tree,shap,0.1,0,1015,1.0,1.0,1
tree,shap,0.1,0,1019,1.0,1.0,1
tree,shap,0.1,0,1023,0.9944649446494463,1.0,1
tree,shap,0.1,0,1027,0.9833948339483395,1.0,1
tree,shap,0.1,0,1028,0.992619926199262,1.0,1
tree,shap,0.1,0,1031,1.0,1.0,1
tree,shap,0.1,0,1039,0.9797047970479705,0.8,1
tree,shap,0.1,0,1043,1.0,1.0,1
tree,shap,0.1,0,1052,1.0,1.0,1
tree,shap,0.1,0,1063,1.0,1.0,1
tree,shap,0.1,0,1065,0.9963099630996309,1.0,0
tree,shap,0.1,0,1070,0.9981549815498154,0.8,1
tree,shap,0.1,0,1073,1.0,1.0,1
tree,shap,0.1,0,1077,1.0,1.0,1
tree,shap,0.1,0,1087,0.992619926199262,1.0,1
tree,shap,0.1,0,1092,1.0,1.0,1
tree,shap,0.1,0,1100,1.0,1.0,1
tree,shap,0.1,0,1112,0.9981549815498154,0.8,1
tree,shap,0.1,0,1116,1.0,1.0,1
tree,shap,0.1,0,1119,1.0,1.0,1
tree,shap,0.1,0,1137,1.0,1.0,1
tree,shap,0.1,0,1138,1.0,1.0,1
tree,shap,0.1,0,1151,1.0,1.0,1
tree,shap,0.1,0,1152,1.0,1.0,1
tree,shap,0.1,0,1160,1.0,1.0,1
tree,shap,0.1,0,1167,1.0,1.0,1
tree,shap,0.1,0,1187,1.0,1.0,1
tree,shap,0.1,0,1209,0.9575645756457564,0.6,1
tree,shap,0.1,0,1214,1.0,1.0,1
tree,shap,0.1,0,1227,1.0,1.0,1
tree,shap,0.1,0,1237,0.9760147601476012,0.8,1
tree,shap,0.1,0,1246,1.0,1.0,1
tree,shap,0.1,0,1256,1.0,1.0,1
tree,shap,0.1,0,1259,0.9686346863468634,0.8,1
tree,shap,0.1,0,1299,0.9741697416974169,0.8,1
tree,shap,0.1,0,1300,1.0,1.0,1
tree,shap,0.1,0,1309,0.9944649446494463,1.0,1
tree,shap,0.1,0,1314,0.992619926199262,1.0,0
tree,shap,0.1,0,1316,0.9907749077490775,1.0,1
tree,shap,0.1,0,1322,0.9464944649446495,0.8,0
tree,shap,0.1,0,1339,1.0,1.0,1
tree,shap,0.1,0,1340,1.0,1.0,1
tree,shap,0.1,0,1343,1.0,1.0,1
tree,shap,0.1,0,1344,1.0,1.0,1
tree,shap,0.1,0,1348,0.9944649446494463,1.0,1
tree,shap,0.1,0,1351,1.0,1.0,1
tree,shap,0.1,0,1354,1.0,1.0,1
tree,shap,0.1,0,1360,0.9981549815498154,1.0,1
tree,shap,0.1,0,1368,0.9243542435424353,0.8,1
tree,shap,0.1,0,1379,0.9889298892988929,1.0,1
tree,shap,0.1,0,1383,0.9889298892988929,1.0,1
tree,shap,0.1,0,1389,1.0,1.0,1
tree,shap,0.1,0,1392,0.9575645756457564,0.8,1
tree,shap,0.1,0,1395,1.0,1.0,1
tree,shap,0.1,1,9,1.0,1.0,1
tree,shap,0.1,1,31,1.0,1.0,1
tree,shap,0.1,1,41,1.0,1.0,1
tree,shap,0.1,1,46,0.9981549815498154,1.0,0
tree,shap,0.1,1,49,0.9815498154981549,1.0,0
tree,shap,0.1,1,55,1.0,1.0,1
tree,shap,0.1,1,79,1.0,1.0,1
tree,shap,0.1,1,84,1.0,1.0,1
tree,shap,0.1,1,97,0.9981549815498154,0.8,1
tree,shap,0.1,1,104,1.0,1.0,1
tree,shap,0.1,1,105,0.992619926199262,1.0,1
tree,shap,0.1,1,107,1.0,1.0,1
tree,shap,0.1,1,114,1.0,1.0,1
tree,shap,0.1,1,121,1.0,1.0,1
tree,shap,0.1,1,122,0.9981549815498154,1.0,1
tree,shap,0.1,1,123,1.0,1.0,1
tree,shap,0.1,1,125,0.970479704797048,0.8,1
tree,shap,0.1,1,146,1.0,1.0,1
tree,shap,0.1,1,151,0.9944649446494463,1.0,1
tree,shap,0.1,1,156,1.0,1.0,1
tree,shap,0.1,1,165,0.9538745387453875,0.8,1
tree,shap,0.1,1,166,1.0,1.0,1
tree,shap,0.1,1,171,0.9741697416974169,1.0,1
tree,shap,0.1,1,182,1.0,1.0,1
tree,shap,0.1,1,184,1.0,1.0,1
tree,shap,0.1,1,194,1.0,1.0,1
tree,shap,0.1,1,205,0.992619926199262,1.0,1
tree,shap,0.1,1,206,1.0,1.0,1
tree,shap,0.1,1,211,1.0,1.0,1
tree,shap,0.1,1,223,0.9963099630996309,1.0,1
tree,shap,0.1,1,224,1.0,1.0,1
tree,shap,0.1,1,229,0.992619926199262,1.0,1
tree,shap,0.1,1,231,0.9944649446494463,1.0,1
tree,shap,0.1,1,241,1.0,1.0,1
tree,shap,0.1,1,244,1.0,1.0,1
tree,shap,0.1,1,261,1.0,1.0,1
tree,shap,0.1,1,281,0.9981549815498154,1.0,1
tree,shap,0.1,1,289,1.0,1.0,1
tree,shap,0.1,1,291,0.9557195571955719,0.8,1
tree,shap,0.1,1,311,0.9889298892988929,1.0,0
tree,shap,0.1,1,316,1.0,1.0,1
tree,shap,0.1,1,325,1.0,1.0,1
tree,shap,0.1,1,332,1.0,1.0,1
tree,shap,0.1,1,344,1.0,1.0,1
tree,shap,0.1,1,364,1.0,1.0,1
tree,shap,0.1,1,372,0.9981549815498154,1.0,1
tree,shap,0.1,1,375,1.0,1.0,1
tree,shap,0.1,1,381,0.9797047970479705,0.8,1
tree,shap,0.1,1,398,0.992619926199262,1.0,1
tree,shap,0.1,1,403,0.9391143911439113,0.8,1
tree,shap,0.1,1,407,0.9981549815498154,1.0,1
tree,shap,0.1,1,414,1.0,1.0,1
tree,shap,0.1,1,420,1.0,1.0,1
tree,shap,0.1,1,423,1.0,1.0,1
tree,shap,0.1,1,440,1.0,1.0,1
tree,shap,0.1,1,442,0.9723247232472324,0.8,1
tree,shap,0.1,1,454,1.0,1.0,1
tree,shap,0.1,1,457,1.0,1.0,1
tree,shap,0.1,1,459,1.0,1.0,1
tree,shap,0.1,1,464,0.9760147601476012,0.8,1
tree,shap,0.1,1,467,0.970479704797048,0.8,1
tree,shap,0.1,1,471,1.0,1.0,1
tree,shap,0.1,1,475,0.9649446494464944,1.0,0
tree,shap,0.1,1,480,0.9778597785977858,0.8,1
tree,shap,0.1,1,495,1.0,1.0,1
tree,shap,0.1,1,503,1.0,1.0,1
tree,shap,0.1,1,506,0.9741697416974169,0.8,1
tree,shap,0.1,1,521,0.970479704797048,1.0,1
tree,shap,0.1,1,523,0.9797047970479705,1.0,1
tree,shap,0.1,1,530,0.9557195571955719,0.6,1
tree,shap,0.1,1,547,0.9760147601476012,0.8,1
tree,shap,0.1,1,551,1.0,1.0,1
tree,shap,0.1,1,556,1.0,1.0,1
tree,shap,0.1,1,558,1.0,1.0,1
tree,shap,0.1,1,559,1.0,1.0,1
tree,shap,0.1,1,562,1.0,1.0,1
tree,shap,0.1,1,564,0.9778597785977858,0.8,1
tree,shap,0.1,1,572,1.0,1.0,1
tree,shap,0.1,1,582,0.9797047970479705,1.0,1
tree,shap,0.1,1,587,0.9760147601476012,1.0,1
tree,shap,0.1,1,590,0.9464944649446495,0.4,0
tree,shap,0.1,1,591,0.9981549815498154,1.0,1
tree,shap,0.1,1,598,0.9833948339483395,1.0,0
tree,shap,0.1,1,605,0.9944649446494463,1.0,1
tree,shap,0.1,1,609,1.0,1.0,1
tree,shap,0.1,1,613,1.0,1.0,1
tree,shap,0.1,1,619,0.9981549815498154,1.0,1
tree,shap,0.1,1,620,0.985239852398524,1.0,1
tree,shap,0.1,1,626,0.9649446494464944,0.8,1
tree,shap,0.1,1,627,1.0,1.0,1
tree,shap,0.1,1,637,1.0,1.0,1
tree,shap,0.1,1,640,1.0,1.0,1
tree,shap,0.1,1,667,0.9760147601476012,1.0,1
tree,shap,0.1,1,673,0.9538745387453875,0.8,1
tree,shap,0.1,1,687,0.9760147601476012,0.8,1
tree,shap,0.1,1,688,1.0,1.0,1
tree,shap,0.1,1,689,0.9981549815498154,1.0,1
tree,shap,0.1,1,690,1.0,1.0,1
tree,shap,0.1,1,693,1.0,1.0,1
tree,shap,0.1,1,724,1.0,1.0,1
tree,shap,0.1,1,732,1.0,1.0,1
tree,shap,0.1,1,740,0.992619926199262,1.0,0
tree,shap,0.1,1,748,0.9225092250922508,0.8,1
tree,shap,0.1,1,751,1.0,1.0,1
tree,shap,0.1,1,752,1.0,1.0,1
tree,shap,0.1,1,755,1.0,1.0,1
tree,shap,0.1,1,759,1.0,1.0,1
tree,shap,0.1,1,766,0.9778597785977858,0.8,1
tree,shap,0.1,1,786,1.0,1.0,1
tree,shap,0.1,1,790,1.0,1.0,1
tree,shap,0.1,1,792,1.0,1.0,1
tree,shap,0.1,1,809,1.0,1.0,1
tree,shap,0.1,1,812,1.0,1.0,1
tree,shap,0.1,1,830,1.0,1.0,1
tree,shap,0.1,1,845,1.0,1.0,1
tree,shap,0.1,1,847,0.9815498154981549,1.0,1
tree,shap,0.1,1,848,0.9833948339483395,1.0,1
tree,shap,0.1,1,850,1.0,1.0,1
tree,shap,0.1,1,860,0.9649446494464944,0.8,1
tree,shap,0.1,1,864,1.0,1.0,1
tree,shap,0.1,1,869,0.9944649446494463,0.8,1
tree,shap,0.1,1,872,0.9815498154981549,0.8,1
tree,shap,0.1,1,874,1.0,1.0,1
tree,shap,0.1,1,875,1.0,1.0,1
tree,shap,0.1,1,878,0.9778597785977858,1.0,1
tree,shap,0.1,1,880,1.0,1.0,1
tree,shap,0.1,1,886,1.0,1.0,1
tree,shap,0.1,1,889,0.9907749077490775,1.0,1
tree,shap,0.1,1,896,0.970479704797048,0.8,1
tree,shap,0.1,1,900,1.0,1.0,1
tree,shap,0.1,1,904,0.9649446494464944,0.8,1
tree,shap,0.1,1,908,0.9114391143911439,0.8,1
tree,shap,0.1,1,927,1.0,1.0,1
tree,shap,0.1,1,934,0.9981549815498154,0.8,1
tree,shap,0.1,1,939,1.0,1.0,1
tree,shap,0.1,1,943,1.0,1.0,1
tree,shap,0.1,1,945,1.0,1.0,1
tree,shap,0.1,1,954,0.9944649446494463,0.8,1
tree,shap,0.1,1,959,1.0,1.0,1
tree,shap,0.1,1,961,1.0,1.0,1
tree,shap,0.1,1,967,1.0,1.0,1
tree,shap,0.1,1,976,1.0,1.0,1
tree,shap,0.1,1,990,1.0,1.0,1
tree,shap,0.1,1,993,0.9760147601476012,1.0,0
tree,shap,0.1,1,996,1.0,1.0,1
tree,shap,0.1,1,1014,1.0,1.0,1
tree,shap,0.1,1,1015,1.0,1.0,1
tree,shap,0.1,1,1019,0.9649446494464944,0.8,1
tree,shap,0.1,1,1023,0.9981549815498154,1.0,1
tree,shap,0.1,1,1027,0.9833948339483395,1.0,1
tree,shap,0.1,1,1028,0.9169741697416974,0.8,1
tree,shap,0.1,1,1031,1.0,1.0,1
tree,shap,0.1,1,1039,1.0,1.0,1
tree,shap,0.1,1,1043,0.966789667896679,0.8,1
tree,shap,0.1,1,1052,0.9833948339483395,1.0,1
tree,shap,0.1,1,1063,1.0,1.0,1
tree,shap,0.1,1,1065,0.9760147601476012,1.0,0
tree,shap,0.1,1,1070,0.9778597785977858,0.8,1
tree,shap,0.1,1,1073,0.9963099630996309,1.0,1
tree,shap,0.1,1,1077,1.0,1.0,1
tree,shap,0.1,1,1087,1.0,1.0,1
tree,shap,0.1,1,1092,1.0,1.0,1
tree,shap,0.1,1,1100,0.966789667896679,0.8,1
tree,shap,0.1,1,1112,0.985239852398524,0.8,1
tree,shap,0.1,1,1116,0.966789667896679,1.0,1
tree,shap,0.1,1,1119,0.9981549815498154,1.0,1
tree,shap,0.1,1,1137,1.0,1.0,1
tree,shap,0.1,1,1138,1.0,1.0,1
tree,shap,0.1,1,1151,1.0,1.0,1
tree,shap,0.1,1,1152,0.9981549815498154,1.0,1
tree,shap,0.1,1,1160,0.9797047970479705,0.8,1
tree,shap,0.1,1,1167,1.0,1.0,1
tree,shap,0.1,1,1187,0.9261992619926198,0.8,1
tree,shap,0.1,1,1209,0.9981549815498154,1.0,1
tree,shap,0.1,1,1214,0.9981549815498154,1.0,1
tree,shap,0.1,1,1227,1.0,1.0,1
tree,shap,0.1,1,1237,0.9225092250922508,0.8,1
tree,shap,0.1,1,1246,1.0,1.0,1
tree,shap,0.1,1,1256,1.0,1.0,1
tree,shap,0.1,1,1259,0.9243542435424353,0.8,1
tree,shap,0.1,1,1299,1.0,1.0,1
tree,shap,0.1,1,1300,1.0,1.0,1
tree,shap,0.1,1,1309,1.0,1.0,1
tree,shap,0.1,1,1314,0.9981549815498154,1.0,1
tree,shap,0.1,1,1316,0.9907749077490775,1.0,1
tree,shap,0.1,1,1322,0.9723247232472324,1.0,1
tree,shap,0.1,1,1339,0.9981549815498154,1.0,1
tree,shap,0.1,1,1340,0.992619926199262,1.0,1
tree,shap,0.1,1,1343,1.0,1.0,1
tree,shap,0.1,1,1344,1.0,1.0,1
tree,shap,0.1,1,1348,0.9944649446494463,1.0,1
tree,shap,0.1,1,1351,0.9981549815498154,1.0,1
tree,shap,0.1,1,1354,1.0,1.0,1
tree,shap,0.1,1,1360,1.0,1.0,1
tree,shap,0.1,1,1368,1.0,1.0,1
tree,shap,0.1,1,1379,1.0,1.0,1
tree,shap,0.1,1,1383,0.9963099630996309,1.0,1
tree,shap,0.1,1,1389,1.0,1.0,1
tree,shap,0.1,1,1392,1.0,1.0,1
tree,shap,0.1,1,1395,1.0,1.0,1
tree,shap,0.1,2,9,1.0,1.0,1
tree,shap,0.1,2,31,1.0,1.0,1
tree,shap,0.1,2,41,0.9981549815498154,1.0,1
tree,shap,0.1,2,46,0.9907749077490775,1.0,1
tree,shap,0.1,2,49,1.0,1.0,1
tree,shap,0.1,2,55,0.9889298892988929,1.0,1
tree,shap,0.1,2,79,1.0,1.0,1
tree,shap,0.1,2,84,1.0,1.0,1
tree,shap,0.1,2,97,0.966789667896679,1.0,1
tree,shap,0.1,2,104,1.0,1.0,1
tree,shap,0.1,2,105,1.0,1.0,1
tree,shap,0.1,2,107,1.0,1.0,1
tree,shap,0.1,2,114,1.0,1.0,1
tree,shap,0.1,2,121,1.0,1.0,1
tree,shap,0.1,2,122,0.9594095940959408,0.8,1
tree,shap,0.1,2,123,1.0,1.0,1
tree,shap,0.1,2,125,0.970479704797048,0.8,1
tree,shap,0.1,2,146,1.0,1.0,1
tree,shap,0.1,2,151,1.0,1.0,1
tree,shap,0.1,2,156,1.0,1.0,1
tree,shap,0.1,2,165,0.9686346863468634,0.8,1
tree,shap,0.1,2,166,1.0,1.0,1
tree,shap,0.1,2,171,1.0,1.0,1
tree,shap,0.1,2,182,1.0,1.0,1
tree,shap,0.1,2,184,1.0,1.0,1
tree,shap,0.1,2,194,1.0,1.0,1
tree,shap,0.1,2,205,0.992619926199262,1.0,1
tree,shap,0.1,2,206,0.9963099630996309,0.8,1
tree,shap,0.1,2,211,1.0,1.0,1
tree,shap,0.1,2,223,1.0,1.0,1
tree,shap,0.1,2,224,1.0,1.0,1
tree,shap,0.1,2,229,0.992619926199262,1.0,1
tree,shap,0.1,2,231,1.0,1.0,1
tree,shap,0.1,2,241,1.0,1.0,1
tree,shap,0.1,2,244,1.0,1.0,1
tree,shap,0.1,2,261,1.0,1.0,1
tree,shap,0.1,2,281,1.0,1.0,1
tree,shap,0.1,2,289,0.9889298892988929,1.0,1
tree,shap,0.1,2,291,0.9981549815498154,0.8,1
tree,shap,0.1,2,311,1.0,1.0,1
tree,shap,0.1,2,316,1.0,1.0,1
tree,shap,0.1,2,325,1.0,1.0,1
tree,shap,0.1,2,332,1.0,1.0,1
tree,shap,0.1,2,344,1.0,1.0,1
tree,shap,0.1,2,364,0.9963099630996309,1.0,1
tree,shap,0.1,2,372,0.9907749077490775,1.0,1
tree,shap,0.1,2,375,1.0,1.0,1
tree,shap,0.1,2,381,0.9797047970479705,0.8,1
tree,shap,0.1,2,398,0.992619926199262,1.0,1
tree,shap,0.1,2,403,0.9778597785977858,0.8,1
tree,shap,0.1,2,407,0.9870848708487086,0.8,1
tree,shap,0.1,2,414,1.0,1.0,1
tree,shap,0.1,2,420,1.0,1.0,1
tree,shap,0.1,2,423,1.0,1.0,1
tree,shap,0.1,2,440,0.9907749077490775,1.0,1
tree,shap,0.1,2,442,1.0,1.0,1
tree,shap,0.1,2,454,1.0,1.0,1
tree,shap,0.1,2,457,1.0,1.0,1
tree,shap,0.1,2,459,1.0,1.0,1
tree,shap,0.1,2,464,0.9981549815498154,1.0,1
tree,shap,0.1,2,467,0.970479704797048,0.8,1
tree,shap,0.1,2,471,0.9520295202952029,1.0,1
tree,shap,0.1,2,475,0.9557195571955719,0.6,1
tree,shap,0.1,2,480,1.0,1.0,1
tree,shap,0.1,2,495,1.0,1.0,1
tree,shap,0.1,2,503,1.0,1.0,1
tree,shap,0.1,2,506,0.9963099630996309,0.8,1
tree,shap,0.1,2,521,1.0,1.0,1
tree,shap,0.1,2,523,0.992619926199262,0.8,1
tree,shap,0.1,2,530,0.9464944649446495,0.8,1
tree,shap,0.1,2,547,1.0,1.0,1
tree,shap,0.1,2,551,1.0,1.0,1
tree,shap,0.1,2,556,1.0,1.0,1
tree,shap,0.1,2,558,1.0,1.0,1
tree,shap,0.1,2,559,1.0,1.0,1
tree,shap,0.1,2,562,1.0,1.0,1
tree,shap,0.1,2,564,1.0,1.0,1
tree,shap,0.1,2,572,0.9981549815498154,1.0,1
tree,shap,0.1,2,582,0.9649446494464944,1.0,1
tree,shap,0.1,2,587,0.9760147601476012,1.0,1
tree,shap,0.1,2,590,0.9464944649446495,0.4,0
tree,shap,0.1,2,591,0.9833948339483395,1.0,0
tree,shap,0.1,2,598,1.0,1.0,1
tree,shap,0.1,2,605,0.9944649446494463,1.0,1
tree,shap,0.1,2,609,0.9483394833948339,0.8,1
tree,shap,0.1,2,613,0.9446494464944649,0.8,1
tree,shap,0.1,2,619,1.0,1.0,1
tree,shap,0.1,2,620,1.0,1.0,1
tree,shap,0.1,2,626,0.9741697416974169,0.8,1
tree,shap,0.1,2,627,0.9963099630996309,1.0,1
tree,shap,0.1,2,637,1.0,1.0,1
tree,shap,0.1,2,640,1.0,1.0,1
tree,shap,0.1,2,667,0.9760147601476012,1.0,1
tree,shap,0.1,2,673,0.9870848708487086,1.0,1
tree,shap,0.1,2,687,1.0,1.0,1
tree,shap,0.1,2,688,1.0,1.0,1
tree,shap,0.1,2,689,1.0,1.0,1
tree,shap,0.1,2,690,1.0,1.0,1
tree,shap,0.1,2,693,1.0,1.0,1
tree,shap,0.1,2,724,1.0,1.0,1
tree,shap,0.1,2,732,1.0,1.0,1
tree,shap,0.1,2,740,1.0,1.0,1
tree,shap,0.1,2,748,0.9686346863468634,1.0,1
tree,shap,0.1,2,751,1.0,1.0,1
tree,shap,0.1,2,752,0.992619926199262,0.8,1
tree,shap,0.1,2,755,1.0,1.0,1
tree,shap,0.1,2,759,1.0,1.0,1
tree,shap,0.1,2,766,1.0,1.0,1
tree,shap,0.1,2,786,1.0,1.0,1
tree,shap,0.1,2,790,0.9981549815498154,0.8,1
tree,shap,0.1,2,792,0.9815498154981549,1.0,1
tree,shap,0.1,2,809,1.0,1.0,1
tree,shap,0.1,2,812,0.9797047970479705,0.8,1
tree,shap,0.1,2,830,0.9778597785977858,0.8,1
tree,shap,0.1,2,845,1.0,1.0,1
tree,shap,0.1,2,847,1.0,1.0,1
tree,shap,0.1,2,848,1.0,1.0,1
tree,shap,0.1,2,850,1.0,1.0,1
tree,shap,0.1,2,860,0.9760147601476012,0.8,1
tree,shap,0.1,2,864,1.0,1.0,1
tree,shap,0.1,2,869,0.933579335793358,0.8,1
tree,shap,0.1,2,872,0.9981549815498154,1.0,1
tree,shap,0.1,2,874,1.0,1.0,1
tree,shap,0.1,2,875,1.0,1.0,1
tree,shap,0.1,2,878,1.0,1.0,1
tree,shap,0.1,2,880,1.0,1.0,1
tree,shap,0.1,2,886,0.9815498154981549,1.0,1
tree,shap,0.1,2,889,1.0,1.0,1
tree,shap,0.1,2,896,0.9944649446494463,1.0,1
tree,shap,0.1,2,900,1.0,1.0,1
tree,shap,0.1,2,904,1.0,1.0,1
tree,shap,0.1,2,908,1.0,1.0,1
tree,shap,0.1,2,927,0.9907749077490775,1.0,1
tree,shap,0.1,2,934,0.9981549815498154,0.8,1
tree,shap,0.1,2,939,1.0,1.0,1
tree,shap,0.1,2,943,1.0,1.0,1
tree,shap,0.1,2,945,0.9649446494464944,1.0,0
tree,shap,0.1,2,954,0.9649446494464944,0.8,1
tree,shap,0.1,2,959,1.0,1.0,1
tree,shap,0.1,2,961,1.0,1.0,1
tree,shap,0.1,2,967,0.9963099630996309,0.8,1
tree,shap,0.1,2,976,1.0,1.0,1
tree,shap,0.1,2,990,1.0,1.0,1
tree,shap,0.1,2,993,0.9557195571955719,0.6,1
tree,shap,0.1,2,996,1.0,1.0,1
tree,shap,0.1,2,1014,0.9612546125461254,0.8,0
tree,shap,0.1,2,1015,0.9944649446494463,0.8,1
tree,shap,0.1,2,1019,0.9778597785977858,0.8,1
tree,shap,0.1,2,1023,0.9963099630996309,1.0,1
tree,shap,0.1,2,1027,1.0,1.0,1
tree,shap,0.1,2,1028,0.9169741697416974,0.8,1
tree,shap,0.1,2,1031,1.0,1.0,1
tree,shap,0.1,2,1039,0.9797047970479705,0.8,1
tree,shap,0.1,2,1043,1.0,1.0,1
tree,shap,0.1,2,1052,0.985239852398524,1.0,1
tree,shap,0.1,2,1063,1.0,1.0,1
tree,shap,0.1,2,1065,0.9760147601476012,1.0,0
tree,shap,0.1,2,1070,0.985239852398524,0.8,1
tree,shap,0.1,2,1073,0.9963099630996309,1.0,1
tree,shap,0.1,2,1077,1.0,1.0,1
tree,shap,0.1,2,1087,1.0,1.0,1
tree,shap,0.1,2,1092,1.0,1.0,1
tree,shap,0.1,2,1100,1.0,1.0,1
tree,shap,0.1,2,1112,0.985239852398524,0.8,1
tree,shap,0.1,2,1116,1.0,1.0,1
tree,shap,0.1,2,1119,0.9981549815498154,1.0,1
tree,shap,0.1,2,1137,1.0,1.0,1
tree,shap,0.1,2,1138,1.0,1.0,1
tree,shap,0.1,2,1151,0.966789667896679,0.8,1
tree,shap,0.1,2,1152,0.9649446494464944,1.0,0
tree,shap,0.1,2,1160,1.0,1.0,1
tree,shap,0.1,2,1167,1.0,1.0,1
tree,shap,0.1,2,1187,0.9501845018450185,0.8,1
tree,shap,0.1,2,1209,0.9538745387453875,0.6,1
tree,shap,0.1,2,1214,0.9981549815498154,1.0,1
tree,shap,0.1,2,1227,1.0,1.0,1
tree,shap,0.1,2,1237,0.9760147601476012,0.8,1
tree,shap,0.1,2,1246,1.0,1.0,1
tree,shap,0.1,2,1256,1.0,1.0,1
tree,shap,0.1,2,1259,0.9372693726937269,0.8,1
tree,shap,0.1,2,1299,0.96309963099631,0.8,1
tree,shap,0.1,2,1300,0.9538745387453875,0.8,1
tree,shap,0.1,2,1309,1.0,1.0,1
tree,shap,0.1,2,1314,0.9833948339483395,1.0,0
tree,shap,0.1,2,1316,0.9907749077490775,1.0,1
tree,shap,0.1,2,1322,0.9981549815498154,0.8,1
tree,shap,0.1,2,1339,1.0,1.0,1
tree,shap,0.1,2,1340,1.0,1.0,1
tree,shap,0.1,2,1343,1.0,1.0,1
tree,shap,0.1,2,1344,1.0,1.0,1
tree,shap,0.1,2,1348,0.9963099630996309,1.0,1
tree,shap,0.1,2,1351,1.0,1.0,1
tree,shap,0.1,2,1354,1.0,1.0,1
tree,shap,0.1,2,1360,1.0,1.0,1
tree,shap,0.1,2,1368,0.9243542435424353,0.8,1
tree,shap,0.1,2,1379,0.9889298892988929,1.0,1
tree,shap,0.1,2,1383,0.9963099630996309,1.0,1
tree,shap,0.1,2,1389,1.0,1.0,1
tree,shap,0.1,2,1392,0.96309963099631,0.8,1
tree,shap,0.1,2,1395,1.0,1.0,1
tree,lime,0.01,0,9,0.8035087719298245,0.8,1
tree,lime,0.01,0,31,0.7052631578947368,0.8,1
tree,lime,0.01,0,41,0.5666666666666667,0.6,1
tree,lime,0.01,0,46,0.7210526315789473,0.8,1
tree,lime,0.01,0,49,0.756140350877193,0.8,1
tree,lime,0.01,0,55,0.8035087719298245,0.8,1
tree,lime,0.01,0,79,0.712280701754386,0.8,1
tree,lime,0.01,0,84,0.8350877192982457,0.8,1
tree,lime,0.01,0,97,0.5754385964912281,0.8,1
tree,lime,0.01,0,104,0.882456140350877,0.6,1
tree,lime,0.01,0,105,0.7964912280701755,0.8,1
tree,lime,0.01,0,107,0.7929824561403509,0.8,1
tree,lime,0.01,0,114,0.6649122807017543,0.8,1
tree,lime,0.01,0,121,0.780701754385965,0.8,1
tree,lime,0.01,0,122,0.6473684210526316,1.0,1
tree,lime,0.01,0,123,0.5175438596491229,0.6,1
tree,lime,0.01,0,125,0.6280701754385966,0.8,1
tree,lime,0.01,0,146,0.7385964912280703,0.8,1
tree,lime,0.01,0,151,0.719298245614035,0.8,1
tree,lime,0.01,0,156,0.8140350877192982,0.8,1
tree,lime,0.01,0,165,0.7508771929824561,0.8,1
tree,lime,0.01,0,166,0.6315789473684211,1.0,1
tree,lime,0.01,0,171,0.8947368421052632,0.8,1
tree,lime,0.01,0,182,0.6210526315789473,0.8,1
tree,lime,0.01,0,184,0.5771929824561403,0.8,1
tree,lime,0.01,0,194,0.6228070175438596,1.0,1
tree,lime,0.01,0,205,0.687719298245614,0.8,1
tree,lime,0.01,0,206,0.5105263157894736,0.8,1
tree,lime,0.01,0,211,0.8228070175438595,0.8,1
tree,lime,0.01,0,223,0.6210526315789473,0.8,1
tree,lime,0.01,0,224,0.5947368421052631,0.4,1
tree,lime,0.01,0,229,0.8350877192982457,0.8,1
tree,lime,0.01,0,231,0.7280701754385965,0.8,1
tree,lime,0.01,0,241,0.8491228070175438,0.8,1
tree,lime,0.01,0,244,0.7508771929824561,0.8,1
tree,lime,0.01,0,261,0.6052631578947367,0.8,1
tree,lime,0.01,0,281,0.7508771929824561,1.0,1
tree,lime,0.01,0,289,0.7578947368421053,0.8,1
tree,lime,0.01,0,291,0.8228070175438595,0.8,1
tree,lime,0.01,0,311,0.7649122807017543,1.0,1
tree,lime,0.01,0,316,0.6000000000000001,0.6,1
tree,lime,0.01,0,325,0.8175438596491227,0.8,1
tree,lime,0.01,0,332,0.5789473684210525,0.8,1
tree,lime,0.01,0,344,0.8263157894736841,0.8,1
tree,lime,0.01,0,364,0.7,0.6,1
tree,lime,0.01,0,372,0.7070175438596492,0.8,1
tree,lime,0.01,0,375,0.7140350877192982,0.8,1
tree,lime,0.01,0,381,0.6438596491228071,0.8,1
tree,lime,0.01,0,398,0.5701754385964912,0.8,1
tree,lime,0.01,0,403,0.8947368421052632,0.8,1
tree,lime,0.01,0,407,0.7614035087719299,1.0,1
tree,lime,0.01,0,414,0.8543859649122807,0.8,1
tree,lime,0.01,0,420,0.712280701754386,0.8,1
tree,lime,0.01,0,423,0.8754385964912281,1.0,1
tree,lime,0.01,0,440,0.8157894736842105,0.8,1
tree,lime,0.01,0,442,0.6701754385964912,0.8,1
tree,lime,0.01,0,454,0.6929824561403508,0.8,1
tree,lime,0.01,0,457,0.7280701754385965,0.8,1
tree,lime,0.01,0,459,0.46842105263157896,0.6,1
tree,lime,0.01,0,464,0.6508771929824562,0.8,1
tree,lime,0.01,0,467,0.8368421052631579,1.0,1
tree,lime,0.01,0,471,0.6631578947368422,1.0,1
tree,lime,0.01,0,475,0.756140350877193,0.8,1
tree,lime,0.01,0,480,0.5929824561403508,0.8,1
tree,lime,0.01,0,495,0.7,0.8,1
tree,lime,0.01,0,503,0.8789473684210527,0.8,1
tree,lime,0.01,0,506,0.5333333333333333,0.8,1
tree,lime,0.01,0,521,0.5,0.8,1
tree,lime,0.01,0,523,0.5982456140350877,0.8,1
tree,lime,0.01,0,530,0.5964912280701754,0.8,1
tree,lime,0.01,0,547,0.7350877192982455,0.8,1
tree,lime,0.01,0,551,0.5333333333333333,0.8,1
tree,lime,0.01,0,556,0.512280701754386,1.0,1
tree,lime,0.01,0,558,0.5368421052631579,0.8,1
tree,lime,0.01,0,559,0.6298245614035087,1.0,1
tree,lime,0.01,0,562,0.49473684210526314,0.6,1
tree,lime,0.01,0,564,0.6333333333333333,0.6,1
tree,lime,0.01,0,572,0.5982456140350877,0.8,1
tree,lime,0.01,0,582,0.7280701754385965,0.8,1
tree,lime,0.01,0,587,0.6175438596491227,0.8,1
tree,lime,0.01,0,590,0.4929824561403509,0.8,1
tree,lime,0.01,0,591,0.6614035087719298,0.8,1
tree,lime,0.01,0,598,0.6543859649122807,1.0,1
tree,lime,0.01,0,605,0.7175438596491229,0.8,1
tree,lime,0.01,0,609,0.4912280701754386,0.8,1
tree,lime,0.01,0,613,0.7666666666666666,0.8,1
tree,lime,0.01,0,619,0.8894736842105263,1.0,1
tree,lime,0.01,0,620,0.6824561403508772,1.0,1
tree,lime,0.01,0,626,0.7929824561403509,1.0,1
tree,lime,0.01,0,627,0.6824561403508772,0.8,1
tree,lime,0.01,0,637,0.7087719298245614,0.6,1
tree,lime,0.01,0,640,0.5,0.8,1
tree,lime,0.01,0,667,0.8087719298245614,0.8,1
tree,lime,0.01,0,673,0.38245614035087716,0.6,1
tree,lime,0.01,0,687,0.8491228070175438,0.8,1
tree,lime,0.01,0,688,0.8596491228070176,0.8,1
tree,lime,0.01,0,689,0.9385964912280702,0.8,1
tree,lime,0.01,0,690,0.5701754385964912,0.8,1
tree,lime,0.01,0,693,0.9035087719298246,0.8,1
tree,lime,0.01,0,724,0.7754385964912281,0.6,1
tree,lime,0.01,0,732,0.8807017543859648,0.8,1
tree,lime,0.01,0,740,0.7017543859649124,0.8,1
tree,lime,0.01,0,748,0.743859649122807,1.0,1
tree,lime,0.01,0,751,0.8175438596491227,0.8,1
tree,lime,0.01,0,752,0.780701754385965,0.8,1
tree,lime,0.01,0,755,0.8157894736842105,0.8,1
tree,lime,0.01,0,759,0.612280701754386,0.6,1
tree,lime,0.01,0,766,0.8175438596491227,1.0,1
tree,lime,0.01,0,786,0.6087719298245614,0.8,1
tree,lime,0.01,0,790,0.5912280701754385,0.8,1
tree,lime,0.01,0,792,0.5929824561403508,0.8,1
tree,lime,0.01,0,809,0.8070175438596491,1.0,1
tree,lime,0.01,0,812,0.7736842105263159,0.8,1
tree,lime,0.01,0,830,0.7649122807017543,0.8,1
tree,lime,0.01,0,845,0.7947368421052632,0.8,1
tree,lime,0.01,0,847,0.7543859649122807,0.8,1
tree,lime,0.01,0,848,0.6403508771929824,0.8,1
tree,lime,0.01,0,850,0.6210526315789473,1.0,1
tree,lime,0.01,0,860,0.6140350877192983,0.8,1
tree,lime,0.01,0,864,0.6964912280701754,0.6,1
tree,lime,0.01,0,869,0.612280701754386,0.8,1
tree,lime,0.01,0,872,0.7719298245614035,0.8,1
tree,lime,0.01,0,874,0.7403508771929824,0.6,1
tree,lime,0.01,0,875,0.7912280701754386,1.0,1
tree,lime,0.01,0,878,0.6614035087719298,0.8,1
tree,lime,0.01,0,880,0.5719298245614035,0.8,1
tree,lime,0.01,0,886,0.2631578947368421,0.6,1
tree,lime,0.01,0,889,0.8280701754385964,1.0,1
tree,lime,0.01,0,896,0.7947368421052632,1.0,1
tree,lime,0.01,0,900,0.83859649122807,1.0,1
tree,lime,0.01,0,904,0.5508771929824561,0.6,1
tree,lime,0.01,0,908,0.7578947368421053,1.0,1
tree,lime,0.01,0,927,0.6578947368421053,1.0,1
tree,lime,0.01,0,934,0.5719298245614035,0.8,1
tree,lime,0.01,0,939,0.5754385964912281,0.8,1
tree,lime,0.01,0,943,0.8263157894736841,0.8,1
tree,lime,0.01,0,945,0.5070175438596491,1.0,1
tree,lime,0.01,0,954,0.8947368421052632,0.8,1
tree,lime,0.01,0,959,0.6526315789473683,0.8,1
tree,lime,0.01,0,961,0.6719298245614035,0.8,1
tree,lime,0.01,0,967,0.6456140350877193,1.0,1
tree,lime,0.01,0,976,0.882456140350877,0.8,1
tree,lime,0.01,0,990,0.6771929824561403,0.6,1
tree,lime,0.01,0,993,0.756140350877193,1.0,1
tree,lime,0.01,0,996,0.7035087719298245,0.8,1
tree,lime,0.01,0,1014,0.7175438596491229,0.8,1
tree,lime,0.01,0,1015,0.7403508771929824,1.0,1
tree,lime,0.01,0,1019,0.7666666666666666,1.0,1
tree,lime,0.01,0,1023,0.856140350877193,0.8,1
tree,lime,0.01,0,1027,0.7684210526315789,0.8,1
tree,lime,0.01,0,1028,0.8157894736842105,1.0,1
tree,lime,0.01,0,1031,0.5140350877192983,0.6,1
tree,lime,0.01,0,1039,0.7614035087719299,1.0,1
tree,lime,0.01,0,1043,0.47719298245614034,0.8,1
tree,lime,0.01,0,1052,0.6543859649122807,0.8,1
tree,lime,0.01,0,1063,0.6210526315789473,1.0,1
tree,lime,0.01,0,1065,0.8087719298245614,0.8,1
tree,lime,0.01,0,1070,0.6298245614035087,0.8,1
tree,lime,0.01,0,1073,0.7526315789473684,1.0,1
tree,lime,0.01,0,1077,0.9122807017543859,0.8,1
tree,lime,0.01,0,1087,0.6333333333333333,0.8,1
tree,lime,0.01,0,1092,0.736842105263158,0.8,1
tree,lime,0.01,0,1100,0.6684210526315789,0.8,1
tree,lime,0.01,0,1112,0.7842105263157895,1.0,1
tree,lime,0.01,0,1116,0.5666666666666667,0.8,1
tree,lime,0.01,0,1119,0.7754385964912281,0.8,1
tree,lime,0.01,0,1137,0.8122807017543859,0.8,1
tree,lime,0.01,0,1138,0.5649122807017544,0.8,1
tree,lime,0.01,0,1151,0.5771929824561403,0.8,1
tree,lime,0.01,0,1152,0.6842105263157895,0.8,1
tree,lime,0.01,0,1160,0.6263157894736843,0.8,1
tree,lime,0.01,0,1167,0.6491228070175438,0.8,1
tree,lime,0.01,0,1187,0.6824561403508772,0.8,1
tree,lime,0.01,0,1209,0.8526315789473684,0.8,1
tree,lime,0.01,0,1214,0.7578947368421053,0.6,1
tree,lime,0.01,0,1227,0.4929824561403509,0.6,1
tree,lime,0.01,0,1237,0.519298245614035,1.0,1
tree,lime,0.01,0,1246,0.5350877192982456,0.6,1
tree,lime,0.01,0,1256,0.8789473684210527,0.6,1
tree,lime,0.01,0,1259,0.5684210526315789,0.8,1
tree,lime,0.01,0,1299,0.6228070175438596,0.8,1
tree,lime,0.01,0,1300,0.45438596491228067,0.8,1
tree,lime,0.01,0,1309,0.8578947368421052,1.0,1
tree,lime,0.01,0,1314,0.6421052631578947,1.0,1
tree,lime,0.01,0,1316,0.6982456140350877,0.8,1
tree,lime,0.01,0,1322,0.8017543859649122,0.8,1
tree,lime,0.01,0,1339,0.7491228070175439,1.0,1
tree,lime,0.01,0,1340,0.5912280701754385,1.0,1
tree,lime,0.01,0,1343,0.34210526315789475,0.6,1
tree,lime,0.01,0,1344,0.5929824561403508,0.8,1
tree,lime,0.01,0,1348,0.7385964912280703,0.8,1
tree,lime,0.01,0,1351,0.6982456140350877,1.0,1
tree,lime,0.01,0,1354,0.7350877192982455,0.8,1
tree,lime,0.01,0,1360,0.7491228070175439,0.8,1
tree,lime,0.01,0,1368,0.787719298245614,1.0,1
tree,lime,0.01,0,1379,0.7789473684210525,1.0,1
tree,lime,0.01,0,1383,0.8368421052631579,0.8,1
tree,lime,0.01,0,1389,0.5649122807017544,0.8,1
tree,lime,0.01,0,1392,0.6982456140350877,0.8,1
tree,lime,0.01,0,1395,0.7298245614035088,0.8,1
tree,lime,0.01,1,9,0.6421052631578947,1.0,1
tree,lime,0.01,1,31,0.7614035087719299,0.8,1
tree,lime,0.01,1,41,0.6701754385964912,0.8,1
tree,lime,0.01,1,46,0.7473684210526316,0.8,1
tree,lime,0.01,1,49,0.6385964912280702,0.8,1
tree,lime,0.01,1,55,0.8596491228070176,0.8,1
tree,lime,0.01,1,79,0.8964912280701753,0.8,1
tree,lime,0.01,1,84,0.7263157894736841,0.6,1
tree,lime,0.01,1,97,0.8228070175438595,0.8,1
tree,lime,0.01,1,104,0.7754385964912281,0.8,1
tree,lime,0.01,1,105,0.8157894736842105,0.8,1
tree,lime,0.01,1,107,0.7473684210526316,1.0,1
tree,lime,0.01,1,114,0.5894736842105263,0.6,1
tree,lime,0.01,1,121,0.7771929824561404,0.8,1
tree,lime,0.01,1,122,0.719298245614035,1.0,1
tree,lime,0.01,1,123,0.6561403508771929,0.6,1
tree,lime,0.01,1,125,0.787719298245614,0.8,1
tree,lime,0.01,1,146,0.7035087719298245,1.0,1
tree,lime,0.01,1,151,0.8333333333333334,0.8,1
tree,lime,0.01,1,156,0.7596491228070175,0.8,1
tree,lime,0.01,1,165,0.524561403508772,0.8,1
tree,lime,0.01,1,166,0.6456140350877193,1.0,1
tree,lime,0.01,1,171,0.7508771929824561,0.8,1
tree,lime,0.01,1,182,0.4333333333333333,0.6,1
tree,lime,0.01,1,184,0.6596491228070176,0.8,1
tree,lime,0.01,1,194,0.7280701754385965,1.0,1
tree,lime,0.01,1,205,0.712280701754386,0.8,1
tree,lime,0.01,1,206,0.32280701754385965,0.6,1
tree,lime,0.01,1,211,0.8649122807017543,0.8,1
tree,lime,0.01,1,223,0.6824561403508772,0.8,1
tree,lime,0.01,1,224,0.5087719298245614,0.6,1
tree,lime,0.01,1,229,0.6368421052631579,0.8,1
tree,lime,0.01,1,231,0.6087719298245614,0.8,1
tree,lime,0.01,1,241,0.45614035087719296,0.8,1
tree,lime,0.01,1,244,0.882456140350877,0.8,1
tree,lime,0.01,1,261,0.7719298245614035,0.6,1
tree,lime,0.01,1,281,0.8456140350877193,0.8,1
tree,lime,0.01,1,289,0.6263157894736843,0.8,1
tree,lime,0.01,1,291,0.6491228070175438,0.8,1
tree,lime,0.01,1,311,0.6719298245614035,0.8,1
tree,lime,0.01,1,316,0.8578947368421052,1.0,1
tree,lime,0.01,1,325,0.7964912280701755,0.6,1
tree,lime,0.01,1,332,0.6385964912280702,0.8,1
tree,lime,0.01,1,344,0.5684210526315789,0.6,1
tree,lime,0.01,1,364,0.5754385964912281,0.6,1
tree,lime,0.01,1,372,0.7789473684210525,1.0,1
tree,lime,0.01,1,375,0.7017543859649124,1.0,1
tree,lime,0.01,1,381,0.41578947368421054,0.8,1
tree,lime,0.01,1,398,0.719298245614035,1.0,1
tree,lime,0.01,1,403,0.7228070175438598,1.0,1
tree,lime,0.01,1,407,0.7280701754385965,1.0,1
tree,lime,0.01,1,414,0.687719298245614,0.8,1
tree,lime,0.01,1,420,0.5719298245614035,0.8,1
tree,lime,0.01,1,423,0.8140350877192982,0.8,1
tree,lime,0.01,1,440,0.7614035087719299,0.8,1
tree,lime,0.01,1,442,0.5087719298245614,0.8,1
tree,lime,0.01,1,454,0.6438596491228071,1.0,1
tree,lime,0.01,1,457,0.7578947368421053,1.0,1
tree,lime,0.01,1,459,0.7421052631578948,0.8,1
tree,lime,0.01,1,464,0.9403508771929823,0.8,1
tree,lime,0.01,1,467,0.6964912280701754,0.8,1
tree,lime,0.01,1,471,0.7526315789473684,0.8,1
tree,lime,0.01,1,475,0.7315789473684211,0.8,1
tree,lime,0.01,1,480,0.5473684210526315,1.0,1
tree,lime,0.01,1,495,0.6263157894736843,0.6,1
tree,lime,0.01,1,503,0.5929824561403508,0.8,1
tree,lime,0.01,1,506,0.34912280701754383,0.6,1
tree,lime,0.01,1,521,0.83859649122807,0.8,1
tree,lime,0.01,1,523,0.8298245614035088,0.6,1
tree,lime,0.01,1,530,0.612280701754386,1.0,1
tree,lime,0.01,1,547,0.7666666666666666,0.8,1
tree,lime,0.01,1,551,0.6578947368421053,0.8,1
tree,lime,0.01,1,556,0.743859649122807,0.8,1
tree,lime,0.01,1,558,0.5421052631578946,0.8,1
tree,lime,0.01,1,559,0.6736842105263158,0.8,1
tree,lime,0.01,1,562,0.4859649122807017,0.8,1
tree,lime,0.01,1,564,0.6473684210526316,0.6,1
tree,lime,0.01,1,572,0.7614035087719299,0.8,1
tree,lime,0.01,1,582,0.8105263157894737,0.8,1
tree,lime,0.01,1,587,0.6736842105263158,0.8,1
tree,lime,0.01,1,590,0.7964912280701755,1.0,1
tree,lime,0.01,1,591,0.763157894736842,0.8,1
tree,lime,0.01,1,598,0.8859649122807017,0.8,1
tree,lime,0.01,1,605,0.8140350877192982,0.8,1
tree,lime,0.01,1,609,0.40175438596491225,0.8,1
tree,lime,0.01,1,613,0.5070175438596491,0.6,1
tree,lime,0.01,1,619,0.5701754385964912,0.8,1
tree,lime,0.01,1,620,0.7894736842105263,0.8,1
tree,lime,0.01,1,626,0.7035087719298245,1.0,1
tree,lime,0.01,1,627,0.6052631578947367,0.6,1
tree,lime,0.01,1,637,0.6403508771929824,0.8,1
tree,lime,0.01,1,640,0.6368421052631579,0.8,1
tree,lime,0.01,1,667,0.7070175438596492,0.8,1
tree,lime,0.01,1,673,0.6333333333333333,0.8,1
tree,lime,0.01,1,687,0.6245614035087719,0.8,1
tree,lime,0.01,1,688,0.4789473684210526,0.8,1
tree,lime,0.01,1,689,0.9596491228070174,0.8,1
tree,lime,0.01,1,690,0.5491228070175439,0.8,1
tree,lime,0.01,1,693,0.8157894736842105,0.8,1
tree,lime,0.01,1,724,0.7912280701754386,0.8,1
tree,lime,0.01,1,732,0.8754385964912281,0.8,1
tree,lime,0.01,1,740,0.5175438596491229,0.6,1
tree,lime,0.01,1,748,0.8035087719298245,1.0,1
tree,lime,0.01,1,751,0.6736842105263158,0.6,1
tree,lime,0.01,1,752,0.7508771929824561,1.0,1
tree,lime,0.01,1,755,0.7298245614035088,1.0,1
tree,lime,0.01,1,759,0.7298245614035088,0.8,1
tree,lime,0.01,1,766,0.8035087719298245,1.0,1
tree,lime,0.01,1,786,0.5105263157894736,0.6,1
tree,lime,0.01,1,790,0.8245614035087718,0.8,1
tree,lime,0.01,1,792,0.780701754385965,0.8,1
tree,lime,0.01,1,809,0.7491228070175439,1.0,1
tree,lime,0.01,1,812,0.6859649122807018,1.0,1
tree,lime,0.01,1,830,0.7824561403508771,1.0,1
tree,lime,0.01,1,845,0.8280701754385964,0.8,1
tree,lime,0.01,1,847,0.6964912280701754,1.0,1
tree,lime,0.01,1,848,0.5368421052631579,1.0,1
tree,lime,0.01,1,850,0.6789473684210526,0.6,1
tree,lime,0.01,1,860,0.46315789473684205,0.8,1
tree,lime,0.01,1,864,0.6596491228070176,0.6,1
tree,lime,0.01,1,869,0.7719298245614035,0.8,1
tree,lime,0.01,1,872,0.7614035087719299,0.8,1
tree,lime,0.01,1,874,0.7298245614035088,0.8,1
tree,lime,0.01,1,875,0.7964912280701755,0.8,1
tree,lime,0.01,1,878,0.7666666666666666,0.8,1
tree,lime,0.01,1,880,0.6421052631578947,1.0,1
tree,lime,0.01,1,886,0.41578947368421054,0.8,1
tree,lime,0.01,1,889,0.7350877192982455,1.0,1
tree,lime,0.01,1,896,0.7771929824561404,0.8,1
tree,lime,0.01,1,900,0.5877192982456141,0.6,1
tree,lime,0.01,1,904,0.8017543859649122,1.0,1
tree,lime,0.01,1,908,0.7842105263157895,1.0,1
tree,lime,0.01,1,927,0.7017543859649124,1.0,1
tree,lime,0.01,1,934,0.7333333333333334,1.0,1
tree,lime,0.01,1,939,0.780701754385965,0.8,1
tree,lime,0.01,1,943,0.8122807017543859,1.0,1
tree,lime,0.01,1,945,0.8245614035087718,0.8,1
tree,lime,0.01,1,954,0.7894736842105263,0.8,1
tree,lime,0.01,1,959,0.7035087719298245,0.8,1
tree,lime,0.01,1,961,0.8105263157894737,0.8,1
tree,lime,0.01,1,967,0.8526315789473684,0.8,1
tree,lime,0.01,1,976,0.7578947368421053,0.8,1
tree,lime,0.01,1,990,0.736842105263158,0.8,1
tree,lime,0.01,1,993,0.83859649122807,0.8,1
tree,lime,0.01,1,996,0.6964912280701754,1.0,1
tree,lime,0.01,1,1014,0.39824561403508774,0.8,1
tree,lime,0.01,1,1015,0.7245614035087719,1.0,1
tree,lime,0.01,1,1019,0.8087719298245614,0.8,1
tree,lime,0.01,1,1023,0.8122807017543859,1.0,1
tree,lime,0.01,1,1027,0.6894736842105263,0.8,1
tree,lime,0.01,1,1028,0.6631578947368422,1.0,1
tree,lime,0.01,1,1031,0.5333333333333333,0.8,1
tree,lime,0.01,1,1039,0.7719298245614035,1.0,1
tree,lime,0.01,1,1043,0.6649122807017543,1.0,1
tree,lime,0.01,1,1052,0.687719298245614,0.8,1
tree,lime,0.01,1,1063,0.8052631578947368,0.8,1
tree,lime,0.01,1,1065,0.7385964912280703,0.8,1
tree,lime,0.01,1,1070,0.7087719298245614,0.8,1
tree,lime,0.01,1,1073,0.49473684210526314,0.8,1
tree,lime,0.01,1,1077,0.7421052631578948,1.0,1
tree,lime,0.01,1,1087,0.8280701754385964,0.8,1
tree,lime,0.01,1,1092,0.7666666666666666,1.0,1
tree,lime,0.01,1,1100,0.6087719298245614,0.8,1
tree,lime,0.01,1,1112,0.7929824561403509,0.8,1
tree,lime,0.01,1,1116,0.46491228070175433,0.8,1
tree,lime,0.01,1,1119,0.712280701754386,0.8,1
tree,lime,0.01,1,1137,0.7719298245614035,0.8,1
tree,lime,0.01,1,1138,0.719298245614035,0.6,1
tree,lime,0.01,1,1151,0.343859649122807,0.8,1
tree,lime,0.01,1,1152,0.5157894736842105,0.6,1
tree,lime,0.01,1,1160,0.6000000000000001,0.8,1
tree,lime,0.01,1,1167,0.6789473684210526,0.8,1
tree,lime,0.01,1,1187,0.8035087719298245,0.8,1
tree,lime,0.01,1,1209,0.7736842105263159,0.8,1
tree,lime,0.01,1,1214,0.6666666666666666,0.6,1
tree,lime,0.01,1,1227,0.5894736842105263,1.0,1
tree,lime,0.01,1,1237,0.8596491228070176,0.8,1
tree,lime,0.01,1,1246,0.787719298245614,0.8,1
tree,lime,0.01,1,1256,0.8736842105263157,0.6,1
tree,lime,0.01,1,1259,0.6421052631578947,0.8,1
tree,lime,0.01,1,1299,0.6684210526315789,0.8,1
tree,lime,0.01,1,1300,0.6824561403508772,1.0,1
tree,lime,0.01,1,1309,0.7333333333333334,0.8,1
tree,lime,0.01,1,1314,0.3649122807017544,0.8,1
tree,lime,0.01,1,1316,0.8456140350877193,0.8,1
tree,lime,0.01,1,1322,0.8684210526315789,0.8,1
tree,lime,0.01,1,1339,0.7403508771929824,0.8,1
tree,lime,0.01,1,1340,0.5771929824561403,0.8,1
tree,lime,0.01,1,1343,0.7210526315789473,1.0,1
tree,lime,0.01,1,1344,0.6298245614035087,0.8,1
tree,lime,0.01,1,1348,0.5701754385964912,0.6,1
tree,lime,0.01,1,1351,0.6508771929824562,1.0,1
tree,lime,0.01,1,1354,0.843859649122807,0.6,1
tree,lime,0.01,1,1360,0.8052631578947368,0.8,1
tree,lime,0.01,1,1368,0.5859649122807017,0.8,1
tree,lime,0.01,1,1379,0.719298245614035,0.8,1
tree,lime,0.01,1,1383,0.6508771929824562,0.8,1
tree,lime,0.01,1,1389,0.5526315789473685,1.0,1
tree,lime,0.01,1,1392,0.6736842105263158,0.8,1
tree,lime,0.01,1,1395,0.8017543859649122,1.0,1
tree,lime,0.01,2,9,0.6929824561403508,0.8,1
tree,lime,0.01,2,31,0.5333333333333333,0.8,1
tree,lime,0.01,2,41,0.4736842105263158,0.6,1
tree,lime,0.01,2,46,0.8,0.8,1
tree,lime,0.01,2,49,0.7210526315789473,1.0,1
tree,lime,0.01,2,55,0.5947368421052631,0.8,1
tree,lime,0.01,2,79,0.7280701754385965,1.0,1
tree,lime,0.01,2,84,0.8596491228070176,0.8,1
tree,lime,0.01,2,97,0.7719298245614035,0.8,1
tree,lime,0.01,2,104,0.5105263157894736,0.6,1
tree,lime,0.01,2,105,0.8280701754385964,0.8,1
tree,lime,0.01,2,107,0.8315789473684211,0.8,1
tree,lime,0.01,2,114,0.7210526315789473,0.8,1
tree,lime,0.01,2,121,0.7754385964912281,0.8,1
tree,lime,0.01,2,122,0.8210526315789475,1.0,1
tree,lime,0.01,2,123,0.46315789473684205,0.6,1
tree,lime,0.01,2,125,0.6491228070175438,0.6,1
tree,lime,0.01,2,146,0.5912280701754385,0.8,1
tree,lime,0.01,2,151,0.7947368421052632,0.8,1
tree,lime,0.01,2,156,0.6771929824561403,0.8,1
tree,lime,0.01,2,165,0.7596491228070175,0.8,1
tree,lime,0.01,2,166,0.7842105263157895,0.8,1
tree,lime,0.01,2,171,0.5982456140350877,0.8,1
tree,lime,0.01,2,182,0.7473684210526316,0.6,1
tree,lime,0.01,2,184,0.6631578947368422,0.8,1
tree,lime,0.01,2,194,0.48245614035087714,0.8,1
tree,lime,0.01,2,205,0.5491228070175439,0.8,1
tree,lime,0.01,2,206,0.5649122807017544,0.8,1
tree,lime,0.01,2,211,0.7929824561403509,0.8,1
tree,lime,0.01,2,223,0.7017543859649124,1.0,1
tree,lime,0.01,2,224,0.6596491228070176,0.6,1
tree,lime,0.01,2,229,0.8754385964912281,0.8,1
tree,lime,0.01,2,231,0.7736842105263159,0.8,1
tree,lime,0.01,2,241,0.6368421052631579,0.8,1
tree,lime,0.01,2,244,0.8473684210526315,0.8,1
tree,lime,0.01,2,261,0.7035087719298245,1.0,1
tree,lime,0.01,2,281,0.8245614035087718,1.0,1
tree,lime,0.01,2,289,0.736842105263158,0.8,1
tree,lime,0.01,2,291,0.6561403508771929,0.8,1
tree,lime,0.01,2,311,0.8526315789473684,1.0,1
tree,lime,0.01,2,316,0.5105263157894736,0.6,1
tree,lime,0.01,2,325,0.524561403508772,0.6,1
tree,lime,0.01,2,332,0.6333333333333333,0.8,1
tree,lime,0.01,2,344,0.9,0.6,1
tree,lime,0.01,2,364,0.7649122807017543,0.8,1
tree,lime,0.01,2,372,0.743859649122807,0.8,1
tree,lime,0.01,2,375,0.8578947368421052,0.8,1
tree,lime,0.01,2,381,0.763157894736842,0.8,1
tree,lime,0.01,2,398,0.6859649122807018,0.8,1
tree,lime,0.01,2,403,0.8140350877192982,1.0,1
tree,lime,0.01,2,407,0.7754385964912281,1.0,1
tree,lime,0.01,2,414,0.7578947368421053,0.6,1
tree,lime,0.01,2,420,0.8421052631578947,1.0,1
tree,lime,0.01,2,423,0.736842105263158,0.8,1
tree,lime,0.01,2,440,0.7403508771929824,0.8,1
tree,lime,0.01,2,442,0.6614035087719298,0.8,1
tree,lime,0.01,2,454,0.7140350877192982,0.8,1
tree,lime,0.01,2,457,0.7315789473684211,1.0,1
tree,lime,0.01,2,459,0.7140350877192982,0.8,1
tree,lime,0.01,2,464,0.8614035087719297,0.6,1
tree,lime,0.01,2,467,0.6982456140350877,0.8,1
tree,lime,0.01,2,471,0.7754385964912281,0.8,1
tree,lime,0.01,2,475,0.7087719298245614,0.8,1
tree,lime,0.01,2,480,0.6333333333333333,0.8,1
tree,lime,0.01,2,495,0.5385964912280702,0.6,1
tree,lime,0.01,2,503,0.7543859649122807,0.8,1
tree,lime,0.01,2,506,0.20350877192982456,0.6,1
tree,lime,0.01,2,521,0.7070175438596492,1.0,1
tree,lime,0.01,2,523,0.8421052631578947,0.6,1
tree,lime,0.01,2,530,0.6491228070175438,1.0,1
tree,lime,0.01,2,547,0.5824561403508772,0.8,1
tree,lime,0.01,2,551,0.6719298245614035,0.8,1
tree,lime,0.01,2,556,0.6631578947368422,0.8,1
tree,lime,0.01,2,558,0.7649122807017543,0.8,1
tree,lime,0.01,2,559,0.736842105263158,0.8,1
tree,lime,0.01,2,562,0.6385964912280702,0.8,1
tree,lime,0.01,2,564,0.6210526315789473,0.6,1
tree,lime,0.01,2,572,0.4280701754385965,0.8,1
tree,lime,0.01,2,582,0.5491228070175439,0.8,1
tree,lime,0.01,2,587,0.5157894736842105,0.8,1
tree,lime,0.01,2,590,0.6631578947368422,0.8,1
tree,lime,0.01,2,591,0.7894736842105263,0.8,1
tree,lime,0.01,2,598,0.7824561403508771,0.8,1
tree,lime,0.01,2,605,0.6000000000000001,1.0,1
tree,lime,0.01,2,609,0.7824561403508771,0.6,1
tree,lime,0.01,2,613,0.4964912280701754,0.8,1
tree,lime,0.01,2,619,0.7964912280701755,0.6,1
tree,lime,0.01,2,620,0.7403508771929824,0.8,1
tree,lime,0.01,2,626,0.6578947368421053,1.0,1
tree,lime,0.01,2,627,0.7596491228070175,0.8,1
tree,lime,0.01,2,637,0.5701754385964912,0.6,1
tree,lime,0.01,2,640,0.5543859649122806,0.8,1
tree,lime,0.01,2,667,0.6842105263157895,0.8,1
tree,lime,0.01,2,673,0.6333333333333333,1.0,1
tree,lime,0.01,2,687,0.5456140350877193,0.8,1
tree,lime,0.01,2,688,0.5473684210526315,0.8,1
tree,lime,0.01,2,689,0.6701754385964912,1.0,1
tree,lime,0.01,2,690,0.6491228070175438,0.8,1
tree,lime,0.01,2,693,0.8350877192982457,0.8,1
tree,lime,0.01,2,724,0.7175438596491229,0.8,1
tree,lime,0.01,2,732,0.6859649122807018,0.8,1
tree,lime,0.01,2,740,0.7298245614035088,0.8,1
tree,lime,0.01,2,748,0.7421052631578948,0.8,1
tree,lime,0.01,2,751,0.7824561403508771,1.0,1
tree,lime,0.01,2,752,0.7017543859649124,0.8,1
tree,lime,0.01,2,755,0.8228070175438595,0.8,1
tree,lime,0.01,2,759,0.6087719298245614,0.8,1
tree,lime,0.01,2,766,0.6684210526315789,0.8,1
tree,lime,0.01,2,786,0.7157894736842104,0.8,1
tree,lime,0.01,2,790,0.6157894736842106,0.8,1
tree,lime,0.01,2,792,0.5631578947368421,1.0,1
tree,lime,0.01,2,809,0.7771929824561404,1.0,1
tree,lime,0.01,2,812,0.6666666666666666,0.8,1
tree,lime,0.01,2,830,0.887719298245614,1.0,1
tree,lime,0.01,2,845,0.7578947368421053,1.0,1
tree,lime,0.01,2,847,0.756140350877193,0.8,1
tree,lime,0.01,2,848,0.7736842105263159,0.8,1
tree,lime,0.01,2,850,0.8701754385964912,1.0,1
tree,lime,0.01,2,860,0.5280701754385965,0.8,1
tree,lime,0.01,2,864,0.8122807017543859,0.8,1
tree,lime,0.01,2,869,0.7614035087719299,0.8,1
tree,lime,0.01,2,872,0.7842105263157895,0.8,1
tree,lime,0.01,2,874,0.6105263157894737,0.8,1
tree,lime,0.01,2,875,0.7964912280701755,0.8,1
tree,lime,0.01,2,878,0.7824561403508771,1.0,1
tree,lime,0.01,2,880,0.5473684210526315,0.8,1
tree,lime,0.01,2,886,0.30701754385964913,0.8,1
tree,lime,0.01,2,889,0.856140350877193,0.8,1
tree,lime,0.01,2,896,0.7315789473684211,1.0,1
tree,lime,0.01,2,900,0.6280701754385966,0.8,1
tree,lime,0.01,2,904,0.6508771929824562,0.8,1
tree,lime,0.01,2,908,0.6087719298245614,1.0,1
tree,lime,0.01,2,927,0.8070175438596491,1.0,1
tree,lime,0.01,2,934,0.7175438596491229,1.0,1
tree,lime,0.01,2,939,0.5421052631578946,0.6,1
tree,lime,0.01,2,943,0.687719298245614,0.8,1
tree,lime,0.01,2,945,0.6912280701754386,0.8,1
tree,lime,0.01,2,954,0.7105263157894737,0.8,1
tree,lime,0.01,2,959,0.7649122807017543,1.0,1
tree,lime,0.01,2,961,0.8122807017543859,0.8,1
tree,lime,0.01,2,967,0.49473684210526314,0.8,1
tree,lime,0.01,2,976,0.9157894736842105,0.6,1
tree,lime,0.01,2,990,0.7578947368421053,0.8,1
tree,lime,0.01,2,993,0.6561403508771929,0.8,1
tree,lime,0.01,2,996,0.6719298245614035,0.6,1
tree,lime,0.01,2,1014,0.5017543859649122,0.6,1
tree,lime,0.01,2,1015,0.5333333333333333,0.8,1
tree,lime,0.01,2,1019,0.6649122807017543,1.0,1
tree,lime,0.01,2,1023,0.8157894736842105,0.8,1
tree,lime,0.01,2,1027,0.8473684210526315,0.8,1
tree,lime,0.01,2,1028,0.5877192982456141,0.8,1
tree,lime,0.01,2,1031,0.6157894736842106,0.6,1
tree,lime,0.01,2,1039,0.8842105263157896,1.0,1
tree,lime,0.01,2,1043,0.6929824561403508,0.8,1
tree,lime,0.01,2,1052,0.6087719298245614,0.8,1
tree,lime,0.01,2,1063,0.6403508771929824,0.8,1
tree,lime,0.01,2,1065,0.6263157894736843,1.0,1
tree,lime,0.01,2,1070,0.5859649122807017,0.8,1
tree,lime,0.01,2,1073,0.5368421052631579,0.8,1
tree,lime,0.01,2,1077,0.7614035087719299,1.0,1
tree,lime,0.01,2,1087,0.8526315789473684,0.8,1
tree,lime,0.01,2,1092,0.7035087719298245,0.8,1
tree,lime,0.01,2,1100,0.34210526315789475,0.6,1
tree,lime,0.01,2,1112,0.6789473684210526,0.8,1
tree,lime,0.01,2,1116,0.8210526315789475,1.0,1
tree,lime,0.01,2,1119,0.7210526315789473,1.0,1
tree,lime,0.01,2,1137,0.719298245614035,0.6,1
tree,lime,0.01,2,1138,0.6947368421052632,0.8,1
tree,lime,0.01,2,1151,0.7228070175438598,0.8,1
tree,lime,0.01,2,1152,0.687719298245614,0.6,1
tree,lime,0.01,2,1160,0.8929824561403509,0.8,1
tree,lime,0.01,2,1167,0.6508771929824562,0.8,1
tree,lime,0.01,2,1187,0.7912280701754386,0.6,1
tree,lime,0.01,2,1209,0.6543859649122807,1.0,1
tree,lime,0.01,2,1214,0.7754385964912281,0.6,1
tree,lime,0.01,2,1227,0.5473684210526315,0.8,1
tree,lime,0.01,2,1237,0.7578947368421053,0.8,1
tree,lime,0.01,2,1246,0.5140350877192983,0.6,1
tree,lime,0.01,2,1256,0.7350877192982455,0.8,1
tree,lime,0.01,2,1259,0.7087719298245614,0.8,1
tree,lime,0.01,2,1299,0.7859649122807018,1.0,1
tree,lime,0.01,2,1300,0.6842105263157895,0.8,1
tree,lime,0.01,2,1309,0.8947368421052632,0.8,1
tree,lime,0.01,2,1314,0.4964912280701754,1.0,1
tree,lime,0.01,2,1316,0.8280701754385964,0.8,1
tree,lime,0.01,2,1322,0.8491228070175438,1.0,1
tree,lime,0.01,2,1339,0.7842105263157895,1.0,1
tree,lime,0.01,2,1340,0.8087719298245614,0.8,1
tree,lime,0.01,2,1343,0.5947368421052631,0.6,1
tree,lime,0.01,2,1344,0.5842105263157895,0.8,1
tree,lime,0.01,2,1348,0.4298245614035088,0.8,1
tree,lime,0.01,2,1351,0.687719298245614,1.0,1
tree,lime,0.01,2,1354,0.8403508771929825,0.8,1
tree,lime,0.01,2,1360,0.6105263157894737,1.0,1
tree,lime,0.01,2,1368,0.6298245614035087,0.8,1
tree,lime,0.01,2,1379,0.8333333333333334,1.0,1
tree,lime,0.01,2,1383,0.7859649122807018,0.8,1
tree,lime,0.01,2,1389,0.7315789473684211,0.8,1
tree,lime,0.01,2,1392,0.7298245614035088,0.8,1
tree,lime,0.01,2,1395,0.9035087719298246,0.8,1
tree,lime,0.05,0,9,0.6403508771929824,0.8,1
tree,lime,0.05,0,31,0.7736842105263159,0.8,1
tree,lime,0.05,0,41,0.41578947368421054,0.6,1
tree,lime,0.05,0,46,0.8175438596491227,0.8,1
tree,lime,0.05,0,49,0.612280701754386,0.6,1
tree,lime,0.05,0,55,0.7929824561403509,0.8,1
tree,lime,0.05,0,79,0.863157894736842,1.0,1
tree,lime,0.05,0,84,0.6719298245614035,0.6,1
tree,lime,0.05,0,97,0.8017543859649122,0.8,1
tree,lime,0.05,0,104,0.7157894736842104,0.8,1
tree,lime,0.05,0,105,0.45789473684210524,0.8,1
tree,lime,0.05,0,107,0.6298245614035087,0.8,1
tree,lime,0.05,0,114,0.6947368421052632,0.8,1
tree,lime,0.05,0,121,0.6508771929824562,0.8,1
tree,lime,0.05,0,122,0.5736842105263157,1.0,1
tree,lime,0.05,0,123,0.7298245614035088,0.6,1
tree,lime,0.05,0,125,0.6421052631578947,0.8,1
tree,lime,0.05,0,146,0.5614035087719299,0.8,1
tree,lime,0.05,0,151,0.5929824561403508,0.8,1
tree,lime,0.05,0,156,0.8140350877192982,0.8,1
tree,lime,0.05,0,165,0.8894736842105263,1.0,1
tree,lime,0.05,0,166,0.7947368421052632,0.8,1
tree,lime,0.05,0,171,0.6526315789473683,0.8,1
tree,lime,0.05,0,182,0.5140350877192983,0.6,1
tree,lime,0.05,0,184,0.7228070175438598,0.6,1
tree,lime,0.05,0,194,0.30526315789473685,0.8,1
tree,lime,0.05,0,205,0.5982456140350877,0.6,1
tree,lime,0.05,0,206,0.6614035087719298,0.8,1
tree,lime,0.05,0,211,0.6719298245614035,0.8,1
tree,lime,0.05,0,223,0.7719298245614035,1.0,1
tree,lime,0.05,0,224,0.5807017543859649,0.6,1
tree,lime,0.05,0,229,0.8859649122807017,0.8,1
tree,lime,0.05,0,231,0.6649122807017543,0.8,1
tree,lime,0.05,0,241,0.5456140350877193,0.6,1
tree,lime,0.05,0,244,0.7105263157894737,1.0,1
tree,lime,0.05,0,261,0.8315789473684211,0.6,1
tree,lime,0.05,0,281,0.7491228070175439,0.8,1
tree,lime,0.05,0,289,0.5894736842105263,0.6,1
tree,lime,0.05,0,291,0.6438596491228071,1.0,1
tree,lime,0.05,0,311,0.7105263157894737,1.0,1
tree,lime,0.05,0,316,0.7894736842105263,0.6,1
tree,lime,0.05,0,325,0.8157894736842105,0.8,1
tree,lime,0.05,0,332,0.3333333333333333,0.4,1
tree,lime,0.05,0,344,0.6192982456140351,0.6,1
tree,lime,0.05,0,364,0.6719298245614035,0.8,1
tree,lime,0.05,0,372,0.6561403508771929,0.8,1
tree,lime,0.05,0,375,0.5578947368421052,0.6,1
tree,lime,0.05,0,381,0.6508771929824562,0.8,1
tree,lime,0.05,0,398,0.6000000000000001,0.8,1
tree,lime,0.05,0,403,0.7701754385964912,0.8,1
tree,lime,0.05,0,407,0.7701754385964912,1.0,1
tree,lime,0.05,0,414,0.6105263157894737,0.6,1
tree,lime,0.05,0,420,0.6684210526315789,0.8,1
tree,lime,0.05,0,423,0.7596491228070175,0.8,1
tree,lime,0.05,0,440,0.8649122807017543,0.8,1
tree,lime,0.05,0,442,0.6105263157894737,1.0,1
tree,lime,0.05,0,454,0.7578947368421053,0.8,1
tree,lime,0.05,0,457,0.9122807017543859,1.0,1
tree,lime,0.05,0,459,0.556140350877193,0.6,1
tree,lime,0.05,0,464,0.6491228070175438,0.8,1
tree,lime,0.05,0,467,0.6754385964912282,0.8,1
tree,lime,0.05,0,471,0.7350877192982455,1.0,1
tree,lime,0.05,0,475,0.8017543859649122,0.8,1
tree,lime,0.05,0,480,0.736842105263158,0.8,1
tree,lime,0.05,0,495,0.6894736842105263,0.8,1
tree,lime,0.05,0,503,0.8736842105263157,0.8,1
tree,lime,0.05,0,506,0.2771929824561403,0.6,1
tree,lime,0.05,0,521,0.7245614035087719,0.8,1
tree,lime,0.05,0,523,0.6280701754385966,0.6,1
tree,lime,0.05,0,530,0.5877192982456141,1.0,1
tree,lime,0.05,0,547,0.8052631578947368,0.8,1
tree,lime,0.05,0,551,0.6368421052631579,0.8,1
tree,lime,0.05,0,556,0.5789473684210525,0.6,1
tree,lime,0.05,0,558,0.7578947368421053,0.8,1
tree,lime,0.05,0,559,0.7912280701754386,0.8,1
tree,lime,0.05,0,562,0.6596491228070176,0.8,1
tree,lime,0.05,0,564,0.7052631578947368,0.6,1
tree,lime,0.05,0,572,0.6473684210526316,0.8,1
tree,lime,0.05,0,582,0.7052631578947368,1.0,1
tree,lime,0.05,0,587,0.6105263157894737,0.8,1
tree,lime,0.05,0,590,0.6649122807017543,0.8,1
tree,lime,0.05,0,591,0.6631578947368422,0.8,1
tree,lime,0.05,0,598,0.5947368421052631,0.6,1
tree,lime,0.05,0,605,0.6087719298245614,0.8,1
tree,lime,0.05,0,609,0.5614035087719299,0.8,1
tree,lime,0.05,0,613,0.5491228070175439,0.8,1
tree,lime,0.05,0,619,0.7456140350877193,0.6,1
tree,lime,0.05,0,620,0.8982456140350877,1.0,1
tree,lime,0.05,0,626,0.8526315789473684,1.0,1
tree,lime,0.05,0,627,0.7403508771929824,0.8,1
tree,lime,0.05,0,637,0.7649122807017543,0.8,1
tree,lime,0.05,0,640,0.524561403508772,0.8,1
tree,lime,0.05,0,667,0.687719298245614,0.8,1
tree,lime,0.05,0,673,0.7473684210526316,0.8,1
tree,lime,0.05,0,687,0.7543859649122807,0.8,1
tree,lime,0.05,0,688,0.6210526315789473,1.0,1
tree,lime,0.05,0,689,0.8210526315789475,0.8,1
tree,lime,0.05,0,690,0.719298245614035,0.8,1
tree,lime,0.05,0,693,0.6789473684210526,0.8,1
tree,lime,0.05,0,724,0.9017543859649122,0.8,1
tree,lime,0.05,0,732,0.7666666666666666,0.8,1
tree,lime,0.05,0,740,0.8140350877192982,0.8,1
tree,lime,0.05,0,748,0.7,0.6,1
tree,lime,0.05,0,751,0.6280701754385966,0.8,1
tree,lime,0.05,0,752,0.8,0.8,1
tree,lime,0.05,0,755,0.5771929824561403,0.8,1
tree,lime,0.05,0,759,0.8017543859649122,1.0,1
tree,lime,0.05,0,766,0.7508771929824561,0.8,1
tree,lime,0.05,0,786,0.6789473684210526,0.6,1
tree,lime,0.05,0,790,0.6000000000000001,1.0,1
tree,lime,0.05,0,792,0.4280701754385965,0.6,1
tree,lime,0.05,0,809,0.6456140350877193,1.0,1
tree,lime,0.05,0,812,0.6859649122807018,1.0,1
tree,lime,0.05,0,830,0.8070175438596491,1.0,1
tree,lime,0.05,0,845,0.7543859649122807,1.0,1
tree,lime,0.05,0,847,0.7140350877192982,1.0,1
tree,lime,0.05,0,848,0.7175438596491229,0.8,1
tree,lime,0.05,0,850,0.6035087719298246,0.8,1
tree,lime,0.05,0,860,0.5754385964912281,0.8,1
tree,lime,0.05,0,864,0.6438596491228071,0.8,1
tree,lime,0.05,0,869,0.6736842105263158,0.8,1
tree,lime,0.05,0,872,0.7754385964912281,1.0,1
tree,lime,0.05,0,874,0.7771929824561404,0.8,1
tree,lime,0.05,0,875,0.7421052631578948,1.0,1
tree,lime,0.05,0,878,0.8684210526315789,1.0,1
tree,lime,0.05,0,880,0.7929824561403509,1.0,1
tree,lime,0.05,0,886,0.38421052631578945,0.6,1
tree,lime,0.05,0,889,0.7701754385964912,1.0,1
tree,lime,0.05,0,896,0.763157894736842,0.8,1
tree,lime,0.05,0,900,0.6403508771929824,0.8,1
tree,lime,0.05,0,904,0.7087719298245614,0.6,1
tree,lime,0.05,0,908,0.4842105263157894,1.0,1
tree,lime,0.05,0,927,0.787719298245614,1.0,1
tree,lime,0.05,0,934,0.6771929824561403,0.8,1
tree,lime,0.05,0,939,0.6035087719298246,0.6,1
tree,lime,0.05,0,943,0.8210526315789475,0.8,1
tree,lime,0.05,0,945,0.7754385964912281,0.8,1
tree,lime,0.05,0,954,0.6315789473684211,0.8,1
tree,lime,0.05,0,959,0.5982456140350877,1.0,1
tree,lime,0.05,0,961,0.7754385964912281,1.0,1
tree,lime,0.05,0,967,0.5350877192982456,0.6,1
tree,lime,0.05,0,976,0.8175438596491227,0.8,1
tree,lime,0.05,0,990,0.6982456140350877,0.6,1
tree,lime,0.05,0,993,0.7912280701754386,0.8,1
tree,lime,0.05,0,996,0.8,0.8,1
tree,lime,0.05,0,1014,0.543859649122807,0.8,1
tree,lime,0.05,0,1015,0.5771929824561403,0.6,1
tree,lime,0.05,0,1019,0.7701754385964912,0.8,1
tree,lime,0.05,0,1023,0.7105263157894737,0.8,1
tree,lime,0.05,0,1027,0.780701754385965,0.6,1
tree,lime,0.05,0,1028,0.4842105263157894,0.8,1
tree,lime,0.05,0,1031,0.3017543859649123,0.6,1
tree,lime,0.05,0,1039,0.8,1.0,1
tree,lime,0.05,0,1043,0.5842105263157895,0.8,1
tree,lime,0.05,0,1052,0.6175438596491227,0.8,1
tree,lime,0.05,0,1063,0.5649122807017544,0.6,1
tree,lime,0.05,0,1065,0.612280701754386,0.8,1
tree,lime,0.05,0,1070,0.8350877192982457,0.8,1
tree,lime,0.05,0,1073,0.7263157894736841,0.8,1
tree,lime,0.05,0,1077,0.5842105263157895,0.8,1
tree,lime,0.05,0,1087,0.7736842105263159,0.8,1
tree,lime,0.05,0,1092,0.8526315789473684,0.8,1
tree,lime,0.05,0,1100,0.6614035087719298,0.8,1
tree,lime,0.05,0,1112,0.7105263157894737,1.0,1
tree,lime,0.05,0,1116,0.431578947368421,0.8,1
tree,lime,0.05,0,1119,0.763157894736842,0.8,1
tree,lime,0.05,0,1137,0.7947368421052632,1.0,1
tree,lime,0.05,0,1138,0.7140350877192982,0.6,1
tree,lime,0.05,0,1151,0.4736842105263158,0.6,1
tree,lime,0.05,0,1152,0.8596491228070176,0.8,1
tree,lime,0.05,0,1160,0.6719298245614035,0.8,1
tree,lime,0.05,0,1167,0.5175438596491229,0.8,1
tree,lime,0.05,0,1187,0.8245614035087718,0.8,1
tree,lime,0.05,0,1209,0.7614035087719299,0.8,1
tree,lime,0.05,0,1214,0.5771929824561403,0.8,1
tree,lime,0.05,0,1227,0.5789473684210525,0.8,1
tree,lime,0.05,0,1237,0.6789473684210526,0.8,1
tree,lime,0.05,0,1246,0.5543859649122806,0.6,1
tree,lime,0.05,0,1256,0.5684210526315789,0.8,1
tree,lime,0.05,0,1259,0.687719298245614,0.6,1
tree,lime,0.05,0,1299,0.6824561403508772,0.8,1
tree,lime,0.05,0,1300,0.7350877192982455,0.8,1
tree,lime,0.05,0,1309,0.8157894736842105,1.0,1
tree,lime,0.05,0,1314,0.30000000000000004,0.6,1
tree,lime,0.05,0,1316,0.7771929824561404,0.8,1
tree,lime,0.05,0,1322,0.83859649122807,0.8,1
tree,lime,0.05,0,1339,0.6859649122807018,1.0,1
tree,lime,0.05,0,1340,0.7508771929824561,1.0,1
tree,lime,0.05,0,1343,0.7105263157894737,0.8,1
tree,lime,0.05,0,1344,0.719298245614035,1.0,1
tree,lime,0.05,0,1348,0.5982456140350877,0.6,1
tree,lime,0.05,0,1351,0.6666666666666666,1.0,1
tree,lime,0.05,0,1354,0.7035087719298245,0.8,1
tree,lime,0.05,0,1360,0.6771929824561403,0.8,1
tree,lime,0.05,0,1368,0.6596491228070176,1.0,1
tree,lime,0.05,0,1379,0.7,0.6,1
tree,lime,0.05,0,1383,0.7385964912280703,0.8,1
tree,lime,0.05,0,1389,0.6070175438596491,1.0,1
tree,lime,0.05,0,1392,0.763157894736842,0.8,1
tree,lime,0.05,0,1395,0.887719298245614,0.8,1
tree,lime,0.05,1,9,0.7263157894736841,1.0,1
tree,lime,0.05,1,31,0.4982456140350877,0.8,1
tree,lime,0.05,1,41,0.543859649122807,0.8,1
tree,lime,0.05,1,46,0.7508771929824561,0.8,1
tree,lime,0.05,1,49,0.6508771929824562,1.0,1
tree,lime,0.05,1,55,0.7315789473684211,0.8,1
tree,lime,0.05,1,79,0.8140350877192982,1.0,1
tree,lime,0.05,1,84,0.6000000000000001,0.6,1
tree,lime,0.05,1,97,0.8140350877192982,0.8,1
tree,lime,0.05,1,104,0.5596491228070175,0.8,1
tree,lime,0.05,1,105,0.9175438596491228,1.0,1
tree,lime,0.05,1,107,0.6684210526315789,0.8,1
tree,lime,0.05,1,114,0.6228070175438596,0.8,1
tree,lime,0.05,1,121,0.7789473684210525,0.8,1
tree,lime,0.05,1,122,0.5929824561403508,0.8,1
tree,lime,0.05,1,123,0.5719298245614035,0.6,1
tree,lime,0.05,1,125,0.5280701754385965,0.6,1
tree,lime,0.05,1,146,0.6684210526315789,1.0,1
tree,lime,0.05,1,151,0.83859649122807,0.8,1
tree,lime,0.05,1,156,0.8789473684210527,0.6,1
tree,lime,0.05,1,165,0.8052631578947368,0.8,1
tree,lime,0.05,1,166,0.6894736842105263,0.8,1
tree,lime,0.05,1,171,0.6614035087719298,0.8,1
tree,lime,0.05,1,182,0.5052631578947369,0.8,1
tree,lime,0.05,1,184,0.7684210526315789,0.6,1
tree,lime,0.05,1,194,0.5578947368421052,0.6,1
tree,lime,0.05,1,205,0.83859649122807,0.8,1
tree,lime,0.05,1,206,0.38245614035087716,0.6,1
tree,lime,0.05,1,211,0.7736842105263159,0.6,1
tree,lime,0.05,1,223,0.5105263157894736,0.8,1
tree,lime,0.05,1,224,0.6280701754385966,0.6,1
tree,lime,0.05,1,229,0.6736842105263158,0.8,1
tree,lime,0.05,1,231,0.6754385964912282,0.8,1
tree,lime,0.05,1,241,0.6912280701754386,0.8,1
tree,lime,0.05,1,244,0.7684210526315789,1.0,1
tree,lime,0.05,1,261,0.6526315789473683,0.8,1
tree,lime,0.05,1,281,0.6491228070175438,0.8,1
tree,lime,0.05,1,289,0.5017543859649122,0.8,1
tree,lime,0.05,1,291,0.6842105263157895,0.8,1
tree,lime,0.05,1,311,0.7175438596491229,1.0,1
tree,lime,0.05,1,316,0.6771929824561403,0.8,1
tree,lime,0.05,1,325,0.6894736842105263,0.6,1
tree,lime,0.05,1,332,0.43684210526315786,0.8,1
tree,lime,0.05,1,344,0.7491228070175439,0.8,1
tree,lime,0.05,1,364,0.5421052631578946,0.8,1
tree,lime,0.05,1,372,0.687719298245614,1.0,1
tree,lime,0.05,1,375,0.6491228070175438,0.8,1
tree,lime,0.05,1,381,0.7947368421052632,0.8,1
tree,lime,0.05,1,398,0.7035087719298245,1.0,1
tree,lime,0.05,1,403,0.763157894736842,0.8,1
tree,lime,0.05,1,407,0.6719298245614035,1.0,1
tree,lime,0.05,1,414,0.7210526315789473,1.0,1
tree,lime,0.05,1,420,0.9122807017543859,0.8,1
tree,lime,0.05,1,423,0.7824561403508771,0.8,1
tree,lime,0.05,1,440,0.8842105263157896,0.8,1
tree,lime,0.05,1,442,0.4333333333333333,0.8,1
tree,lime,0.05,1,454,0.8263157894736841,1.0,1
tree,lime,0.05,1,457,0.6245614035087719,0.8,1
tree,lime,0.05,1,459,0.28771929824561404,0.6,1
tree,lime,0.05,1,464,0.7245614035087719,0.8,1
tree,lime,0.05,1,467,0.6280701754385966,0.8,1
tree,lime,0.05,1,471,0.8070175438596491,0.8,1
tree,lime,0.05,1,475,0.6403508771929824,0.8,1
tree,lime,0.05,1,480,0.7052631578947368,0.8,1
tree,lime,0.05,1,495,0.6245614035087719,0.8,1
tree,lime,0.05,1,503,0.7210526315789473,0.8,1
tree,lime,0.05,1,506,0.5333333333333333,0.6,1
tree,lime,0.05,1,521,0.6456140350877193,0.6,1
tree,lime,0.05,1,523,0.5368421052631579,0.8,1
tree,lime,0.05,1,530,0.7859649122807018,0.8,1
tree,lime,0.05,1,547,0.7403508771929824,0.8,1
tree,lime,0.05,1,551,0.4789473684210526,0.8,1
tree,lime,0.05,1,556,0.7263157894736841,0.8,1
tree,lime,0.05,1,558,0.4385964912280701,0.8,1
tree,lime,0.05,1,559,0.712280701754386,0.8,1
tree,lime,0.05,1,562,0.4666666666666667,0.6,1
tree,lime,0.05,1,564,0.719298245614035,0.6,1
tree,lime,0.05,1,572,0.5684210526315789,1.0,1
tree,lime,0.05,1,582,0.47017543859649114,0.8,1
tree,lime,0.05,1,587,0.7421052631578948,0.8,1
tree,lime,0.05,1,590,0.6771929824561403,0.8,1
tree,lime,0.05,1,591,0.7350877192982455,0.8,1
tree,lime,0.05,1,598,0.6596491228070176,0.8,1
tree,lime,0.05,1,605,0.7947368421052632,0.6,1
tree,lime,0.05,1,609,0.7333333333333334,0.6,1
tree,lime,0.05,1,613,0.8894736842105263,1.0,1
tree,lime,0.05,1,619,0.6701754385964912,0.8,1
tree,lime,0.05,1,620,0.8210526315789475,0.8,1
tree,lime,0.05,1,626,0.5807017543859649,1.0,1
tree,lime,0.05,1,627,0.44912280701754387,0.8,1
tree,lime,0.05,1,637,0.8771929824561402,1.0,1
tree,lime,0.05,1,640,0.7403508771929824,0.8,1
tree,lime,0.05,1,667,0.7578947368421053,0.8,1
tree,lime,0.05,1,673,0.7105263157894737,1.0,1
tree,lime,0.05,1,687,0.7929824561403509,0.8,1
tree,lime,0.05,1,688,0.6070175438596491,0.8,1
tree,lime,0.05,1,689,0.8701754385964912,0.8,1
tree,lime,0.05,1,690,0.4298245614035088,0.8,1
tree,lime,0.05,1,693,0.8350877192982457,0.8,1
tree,lime,0.05,1,724,0.8,0.8,1
tree,lime,0.05,1,732,0.6807017543859648,0.8,1
tree,lime,0.05,1,740,0.42280701754385963,1.0,1
tree,lime,0.05,1,748,0.5578947368421052,0.8,1
tree,lime,0.05,1,751,0.9473684210526316,0.8,1
tree,lime,0.05,1,752,0.7929824561403509,0.8,1
tree,lime,0.05,1,755,0.856140350877193,1.0,1
tree,lime,0.05,1,759,0.7228070175438598,0.8,1
tree,lime,0.05,1,766,0.6578947368421053,1.0,1
tree,lime,0.05,1,786,0.5210526315789473,0.6,1
tree,lime,0.05,1,790,0.5614035087719299,0.8,1
tree,lime,0.05,1,792,0.7789473684210525,1.0,1
tree,lime,0.05,1,809,0.7087719298245614,1.0,1
tree,lime,0.05,1,812,0.7157894736842104,1.0,1
tree,lime,0.05,1,830,0.7456140350877193,1.0,1
tree,lime,0.05,1,845,0.8719298245614034,1.0,1
tree,lime,0.05,1,847,0.6105263157894737,0.8,1
tree,lime,0.05,1,848,0.5789473684210525,0.8,1
tree,lime,0.05,1,850,0.6526315789473683,0.6,1
tree,lime,0.05,1,860,0.5649122807017544,1.0,1
tree,lime,0.05,1,864,0.6035087719298246,0.8,1
tree,lime,0.05,1,869,0.6315789473684211,0.8,1
tree,lime,0.05,1,872,0.7543859649122807,0.8,1
tree,lime,0.05,1,874,0.7070175438596492,0.8,1
tree,lime,0.05,1,875,0.7421052631578948,1.0,1
tree,lime,0.05,1,878,0.7912280701754386,1.0,1
tree,lime,0.05,1,880,0.6438596491228071,0.8,1
tree,lime,0.05,1,886,0.36315789473684207,0.8,1
tree,lime,0.05,1,889,0.8789473684210527,0.8,1
tree,lime,0.05,1,896,0.7649122807017543,0.8,1
tree,lime,0.05,1,900,0.45614035087719296,0.6,1
tree,lime,0.05,1,904,0.5736842105263157,0.8,1
tree,lime,0.05,1,908,0.7385964912280703,1.0,1
tree,lime,0.05,1,927,0.787719298245614,1.0,1
tree,lime,0.05,1,934,0.3736842105263158,0.8,1
tree,lime,0.05,1,939,0.6912280701754386,0.8,1
tree,lime,0.05,1,943,0.6736842105263158,0.8,1
tree,lime,0.05,1,945,0.8035087719298245,0.8,1
tree,lime,0.05,1,954,0.8315789473684211,0.8,1
tree,lime,0.05,1,959,0.8245614035087718,1.0,1
tree,lime,0.05,1,961,0.7228070175438598,0.8,1
tree,lime,0.05,1,967,0.5456140350877193,0.6,1
tree,lime,0.05,1,976,0.7947368421052632,1.0,1
tree,lime,0.05,1,990,0.8070175438596491,0.8,1
tree,lime,0.05,1,993,0.7403508771929824,0.8,1
tree,lime,0.05,1,996,0.7403508771929824,0.8,1
tree,lime,0.05,1,1014,0.5824561403508772,0.8,1
tree,lime,0.05,1,1015,0.5877192982456141,0.6,1
tree,lime,0.05,1,1019,0.712280701754386,0.8,1
tree,lime,0.05,1,1023,0.7929824561403509,0.8,1
tree,lime,0.05,1,1027,0.7175438596491229,0.6,1
tree,lime,0.05,1,1028,0.7070175438596492,0.8,1
tree,lime,0.05,1,1031,0.7298245614035088,0.8,1
tree,lime,0.05,1,1039,0.6333333333333333,0.8,1
tree,lime,0.05,1,1043,0.5210526315789473,0.6,1
tree,lime,0.05,1,1052,0.46315789473684205,0.8,1
tree,lime,0.05,1,1063,0.6140350877192983,0.8,1
tree,lime,0.05,1,1065,0.8789473684210527,0.8,1
tree,lime,0.05,1,1070,0.7859649122807018,1.0,1
tree,lime,0.05,1,1073,0.6807017543859648,1.0,1
tree,lime,0.05,1,1077,0.787719298245614,1.0,1
tree,lime,0.05,1,1087,0.5964912280701754,0.8,1
tree,lime,0.05,1,1092,0.8403508771929825,1.0,1
tree,lime,0.05,1,1100,0.7578947368421053,0.8,1
tree,lime,0.05,1,1112,0.5052631578947369,0.6,1
tree,lime,0.05,1,1116,0.6456140350877193,0.6,1
tree,lime,0.05,1,1119,0.7087719298245614,0.8,1
tree,lime,0.05,1,1137,0.7982456140350876,0.6,1
tree,lime,0.05,1,1138,0.6491228070175438,0.8,1
tree,lime,0.05,1,1151,0.5789473684210525,1.0,1
tree,lime,0.05,1,1152,0.7754385964912281,0.8,1
tree,lime,0.05,1,1160,0.7666666666666666,1.0,1
tree,lime,0.05,1,1167,0.6964912280701754,0.8,1
tree,lime,0.05,1,1187,0.6684210526315789,0.8,1
tree,lime,0.05,1,1209,0.6210526315789473,0.8,1
tree,lime,0.05,1,1214,0.4789473684210526,0.6,1
tree,lime,0.05,1,1227,0.6403508771929824,0.8,1
tree,lime,0.05,1,1237,0.756140350877193,1.0,1
tree,lime,0.05,1,1246,0.5719298245614035,0.6,1
tree,lime,0.05,1,1256,0.7350877192982455,0.6,1
tree,lime,0.05,1,1259,0.37543859649122807,0.6,1
tree,lime,0.05,1,1299,0.6087719298245614,0.8,1
tree,lime,0.05,1,1300,0.7912280701754386,0.8,1
tree,lime,0.05,1,1309,0.7228070175438598,0.8,1
tree,lime,0.05,1,1314,0.46491228070175433,0.8,1
tree,lime,0.05,1,1316,0.7263157894736841,0.8,1
tree,lime,0.05,1,1322,0.8157894736842105,1.0,1
tree,lime,0.05,1,1339,0.687719298245614,0.8,1
tree,lime,0.05,1,1340,0.8473684210526315,0.8,1
tree,lime,0.05,1,1343,0.5771929824561403,0.8,1
tree,lime,0.05,1,1344,0.5157894736842105,0.8,1
tree,lime,0.05,1,1348,0.7385964912280703,0.6,1
tree,lime,0.05,1,1351,0.8017543859649122,1.0,1
tree,lime,0.05,1,1354,0.6491228070175438,0.8,1
tree,lime,0.05,1,1360,0.6140350877192983,1.0,1
tree,lime,0.05,1,1368,0.5403508771929825,0.8,1
tree,lime,0.05,1,1379,0.7754385964912281,0.8,1
tree,lime,0.05,1,1383,0.7929824561403509,0.6,1
tree,lime,0.05,1,1389,0.6473684210526316,0.8,1
tree,lime,0.05,1,1392,0.6561403508771929,0.8,1
tree,lime,0.05,1,1395,0.882456140350877,0.8,1
tree,lime,0.05,2,9,0.7754385964912281,0.8,1
tree,lime,0.05,2,31,0.5631578947368421,0.8,1
tree,lime,0.05,2,41,0.736842105263158,0.6,1
tree,lime,0.05,2,46,0.763157894736842,1.0,1
tree,lime,0.05,2,49,0.7578947368421053,1.0,1
tree,lime,0.05,2,55,0.6157894736842106,0.6,1
tree,lime,0.05,2,79,0.763157894736842,1.0,1
tree,lime,0.05,2,84,0.38947368421052625,0.8,1
tree,lime,0.05,2,97,0.6315789473684211,0.8,1
tree,lime,0.05,2,104,0.6929824561403508,0.8,1
tree,lime,0.05,2,105,0.843859649122807,0.8,1
tree,lime,0.05,2,107,0.6982456140350877,0.8,1
tree,lime,0.05,2,114,0.6508771929824562,0.8,1
tree,lime,0.05,2,121,0.8684210526315789,1.0,1
tree,lime,0.05,2,122,0.6228070175438596,1.0,1
tree,lime,0.05,2,123,0.6771929824561403,0.6,1
tree,lime,0.05,2,125,0.7087719298245614,0.8,1
tree,lime,0.05,2,146,0.7912280701754386,0.8,1
tree,lime,0.05,2,151,0.6543859649122807,0.8,1
tree,lime,0.05,2,156,0.5017543859649122,0.6,1
tree,lime,0.05,2,165,0.7701754385964912,0.8,1
tree,lime,0.05,2,166,0.7789473684210525,0.8,1
tree,lime,0.05,2,171,0.6596491228070176,0.8,1
tree,lime,0.05,2,182,0.6543859649122807,0.8,1
tree,lime,0.05,2,184,0.45789473684210524,0.6,1
tree,lime,0.05,2,194,0.4052631578947368,0.8,1
tree,lime,0.05,2,205,0.6859649122807018,0.6,1
tree,lime,0.05,2,206,0.519298245614035,0.8,1
tree,lime,0.05,2,211,0.7824561403508771,0.8,1
tree,lime,0.05,2,223,0.519298245614035,0.8,1
tree,lime,0.05,2,224,0.512280701754386,0.6,1
tree,lime,0.05,2,229,0.5228070175438596,0.8,1
tree,lime,0.05,2,231,0.6210526315789473,0.8,1
tree,lime,0.05,2,241,0.5228070175438596,0.8,1
tree,lime,0.05,2,244,0.7543859649122807,1.0,1
tree,lime,0.05,2,261,0.6228070175438596,0.6,1
tree,lime,0.05,2,281,0.7070175438596492,1.0,1
tree,lime,0.05,2,289,0.5877192982456141,0.8,1
tree,lime,0.05,2,291,0.6666666666666666,0.8,1
tree,lime,0.05,2,311,0.8614035087719297,1.0,1
tree,lime,0.05,2,316,0.7228070175438598,0.6,1
tree,lime,0.05,2,325,0.5228070175438596,0.8,1
tree,lime,0.05,2,332,0.7052631578947368,0.8,1
tree,lime,0.05,2,344,0.6368421052631579,0.8,1
tree,lime,0.05,2,364,0.6894736842105263,0.8,1
tree,lime,0.05,2,372,0.7543859649122807,0.8,1
tree,lime,0.05,2,375,0.38947368421052625,0.8,1
tree,lime,0.05,2,381,0.5842105263157895,0.8,1
tree,lime,0.05,2,398,0.5736842105263157,0.8,1
tree,lime,0.05,2,403,0.6596491228070176,0.8,1
tree,lime,0.05,2,407,0.6052631578947367,1.0,1
tree,lime,0.05,2,414,0.7403508771929824,0.8,1
tree,lime,0.05,2,420,0.7859649122807018,0.8,1
tree,lime,0.05,2,423,0.7754385964912281,0.8,1
tree,lime,0.05,2,440,0.8,0.8,1
tree,lime,0.05,2,442,0.7210526315789473,0.8,1
tree,lime,0.05,2,454,0.7087719298245614,0.8,1
tree,lime,0.05,2,457,0.5964912280701754,1.0,1
tree,lime,0.05,2,459,0.6035087719298246,0.8,1
tree,lime,0.05,2,464,0.6894736842105263,0.8,1
tree,lime,0.05,2,467,0.7157894736842104,1.0,1
tree,lime,0.05,2,471,0.7105263157894737,1.0,1
tree,lime,0.05,2,475,0.7526315789473684,0.8,1
tree,lime,0.05,2,480,0.6947368421052632,0.8,1
tree,lime,0.05,2,495,0.5807017543859649,0.6,1
tree,lime,0.05,2,503,0.8157894736842105,0.8,1
tree,lime,0.05,2,506,0.5894736842105263,0.8,1
tree,lime,0.05,2,521,0.6649122807017543,0.8,1
tree,lime,0.05,2,523,0.6964912280701754,0.8,1
tree,lime,0.05,2,530,0.612280701754386,1.0,1
tree,lime,0.05,2,547,0.8245614035087718,0.8,1
tree,lime,0.05,2,551,0.6210526315789473,0.8,1
tree,lime,0.05,2,556,0.7789473684210525,1.0,1
tree,lime,0.05,2,558,0.49473684210526314,0.8,1
tree,lime,0.05,2,559,0.6035087719298246,0.8,1
tree,lime,0.05,2,562,0.5578947368421052,0.8,1
tree,lime,0.05,2,564,0.6508771929824562,0.6,1
tree,lime,0.05,2,572,0.419298245614035,0.8,1
tree,lime,0.05,2,582,0.5736842105263157,0.8,1
tree,lime,0.05,2,587,0.42105263157894735,0.8,1
tree,lime,0.05,2,590,0.7649122807017543,1.0,1
tree,lime,0.05,2,591,0.8070175438596491,0.8,1
tree,lime,0.05,2,598,0.7842105263157895,0.8,1
tree,lime,0.05,2,605,0.7526315789473684,0.8,1
tree,lime,0.05,2,609,0.7070175438596492,0.8,1
tree,lime,0.05,2,613,0.531578947368421,0.8,1
tree,lime,0.05,2,619,0.6368421052631579,0.8,1
tree,lime,0.05,2,620,0.8035087719298245,0.8,1
tree,lime,0.05,2,626,0.8491228070175438,0.8,1
tree,lime,0.05,2,627,0.8210526315789475,1.0,1
tree,lime,0.05,2,637,0.5754385964912281,0.8,1
tree,lime,0.05,2,640,0.6526315789473683,1.0,1
tree,lime,0.05,2,667,0.8403508771929825,0.8,1
tree,lime,0.05,2,673,0.6912280701754386,1.0,1
tree,lime,0.05,2,687,0.3333333333333333,0.8,1
tree,lime,0.05,2,688,0.46491228070175433,0.8,1
tree,lime,0.05,2,689,0.8228070175438595,0.8,1
tree,lime,0.05,2,690,0.6438596491228071,0.8,1
tree,lime,0.05,2,693,0.7982456140350876,0.8,1
tree,lime,0.05,2,724,0.8175438596491227,0.8,1
tree,lime,0.05,2,732,0.7947368421052632,0.8,1
tree,lime,0.05,2,740,0.5807017543859649,0.6,1
tree,lime,0.05,2,748,0.8105263157894737,0.8,1
tree,lime,0.05,2,751,0.8578947368421052,0.6,1
tree,lime,0.05,2,752,0.7087719298245614,0.8,1
tree,lime,0.05,2,755,0.819298245614035,0.6,1
tree,lime,0.05,2,759,0.7491228070175439,0.8,1
tree,lime,0.05,2,766,0.719298245614035,1.0,1
tree,lime,0.05,2,786,0.6228070175438596,0.6,1
tree,lime,0.05,2,790,0.6017543859649123,1.0,1
tree,lime,0.05,2,792,0.8350877192982457,0.8,1
tree,lime,0.05,2,809,0.7947368421052632,1.0,1
tree,lime,0.05,2,812,0.7491228070175439,1.0,1
tree,lime,0.05,2,830,0.7684210526315789,1.0,1
tree,lime,0.05,2,845,0.8298245614035088,0.8,1
tree,lime,0.05,2,847,0.763157894736842,0.8,1
tree,lime,0.05,2,848,0.45789473684210524,0.6,1
tree,lime,0.05,2,850,0.712280701754386,0.8,1
tree,lime,0.05,2,860,0.45438596491228067,0.8,1
tree,lime,0.05,2,864,0.819298245614035,0.6,1
tree,lime,0.05,2,869,0.7666666666666666,0.8,1
tree,lime,0.05,2,872,0.7982456140350876,1.0,1
tree,lime,0.05,2,874,0.8210526315789475,0.6,1
tree,lime,0.05,2,875,0.8087719298245614,0.8,1
tree,lime,0.05,2,878,0.8543859649122807,0.8,1
tree,lime,0.05,2,880,0.7596491228070175,1.0,1
tree,lime,0.05,2,886,0.5631578947368421,0.6,1
tree,lime,0.05,2,889,0.856140350877193,0.8,1
tree,lime,0.05,2,896,0.7403508771929824,0.8,1
tree,lime,0.05,2,900,0.5210526315789473,0.6,1
tree,lime,0.05,2,904,0.6929824561403508,0.8,1
tree,lime,0.05,2,908,0.6350877192982456,1.0,1
tree,lime,0.05,2,927,0.7894736842105263,0.8,1
tree,lime,0.05,2,934,0.8052631578947368,1.0,1
tree,lime,0.05,2,939,0.6736842105263158,0.8,1
tree,lime,0.05,2,943,0.9105263157894736,0.8,1
tree,lime,0.05,2,945,0.7894736842105263,1.0,1
tree,lime,0.05,2,954,0.7491228070175439,1.0,1
tree,lime,0.05,2,959,0.7824561403508771,0.8,1
tree,lime,0.05,2,961,0.7228070175438598,0.8,1
tree,lime,0.05,2,967,0.5140350877192983,0.6,1
tree,lime,0.05,2,976,0.7105263157894737,0.8,1
tree,lime,0.05,2,990,0.7701754385964912,0.8,1
tree,lime,0.05,2,993,0.7736842105263159,0.8,1
tree,lime,0.05,2,996,0.5964912280701754,0.6,1
tree,lime,0.05,2,1014,0.5491228070175439,0.6,1
tree,lime,0.05,2,1015,0.7,0.8,1
tree,lime,0.05,2,1019,0.8210526315789475,0.8,1
tree,lime,0.05,2,1023,0.7210526315789473,1.0,1
tree,lime,0.05,2,1027,0.8140350877192982,0.8,1
tree,lime,0.05,2,1028,0.3473684210526316,0.8,1
tree,lime,0.05,2,1031,0.5982456140350877,0.8,1
tree,lime,0.05,2,1039,0.8368421052631579,1.0,1
tree,lime,0.05,2,1043,0.7964912280701755,0.8,1
tree,lime,0.05,2,1052,0.5807017543859649,0.8,1
tree,lime,0.05,2,1063,0.5947368421052631,0.6,1
tree,lime,0.05,2,1065,0.6929824561403508,0.8,1
tree,lime,0.05,2,1070,0.7771929824561404,0.8,1
tree,lime,0.05,2,1073,0.7140350877192982,0.8,1
tree,lime,0.05,2,1077,0.9508771929824561,1.0,1
tree,lime,0.05,2,1087,0.7543859649122807,0.8,1
tree,lime,0.05,2,1092,0.8210526315789475,0.8,1
tree,lime,0.05,2,1100,0.6210526315789473,0.8,1
tree,lime,0.05,2,1112,0.7017543859649124,0.8,1
tree,lime,0.05,2,1116,0.6473684210526316,0.8,1
tree,lime,0.05,2,1119,0.7789473684210525,1.0,1
tree,lime,0.05,2,1137,0.6350877192982456,1.0,1
tree,lime,0.05,2,1138,0.5157894736842105,0.8,1
tree,lime,0.05,2,1151,0.780701754385965,0.8,1
tree,lime,0.05,2,1152,0.7473684210526316,0.8,1
tree,lime,0.05,2,1160,0.763157894736842,1.0,1
tree,lime,0.05,2,1167,0.6754385964912282,0.8,1
tree,lime,0.05,2,1187,0.8175438596491227,0.8,1
tree,lime,0.05,2,1209,0.7052631578947368,0.8,1
tree,lime,0.05,2,1214,0.5631578947368421,0.8,1
tree,lime,0.05,2,1227,0.5649122807017544,0.8,1
tree,lime,0.05,2,1237,0.8491228070175438,1.0,1
tree,lime,0.05,2,1246,0.6543859649122807,0.8,1
tree,lime,0.05,2,1256,0.6561403508771929,0.6,1
tree,lime,0.05,2,1259,0.7070175438596492,0.6,1
tree,lime,0.05,2,1299,0.7456140350877193,0.8,1
tree,lime,0.05,2,1300,0.7508771929824561,1.0,1
tree,lime,0.05,2,1309,0.6578947368421053,0.6,1
tree,lime,0.05,2,1314,0.46140350877192987,1.0,1
tree,lime,0.05,2,1316,0.9105263157894736,0.8,1
tree,lime,0.05,2,1322,0.5228070175438596,0.8,1
tree,lime,0.05,2,1339,0.5491228070175439,0.8,1
tree,lime,0.05,2,1340,0.6491228070175438,0.8,1
tree,lime,0.05,2,1343,0.6666666666666666,0.8,1
tree,lime,0.05,2,1344,0.6736842105263158,0.8,1
tree,lime,0.05,2,1348,0.6789473684210526,0.8,1
tree,lime,0.05,2,1351,0.7210526315789473,0.8,1
tree,lime,0.05,2,1354,0.7491228070175439,0.8,1
tree,lime,0.05,2,1360,0.7245614035087719,0.8,1
tree,lime,0.05,2,1368,0.8228070175438595,0.8,1
tree,lime,0.05,2,1379,0.8754385964912281,1.0,1
tree,lime,0.05,2,1383,0.6368421052631579,0.8,1
tree,lime,0.05,2,1389,0.48947368421052634,1.0,1
tree,lime,0.05,2,1392,0.6035087719298246,0.8,1
tree,lime,0.05,2,1395,0.6087719298245614,0.8,1
tree,lime,0.1,0,9,0.780701754385965,1.0,1
tree,lime,0.1,0,31,0.5649122807017544,0.8,1
tree,lime,0.1,0,41,0.43684210526315786,0.6,1
tree,lime,0.1,0,46,0.7070175438596492,0.8,1
tree,lime,0.1,0,49,0.6596491228070176,1.0,1
tree,lime,0.1,0,55,0.7070175438596492,0.8,1
tree,lime,0.1,0,79,0.6438596491228071,0.8,1
tree,lime,0.1,0,84,0.763157894736842,1.0,1
tree,lime,0.1,0,97,0.6894736842105263,0.8,1
tree,lime,0.1,0,104,0.8596491228070176,0.8,1
tree,lime,0.1,0,105,0.6982456140350877,0.8,1
tree,lime,0.1,0,107,0.7789473684210525,0.8,1
tree,lime,0.1,0,114,0.6684210526315789,0.6,1
tree,lime,0.1,0,121,0.8140350877192982,0.8,1
tree,lime,0.1,0,122,0.6421052631578947,0.8,1
tree,lime,0.1,0,123,0.83859649122807,0.6,1
tree,lime,0.1,0,125,0.37894736842105264,0.6,1
tree,lime,0.1,0,146,0.7087719298245614,0.8,1
tree,lime,0.1,0,151,0.6315789473684211,0.8,1
tree,lime,0.1,0,156,0.83859649122807,0.8,1
tree,lime,0.1,0,165,0.6771929824561403,0.8,1
tree,lime,0.1,0,166,0.7614035087719299,1.0,1
tree,lime,0.1,0,171,0.7456140350877193,0.8,1
tree,lime,0.1,0,182,0.6403508771929824,0.8,1
tree,lime,0.1,0,184,0.7298245614035088,0.8,1
tree,lime,0.1,0,194,0.6280701754385966,0.6,1
tree,lime,0.1,0,205,0.5877192982456141,0.6,1
tree,lime,0.1,0,206,0.4263157894736842,0.8,1
tree,lime,0.1,0,211,0.7929824561403509,0.8,1
tree,lime,0.1,0,223,0.6701754385964912,0.8,1
tree,lime,0.1,0,224,0.7789473684210525,0.6,1
tree,lime,0.1,0,229,0.6736842105263158,1.0,1
tree,lime,0.1,0,231,0.5614035087719299,0.8,1
tree,lime,0.1,0,241,0.7298245614035088,0.6,1
tree,lime,0.1,0,244,0.756140350877193,1.0,1
tree,lime,0.1,0,261,0.687719298245614,0.8,1
tree,lime,0.1,0,281,0.7543859649122807,0.8,1
tree,lime,0.1,0,289,0.42105263157894735,0.6,1
tree,lime,0.1,0,291,0.8842105263157896,0.8,1
tree,lime,0.1,0,311,0.6964912280701754,1.0,1
tree,lime,0.1,0,316,0.8228070175438595,0.6,1
tree,lime,0.1,0,325,0.7543859649122807,0.6,1
tree,lime,0.1,0,332,0.6508771929824562,0.6,1
tree,lime,0.1,0,344,0.7298245614035088,0.8,1
tree,lime,0.1,0,364,0.5526315789473685,0.8,1
tree,lime,0.1,0,372,0.6666666666666666,0.8,1
tree,lime,0.1,0,375,0.6982456140350877,0.8,1
tree,lime,0.1,0,381,0.780701754385965,0.8,1
tree,lime,0.1,0,398,0.5298245614035089,1.0,1
tree,lime,0.1,0,403,0.83859649122807,0.8,1
tree,lime,0.1,0,407,0.7771929824561404,0.8,1
tree,lime,0.1,0,414,0.5631578947368421,0.6,1
tree,lime,0.1,0,420,0.712280701754386,1.0,1
tree,lime,0.1,0,423,0.6491228070175438,0.8,1
tree,lime,0.1,0,440,0.6280701754385966,0.8,1
tree,lime,0.1,0,442,0.5666666666666667,0.8,1
tree,lime,0.1,0,454,0.5771929824561403,0.8,1
tree,lime,0.1,0,457,0.7245614035087719,0.8,1
tree,lime,0.1,0,459,0.7,1.0,1
tree,lime,0.1,0,464,0.7684210526315789,0.8,1
tree,lime,0.1,0,467,0.5877192982456141,0.8,1
tree,lime,0.1,0,471,0.7315789473684211,1.0,1
tree,lime,0.1,0,475,0.48245614035087714,0.8,1
tree,lime,0.1,0,480,0.5684210526315789,0.8,1
tree,lime,0.1,0,495,0.4666666666666667,0.8,1
tree,lime,0.1,0,503,0.8087719298245614,0.8,1
tree,lime,0.1,0,506,0.15438596491228068,0.6,1
tree,lime,0.1,0,521,0.6000000000000001,0.8,1
tree,lime,0.1,0,523,0.49473684210526314,0.6,1
tree,lime,0.1,0,530,0.6438596491228071,0.8,1
tree,lime,0.1,0,547,0.7421052631578948,0.8,1
tree,lime,0.1,0,551,0.5508771929824561,0.8,1
tree,lime,0.1,0,556,0.780701754385965,0.8,1
tree,lime,0.1,0,558,0.8035087719298245,0.8,1
tree,lime,0.1,0,559,0.7526315789473684,0.8,1
tree,lime,0.1,0,562,0.5771929824561403,0.6,1
tree,lime,0.1,0,564,0.6807017543859648,0.6,1
tree,lime,0.1,0,572,0.7684210526315789,0.8,1
tree,lime,0.1,0,582,0.712280701754386,1.0,1
tree,lime,0.1,0,587,0.6649122807017543,0.6,1
tree,lime,0.1,0,590,0.6105263157894737,1.0,1
tree,lime,0.1,0,591,0.7649122807017543,0.8,1
tree,lime,0.1,0,598,0.763157894736842,1.0,1
tree,lime,0.1,0,605,0.6824561403508772,0.8,1
tree,lime,0.1,0,609,0.6385964912280702,0.8,1
tree,lime,0.1,0,613,0.5754385964912281,0.8,1
tree,lime,0.1,0,619,0.6982456140350877,0.8,1
tree,lime,0.1,0,620,0.8052631578947368,0.8,1
tree,lime,0.1,0,626,0.5982456140350877,1.0,1
tree,lime,0.1,0,627,0.6192982456140351,0.8,1
tree,lime,0.1,0,637,0.7473684210526316,0.6,1
tree,lime,0.1,0,640,0.7017543859649124,0.8,1
tree,lime,0.1,0,667,0.8087719298245614,0.8,1
tree,lime,0.1,0,673,0.819298245614035,1.0,1
tree,lime,0.1,0,687,0.8210526315789475,1.0,1
tree,lime,0.1,0,688,0.4982456140350877,0.8,1
tree,lime,0.1,0,689,0.6789473684210526,0.8,1
tree,lime,0.1,0,690,0.4736842105263158,0.8,1
tree,lime,0.1,0,693,0.7140350877192982,1.0,1
tree,lime,0.1,0,724,0.7789473684210525,0.8,1
tree,lime,0.1,0,732,0.6649122807017543,0.8,1
tree,lime,0.1,0,740,0.7245614035087719,0.8,1
tree,lime,0.1,0,748,0.7385964912280703,0.8,1
tree,lime,0.1,0,751,0.8947368421052632,1.0,1
tree,lime,0.1,0,752,0.8842105263157896,0.8,1
tree,lime,0.1,0,755,0.7105263157894737,0.8,1
tree,lime,0.1,0,759,0.763157894736842,0.6,1
tree,lime,0.1,0,766,0.9245614035087718,0.8,1
tree,lime,0.1,0,786,0.6824561403508772,0.8,1
tree,lime,0.1,0,790,0.5596491228070175,0.6,1
tree,lime,0.1,0,792,0.7666666666666666,0.8,1
tree,lime,0.1,0,809,0.6894736842105263,1.0,1
tree,lime,0.1,0,812,0.7666666666666666,1.0,1
tree,lime,0.1,0,830,0.719298245614035,1.0,1
tree,lime,0.1,0,845,0.7245614035087719,0.8,1
tree,lime,0.1,0,847,0.7596491228070175,1.0,1
tree,lime,0.1,0,848,0.6947368421052632,0.8,1
tree,lime,0.1,0,850,0.6666666666666666,0.8,1
tree,lime,0.1,0,860,0.6719298245614035,0.8,1
tree,lime,0.1,0,864,0.8052631578947368,0.8,1
tree,lime,0.1,0,869,0.4789473684210526,0.8,1
tree,lime,0.1,0,872,0.6894736842105263,0.8,1
tree,lime,0.1,0,874,0.6614035087719298,0.8,1
tree,lime,0.1,0,875,0.8315789473684211,0.8,1
tree,lime,0.1,0,878,0.6754385964912282,1.0,1
tree,lime,0.1,0,880,0.6017543859649123,1.0,1
tree,lime,0.1,0,886,0.7017543859649124,0.8,1
tree,lime,0.1,0,889,0.8666666666666666,0.8,1
tree,lime,0.1,0,896,0.5,0.6,1
tree,lime,0.1,0,900,0.819298245614035,0.8,1
tree,lime,0.1,0,904,0.7456140350877193,0.8,1
tree,lime,0.1,0,908,0.6385964912280702,0.8,1
tree,lime,0.1,0,927,0.6754385964912282,1.0,1
tree,lime,0.1,0,934,0.5877192982456141,0.8,1
tree,lime,0.1,0,939,0.5368421052631579,0.8,1
tree,lime,0.1,0,943,0.8508771929824561,0.8,1
tree,lime,0.1,0,945,0.7298245614035088,0.8,1
tree,lime,0.1,0,954,0.6315789473684211,0.8,1
tree,lime,0.1,0,959,0.7403508771929824,1.0,1
tree,lime,0.1,0,961,0.6508771929824562,0.8,1
tree,lime,0.1,0,967,0.8175438596491227,0.6,1
tree,lime,0.1,0,976,0.8333333333333334,0.8,1
tree,lime,0.1,0,990,0.8473684210526315,0.6,1
tree,lime,0.1,0,993,0.612280701754386,0.8,1
tree,lime,0.1,0,996,0.3298245614035088,0.8,1
tree,lime,0.1,0,1014,0.6315789473684211,0.8,1
tree,lime,0.1,0,1015,0.756140350877193,0.6,1
tree,lime,0.1,0,1019,0.8035087719298245,0.8,1
tree,lime,0.1,0,1023,0.7526315789473684,0.8,1
tree,lime,0.1,0,1027,0.8473684210526315,1.0,1
tree,lime,0.1,0,1028,0.42280701754385963,0.8,1
tree,lime,0.1,0,1031,0.6456140350877193,0.8,1
tree,lime,0.1,0,1039,0.6842105263157895,1.0,1
tree,lime,0.1,0,1043,0.5491228070175439,0.8,1
tree,lime,0.1,0,1052,0.4508771929824561,0.8,1
tree,lime,0.1,0,1063,0.5263157894736842,0.8,1
tree,lime,0.1,0,1065,0.843859649122807,0.8,1
tree,lime,0.1,0,1070,0.7491228070175439,0.8,1
tree,lime,0.1,0,1073,0.6052631578947367,1.0,1
tree,lime,0.1,0,1077,0.6210526315789473,0.8,1
tree,lime,0.1,0,1087,0.7315789473684211,0.8,1
tree,lime,0.1,0,1092,0.8719298245614034,0.8,1
tree,lime,0.1,0,1100,0.5894736842105263,0.8,1
tree,lime,0.1,0,1112,0.7491228070175439,0.8,1
tree,lime,0.1,0,1116,0.6157894736842106,0.8,1
tree,lime,0.1,0,1119,0.7982456140350876,0.8,1
tree,lime,0.1,0,1137,0.6824561403508772,0.8,1
tree,lime,0.1,0,1138,0.5456140350877193,0.8,1
tree,lime,0.1,0,1151,0.4964912280701754,0.6,1
tree,lime,0.1,0,1152,0.4526315789473684,0.8,1
tree,lime,0.1,0,1160,0.6649122807017543,0.8,1
tree,lime,0.1,0,1167,0.612280701754386,1.0,1
tree,lime,0.1,0,1187,0.8,0.8,1
tree,lime,0.1,0,1209,0.8456140350877193,0.6,1
tree,lime,0.1,0,1214,0.7175438596491229,0.8,1
tree,lime,0.1,0,1227,0.4333333333333333,0.8,1
tree,lime,0.1,0,1237,0.763157894736842,0.6,1
tree,lime,0.1,0,1246,0.543859649122807,0.6,1
tree,lime,0.1,0,1256,0.7,0.6,1
tree,lime,0.1,0,1259,0.5543859649122806,0.8,1
tree,lime,0.1,0,1299,0.8,0.8,1
tree,lime,0.1,0,1300,0.712280701754386,0.8,1
tree,lime,0.1,0,1309,0.49473684210526314,0.6,1
tree,lime,0.1,0,1314,0.5105263157894736,0.6,1
tree,lime,0.1,0,1316,0.7614035087719299,0.8,1
tree,lime,0.1,0,1322,0.687719298245614,0.8,1
tree,lime,0.1,0,1339,0.7701754385964912,0.8,1
tree,lime,0.1,0,1340,0.7245614035087719,0.8,1
tree,lime,0.1,0,1343,0.5280701754385965,0.8,1
tree,lime,0.1,0,1344,0.5894736842105263,1.0,1
tree,lime,0.1,0,1348,0.5877192982456141,0.8,1
tree,lime,0.1,0,1351,0.7754385964912281,0.8,1
tree,lime,0.1,0,1354,0.8035087719298245,1.0,1
tree,lime,0.1,0,1360,0.7508771929824561,1.0,1
tree,lime,0.1,0,1368,0.712280701754386,1.0,1
tree,lime,0.1,0,1379,0.756140350877193,0.8,1
tree,lime,0.1,0,1383,0.8070175438596491,0.6,1
tree,lime,0.1,0,1389,0.9035087719298246,0.8,1
tree,lime,0.1,0,1392,0.6157894736842106,0.8,1
tree,lime,0.1,0,1395,0.6964912280701754,0.8,1
tree,lime,0.1,1,9,0.787719298245614,0.8,1
tree,lime,0.1,1,31,0.7894736842105263,1.0,1
tree,lime,0.1,1,41,0.5052631578947369,0.8,1
tree,lime,0.1,1,46,0.7824561403508771,0.8,1
tree,lime,0.1,1,49,0.7052631578947368,1.0,1
tree,lime,0.1,1,55,0.736842105263158,0.6,1
tree,lime,0.1,1,79,0.7508771929824561,1.0,1
tree,lime,0.1,1,84,0.34912280701754383,0.6,1
tree,lime,0.1,1,97,0.7754385964912281,1.0,1
tree,lime,0.1,1,104,0.6456140350877193,0.6,1
tree,lime,0.1,1,105,0.8070175438596491,1.0,1
tree,lime,0.1,1,107,0.6649122807017543,1.0,1
tree,lime,0.1,1,114,0.7298245614035088,1.0,1
tree,lime,0.1,1,121,0.719298245614035,0.8,1
tree,lime,0.1,1,122,0.5894736842105263,0.8,1
tree,lime,0.1,1,123,0.6245614035087719,0.6,1
tree,lime,0.1,1,125,0.3929824561403509,0.8,1
tree,lime,0.1,1,146,0.7771929824561404,0.8,1
tree,lime,0.1,1,151,0.7719298245614035,0.8,1
tree,lime,0.1,1,156,0.7543859649122807,0.8,1
tree,lime,0.1,1,165,0.8,1.0,1
tree,lime,0.1,1,166,0.8333333333333334,1.0,1
tree,lime,0.1,1,171,0.7315789473684211,0.8,1
tree,lime,0.1,1,182,0.5,0.8,1
tree,lime,0.1,1,184,0.6192982456140351,0.8,1
tree,lime,0.1,1,194,0.531578947368421,0.6,1
tree,lime,0.1,1,205,0.5929824561403508,0.6,1
tree,lime,0.1,1,206,0.6245614035087719,1.0,1
tree,lime,0.1,1,211,0.7315789473684211,0.6,1
tree,lime,0.1,1,223,0.7333333333333334,0.8,1
tree,lime,0.1,1,224,0.6105263157894737,0.8,1
tree,lime,0.1,1,229,0.6526315789473683,1.0,1
tree,lime,0.1,1,231,0.6421052631578947,1.0,1
tree,lime,0.1,1,241,0.5017543859649122,0.4,1
tree,lime,0.1,1,244,0.7210526315789473,1.0,1
tree,lime,0.1,1,261,0.7982456140350876,0.6,1
tree,lime,0.1,1,281,0.7403508771929824,0.8,1
tree,lime,0.1,1,289,0.47543859649122805,0.8,1
tree,lime,0.1,1,291,0.6035087719298246,1.0,1
tree,lime,0.1,1,311,0.6543859649122807,1.0,1
tree,lime,0.1,1,316,0.8228070175438595,0.8,1
tree,lime,0.1,1,325,0.7087719298245614,0.8,1
tree,lime,0.1,1,332,0.6614035087719298,0.8,1
tree,lime,0.1,1,344,0.8035087719298245,0.6,1
tree,lime,0.1,1,364,0.4245614035087719,0.6,1
tree,lime,0.1,1,372,0.4052631578947368,0.6,1
tree,lime,0.1,1,375,0.4070175438596491,0.8,1
tree,lime,0.1,1,381,0.712280701754386,0.8,1
tree,lime,0.1,1,398,0.8403508771929825,0.6,1
tree,lime,0.1,1,403,0.6807017543859648,0.8,1
tree,lime,0.1,1,407,0.6491228070175438,1.0,1
tree,lime,0.1,1,414,0.7719298245614035,0.8,1
tree,lime,0.1,1,420,0.7087719298245614,0.8,1
tree,lime,0.1,1,423,0.7614035087719299,0.8,1
tree,lime,0.1,1,440,0.8087719298245614,1.0,1
tree,lime,0.1,1,442,0.7210526315789473,0.8,1
tree,lime,0.1,1,454,0.8087719298245614,1.0,1
tree,lime,0.1,1,457,0.6754385964912282,1.0,1
tree,lime,0.1,1,459,0.6333333333333333,0.8,1
tree,lime,0.1,1,464,0.7982456140350876,0.8,1
tree,lime,0.1,1,467,0.7666666666666666,0.8,1
tree,lime,0.1,1,471,0.756140350877193,1.0,1
tree,lime,0.1,1,475,0.6666666666666666,0.8,1
tree,lime,0.1,1,480,0.743859649122807,0.8,1
tree,lime,0.1,1,495,0.4929824561403509,0.6,1
tree,lime,0.1,1,503,0.7824561403508771,1.0,1
tree,lime,0.1,1,506,0.23859649122807017,0.6,1
tree,lime,0.1,1,521,0.7052631578947368,0.8,1
tree,lime,0.1,1,523,0.5210526315789473,0.6,1
tree,lime,0.1,1,530,0.7070175438596492,1.0,1
tree,lime,0.1,1,547,0.5684210526315789,0.8,1
tree,lime,0.1,1,551,0.687719298245614,0.8,1
tree,lime,0.1,1,556,0.4508771929824561,0.8,1
tree,lime,0.1,1,558,0.6543859649122807,0.8,1
tree,lime,0.1,1,559,0.7473684210526316,0.8,1
tree,lime,0.1,1,562,0.4263157894736842,0.8,1
tree,lime,0.1,1,564,0.6631578947368422,0.8,1
tree,lime,0.1,1,572,0.5017543859649122,0.6,1
tree,lime,0.1,1,582,0.7403508771929824,0.8,1
tree,lime,0.1,1,587,0.4350877192982456,0.8,1
tree,lime,0.1,1,590,0.7684210526315789,0.8,1
tree,lime,0.1,1,591,0.5508771929824561,0.8,1
tree,lime,0.1,1,598,0.8,0.8,1
tree,lime,0.1,1,605,0.7456140350877193,0.8,1
tree,lime,0.1,1,609,0.6684210526315789,0.8,1
tree,lime,0.1,1,613,0.8508771929824561,1.0,1
tree,lime,0.1,1,619,0.6631578947368422,0.6,1
tree,lime,0.1,1,620,0.8087719298245614,0.8,1
tree,lime,0.1,1,626,0.882456140350877,1.0,1
tree,lime,0.1,1,627,0.6614035087719298,0.8,1
tree,lime,0.1,1,637,0.6017543859649123,0.6,1
tree,lime,0.1,1,640,0.6719298245614035,0.8,1
tree,lime,0.1,1,667,0.763157894736842,0.8,1
tree,lime,0.1,1,673,0.5824561403508772,0.8,1
tree,lime,0.1,1,687,0.2157894736842105,0.6,1
tree,lime,0.1,1,688,0.7210526315789473,0.8,1
tree,lime,0.1,1,689,0.7754385964912281,0.8,1
tree,lime,0.1,1,690,0.5649122807017544,0.6,1
tree,lime,0.1,1,693,0.8315789473684211,0.8,1
tree,lime,0.1,1,724,0.5701754385964912,0.6,1
tree,lime,0.1,1,732,0.7333333333333334,0.8,1
tree,lime,0.1,1,740,0.6614035087719298,0.6,1
tree,lime,0.1,1,748,0.8807017543859648,1.0,1
tree,lime,0.1,1,751,0.5456140350877193,0.6,1
tree,lime,0.1,1,752,0.7333333333333334,0.8,1
tree,lime,0.1,1,755,0.7929824561403509,0.6,1
tree,lime,0.1,1,759,0.8315789473684211,0.6,1
tree,lime,0.1,1,766,0.6684210526315789,0.8,1
tree,lime,0.1,1,786,0.5578947368421052,0.6,1
tree,lime,0.1,1,790,0.543859649122807,0.8,1
tree,lime,0.1,1,792,0.7842105263157895,0.8,1
tree,lime,0.1,1,809,0.7614035087719299,1.0,1
tree,lime,0.1,1,812,0.6736842105263158,1.0,1
tree,lime,0.1,1,830,0.819298245614035,1.0,1
tree,lime,0.1,1,845,0.8140350877192982,1.0,1
tree,lime,0.1,1,847,0.7964912280701755,1.0,1
tree,lime,0.1,1,848,0.4964912280701754,0.6,1
tree,lime,0.1,1,850,0.6859649122807018,0.4,1
tree,lime,0.1,1,860,0.5824561403508772,1.0,1
tree,lime,0.1,1,864,0.7842105263157895,1.0,1
tree,lime,0.1,1,869,0.7298245614035088,0.8,1
tree,lime,0.1,1,872,0.712280701754386,0.8,1
tree,lime,0.1,1,874,0.6438596491228071,0.6,1
tree,lime,0.1,1,875,0.6157894736842106,1.0,1
tree,lime,0.1,1,878,0.8473684210526315,1.0,1
tree,lime,0.1,1,880,0.543859649122807,1.0,1
tree,lime,0.1,1,886,0.46140350877192987,0.8,1
tree,lime,0.1,1,889,0.8543859649122807,1.0,1
tree,lime,0.1,1,896,0.743859649122807,0.8,1
tree,lime,0.1,1,900,0.5842105263157895,0.6,1
tree,lime,0.1,1,904,0.6789473684210526,0.8,1
tree,lime,0.1,1,908,0.6245614035087719,0.8,1
tree,lime,0.1,1,927,0.6456140350877193,1.0,1
tree,lime,0.1,1,934,0.5596491228070175,0.8,1
tree,lime,0.1,1,939,0.5789473684210525,0.6,1
tree,lime,0.1,1,943,0.7666666666666666,0.8,1
tree,lime,0.1,1,945,0.6456140350877193,0.8,1
tree,lime,0.1,1,954,0.8684210526315789,1.0,1
tree,lime,0.1,1,959,0.7947368421052632,1.0,1
tree,lime,0.1,1,961,0.7263157894736841,0.8,1
tree,lime,0.1,1,967,0.7912280701754386,0.6,1
tree,lime,0.1,1,976,0.7894736842105263,0.8,1
tree,lime,0.1,1,990,0.7105263157894737,0.8,1
tree,lime,0.1,1,993,0.8508771929824561,0.8,1
tree,lime,0.1,1,996,0.863157894736842,0.6,1
tree,lime,0.1,1,1014,0.6491228070175438,0.8,1
tree,lime,0.1,1,1015,0.612280701754386,0.8,1
tree,lime,0.1,1,1019,0.5491228070175439,0.8,1
tree,lime,0.1,1,1023,0.8087719298245614,1.0,1
tree,lime,0.1,1,1027,0.736842105263158,0.6,1
tree,lime,0.1,1,1028,0.5771929824561403,0.8,1
tree,lime,0.1,1,1031,0.8666666666666666,0.8,1
tree,lime,0.1,1,1039,0.6614035087719298,1.0,1
tree,lime,0.1,1,1043,0.8070175438596491,0.8,1
tree,lime,0.1,1,1052,0.4912280701754386,0.8,1
tree,lime,0.1,1,1063,0.5385964912280702,0.8,1
tree,lime,0.1,1,1065,0.8052631578947368,0.8,1
tree,lime,0.1,1,1070,0.7017543859649124,0.8,1
tree,lime,0.1,1,1073,0.7894736842105263,1.0,1
tree,lime,0.1,1,1077,0.7491228070175439,0.8,1
tree,lime,0.1,1,1087,0.8754385964912281,0.8,1
tree,lime,0.1,1,1092,0.7964912280701755,1.0,1
tree,lime,0.1,1,1100,0.8350877192982457,1.0,1
tree,lime,0.1,1,1112,0.6771929824561403,0.8,1
tree,lime,0.1,1,1116,0.543859649122807,0.6,1
tree,lime,0.1,1,1119,0.5456140350877193,0.8,1
tree,lime,0.1,1,1137,0.712280701754386,0.8,1
tree,lime,0.1,1,1138,0.6000000000000001,0.8,1
tree,lime,0.1,1,1151,0.6315789473684211,0.8,1
tree,lime,0.1,1,1152,0.6192982456140351,0.6,1
tree,lime,0.1,1,1160,0.6333333333333333,0.8,1
tree,lime,0.1,1,1167,0.6508771929824562,0.8,1
tree,lime,0.1,1,1187,0.8526315789473684,1.0,1
tree,lime,0.1,1,1209,0.4929824561403509,0.6,1
tree,lime,0.1,1,1214,0.7157894736842104,0.8,1
tree,lime,0.1,1,1227,0.763157894736842,0.8,1
tree,lime,0.1,1,1237,0.6771929824561403,0.8,1
tree,lime,0.1,1,1246,0.4929824561403509,0.6,1
tree,lime,0.1,1,1256,0.8333333333333334,0.8,1
tree,lime,0.1,1,1259,0.5824561403508772,0.8,1
tree,lime,0.1,1,1299,0.6947368421052632,0.6,1
tree,lime,0.1,1,1300,0.7491228070175439,0.8,1
tree,lime,0.1,1,1309,0.8105263157894737,0.8,1
tree,lime,0.1,1,1314,0.4333333333333333,0.8,1
tree,lime,0.1,1,1316,0.7421052631578948,0.8,1
tree,lime,0.1,1,1322,0.6912280701754386,0.8,1
tree,lime,0.1,1,1339,0.6017543859649123,0.8,1
tree,lime,0.1,1,1340,0.5964912280701754,1.0,1
tree,lime,0.1,1,1343,0.6017543859649123,0.8,1
tree,lime,0.1,1,1344,0.45964912280701753,0.8,1
tree,lime,0.1,1,1348,0.6929824561403508,0.8,1
tree,lime,0.1,1,1351,0.8859649122807017,1.0,1
tree,lime,0.1,1,1354,0.8017543859649122,0.8,1
tree,lime,0.1,1,1360,0.8403508771929825,1.0,1
tree,lime,0.1,1,1368,0.5807017543859649,0.8,1
tree,lime,0.1,1,1379,0.8035087719298245,0.8,1
tree,lime,0.1,1,1383,0.6526315789473683,0.8,1
tree,lime,0.1,1,1389,0.5578947368421052,0.8,1
tree,lime,0.1,1,1392,0.7929824561403509,0.8,1
tree,lime,0.1,1,1395,0.8263157894736841,0.8,1
tree,lime,0.1,2,9,0.8596491228070176,0.8,1
tree,lime,0.1,2,31,0.8175438596491227,0.8,1
tree,lime,0.1,2,41,0.5543859649122806,0.6,1
tree,lime,0.1,2,46,0.7789473684210525,0.8,1
tree,lime,0.1,2,49,0.5736842105263157,0.8,1
tree,lime,0.1,2,55,0.6894736842105263,0.6,1
tree,lime,0.1,2,79,0.8508771929824561,1.0,1
tree,lime,0.1,2,84,0.687719298245614,0.8,1
tree,lime,0.1,2,97,0.780701754385965,0.8,1
tree,lime,0.1,2,104,0.6017543859649123,0.6,1
tree,lime,0.1,2,105,0.8263157894736841,0.8,1
tree,lime,0.1,2,107,0.8175438596491227,0.8,1
tree,lime,0.1,2,114,0.6140350877192983,0.8,1
tree,lime,0.1,2,121,0.7754385964912281,0.8,1
tree,lime,0.1,2,122,0.6263157894736843,0.8,1
tree,lime,0.1,2,123,0.47017543859649114,0.4,1
tree,lime,0.1,2,125,0.6140350877192983,0.6,1
tree,lime,0.1,2,146,0.6964912280701754,1.0,1
tree,lime,0.1,2,151,0.7245614035087719,0.8,1
tree,lime,0.1,2,156,0.7350877192982455,0.8,1
tree,lime,0.1,2,165,0.8087719298245614,0.8,1
tree,lime,0.1,2,166,0.8035087719298245,0.8,1
tree,lime,0.1,2,171,0.83859649122807,0.8,1
tree,lime,0.1,2,182,0.7859649122807018,0.6,1
tree,lime,0.1,2,184,0.6333333333333333,0.8,1
tree,lime,0.1,2,194,0.47017543859649114,0.8,1
tree,lime,0.1,2,205,0.5228070175438596,0.8,1
tree,lime,0.1,2,206,0.6192982456140351,0.8,1
tree,lime,0.1,2,211,0.7350877192982455,0.8,1
tree,lime,0.1,2,223,0.7421052631578948,0.8,1
tree,lime,0.1,2,224,0.5508771929824561,0.8,1
tree,lime,0.1,2,229,0.8105263157894737,1.0,1
tree,lime,0.1,2,231,0.512280701754386,0.6,1
tree,lime,0.1,2,241,0.556140350877193,0.6,1
tree,lime,0.1,2,244,0.8508771929824561,0.8,1
tree,lime,0.1,2,261,0.7280701754385965,0.8,1
tree,lime,0.1,2,281,0.8403508771929825,0.8,1
tree,lime,0.1,2,289,0.5491228070175439,0.8,1
tree,lime,0.1,2,291,0.5403508771929825,0.6,1
tree,lime,0.1,2,311,0.8070175438596491,0.8,1
tree,lime,0.1,2,316,0.6491228070175438,0.8,1
tree,lime,0.1,2,325,0.5859649122807017,0.6,1
tree,lime,0.1,2,332,0.7140350877192982,0.8,1
tree,lime,0.1,2,344,0.6824561403508772,0.8,1
tree,lime,0.1,2,364,0.5175438596491229,0.6,1
tree,lime,0.1,2,372,0.6473684210526316,0.8,1
tree,lime,0.1,2,375,0.6333333333333333,0.6,1
tree,lime,0.1,2,381,0.5859649122807017,0.8,1
tree,lime,0.1,2,398,0.6280701754385966,0.8,1
tree,lime,0.1,2,403,0.7789473684210525,0.8,1
tree,lime,0.1,2,407,0.6947368421052632,1.0,1
tree,lime,0.1,2,414,0.6473684210526316,0.6,1
tree,lime,0.1,2,420,0.8912280701754386,0.8,1
tree,lime,0.1,2,423,0.8315789473684211,1.0,1
tree,lime,0.1,2,440,0.7543859649122807,0.8,1
tree,lime,0.1,2,442,0.4789473684210526,0.8,1
tree,lime,0.1,2,454,0.7526315789473684,0.8,1
tree,lime,0.1,2,457,0.41754385964912283,0.8,1
tree,lime,0.1,2,459,0.7017543859649124,0.6,1
tree,lime,0.1,2,464,0.6666666666666666,0.6,1
tree,lime,0.1,2,467,0.6228070175438596,0.8,1
tree,lime,0.1,2,471,0.5175438596491229,1.0,1
tree,lime,0.1,2,475,0.719298245614035,0.8,1
tree,lime,0.1,2,480,0.8087719298245614,1.0,1
tree,lime,0.1,2,495,0.6192982456140351,0.8,1
tree,lime,0.1,2,503,0.7964912280701755,0.8,1
tree,lime,0.1,2,506,0.4263157894736842,0.6,1
tree,lime,0.1,2,521,0.7087719298245614,1.0,1
tree,lime,0.1,2,523,0.6824561403508772,0.8,1
tree,lime,0.1,2,530,0.5649122807017544,1.0,1
tree,lime,0.1,2,547,0.7105263157894737,0.8,1
tree,lime,0.1,2,551,0.6666666666666666,0.8,1
tree,lime,0.1,2,556,0.5789473684210525,0.8,1
tree,lime,0.1,2,558,0.5807017543859649,0.8,1
tree,lime,0.1,2,559,0.8,0.8,1
tree,lime,0.1,2,562,0.47543859649122805,0.8,1
tree,lime,0.1,2,564,0.7929824561403509,0.6,1
tree,lime,0.1,2,572,0.6789473684210526,0.8,1
tree,lime,0.1,2,582,0.512280701754386,0.8,1
tree,lime,0.1,2,587,0.6912280701754386,0.6,1
tree,lime,0.1,2,590,0.6719298245614035,1.0,1
tree,lime,0.1,2,591,0.8087719298245614,0.8,1
tree,lime,0.1,2,598,0.7578947368421053,0.8,1
tree,lime,0.1,2,605,0.6824561403508772,0.8,1
tree,lime,0.1,2,609,0.6929824561403508,0.8,1
tree,lime,0.1,2,613,0.743859649122807,0.8,1
tree,lime,0.1,2,619,0.612280701754386,0.8,1
tree,lime,0.1,2,620,0.763157894736842,0.8,1
tree,lime,0.1,2,626,0.6508771929824562,0.8,1
tree,lime,0.1,2,627,0.6666666666666666,1.0,1
tree,lime,0.1,2,637,0.6140350877192983,0.6,1
tree,lime,0.1,2,640,0.7701754385964912,0.8,1
tree,lime,0.1,2,667,0.6701754385964912,1.0,1
tree,lime,0.1,2,673,0.7210526315789473,1.0,1
tree,lime,0.1,2,687,0.5491228070175439,0.8,1
tree,lime,0.1,2,688,0.5298245614035089,0.8,1
tree,lime,0.1,2,689,0.7157894736842104,0.8,1
tree,lime,0.1,2,690,0.7070175438596492,0.8,1
tree,lime,0.1,2,693,0.8140350877192982,1.0,1
tree,lime,0.1,2,724,0.5929824561403508,0.8,1
tree,lime,0.1,2,732,0.6859649122807018,0.8,1
tree,lime,0.1,2,740,0.6052631578947367,0.8,1
tree,lime,0.1,2,748,0.7596491228070175,0.8,1
tree,lime,0.1,2,751,0.6333333333333333,0.6,1
tree,lime,0.1,2,752,0.7280701754385965,0.8,1
tree,lime,0.1,2,755,0.743859649122807,1.0,1
tree,lime,0.1,2,759,0.7824561403508771,0.6,1
tree,lime,0.1,2,766,0.7649122807017543,1.0,1
tree,lime,0.1,2,786,0.7491228070175439,0.6,1
tree,lime,0.1,2,790,0.4298245614035088,0.8,1
tree,lime,0.1,2,792,0.5070175438596491,0.6,1
tree,lime,0.1,2,809,0.7982456140350876,1.0,1
tree,lime,0.1,2,812,0.843859649122807,1.0,1
tree,lime,0.1,2,830,0.8070175438596491,1.0,1
tree,lime,0.1,2,845,0.8526315789473684,0.8,1
tree,lime,0.1,2,847,0.8807017543859648,0.8,1
tree,lime,0.1,2,848,0.6035087719298246,0.6,1
tree,lime,0.1,2,850,0.7385964912280703,0.8,1
tree,lime,0.1,2,860,0.5929824561403508,1.0,1
tree,lime,0.1,2,864,0.7684210526315789,0.8,1
tree,lime,0.1,2,869,0.5912280701754385,0.8,1
tree,lime,0.1,2,872,0.7210526315789473,0.8,1
tree,lime,0.1,2,874,0.819298245614035,0.6,1
tree,lime,0.1,2,875,0.8122807017543859,1.0,1
tree,lime,0.1,2,878,0.8315789473684211,1.0,1
tree,lime,0.1,2,880,0.7,1.0,1
tree,lime,0.1,2,886,0.6368421052631579,0.8,1
tree,lime,0.1,2,889,0.8070175438596491,1.0,1
tree,lime,0.1,2,896,0.7421052631578948,0.8,1
tree,lime,0.1,2,900,0.5017543859649122,0.8,1
tree,lime,0.1,2,904,0.6035087719298246,0.6,1
tree,lime,0.1,2,908,0.5631578947368421,0.8,1
tree,lime,0.1,2,927,0.7771929824561404,1.0,1
tree,lime,0.1,2,934,0.5263157894736842,1.0,1
tree,lime,0.1,2,939,0.5140350877192983,0.6,1
tree,lime,0.1,2,943,0.6684210526315789,0.8,1
tree,lime,0.1,2,945,0.7035087719298245,1.0,1
tree,lime,0.1,2,954,0.8666666666666666,0.8,1
tree,lime,0.1,2,959,0.487719298245614,0.8,1
tree,lime,0.1,2,961,0.6719298245614035,1.0,1
tree,lime,0.1,2,967,0.6157894736842106,0.8,1
tree,lime,0.1,2,976,0.6385964912280702,1.0,1
tree,lime,0.1,2,990,0.8807017543859648,0.8,1
tree,lime,0.1,2,993,0.7666666666666666,0.8,1
tree,lime,0.1,2,996,0.5403508771929825,0.6,1
tree,lime,0.1,2,1014,0.8157894736842105,0.8,1
tree,lime,0.1,2,1015,0.8070175438596491,0.8,1
tree,lime,0.1,2,1019,0.743859649122807,0.8,1
tree,lime,0.1,2,1023,0.6842105263157895,0.8,1
tree,lime,0.1,2,1027,0.7350877192982455,0.6,1
tree,lime,0.1,2,1028,0.4964912280701754,0.6,1
tree,lime,0.1,2,1031,0.512280701754386,0.4,1
tree,lime,0.1,2,1039,0.763157894736842,1.0,1
tree,lime,0.1,2,1043,0.5912280701754385,0.8,1
tree,lime,0.1,2,1052,0.48947368421052634,0.6,1
tree,lime,0.1,2,1063,0.6421052631578947,0.6,1
tree,lime,0.1,2,1065,0.9245614035087718,0.8,1
tree,lime,0.1,2,1070,0.9210526315789472,1.0,1
tree,lime,0.1,2,1073,0.5649122807017544,0.8,1
tree,lime,0.1,2,1077,0.9070175438596491,0.8,1
tree,lime,0.1,2,1087,0.7245614035087719,0.8,1
tree,lime,0.1,2,1092,0.7754385964912281,0.8,1
tree,lime,0.1,2,1100,0.7614035087719299,0.8,1
tree,lime,0.1,2,1112,0.7035087719298245,0.8,1
tree,lime,0.1,2,1116,0.47543859649122805,0.8,1
tree,lime,0.1,2,1119,0.5754385964912281,0.8,1
tree,lime,0.1,2,1137,0.6964912280701754,0.8,1
tree,lime,0.1,2,1138,0.6701754385964912,0.6,1
tree,lime,0.1,2,1151,0.6649122807017543,0.8,1
tree,lime,0.1,2,1152,0.6929824561403508,0.8,1
tree,lime,0.1,2,1160,0.6385964912280702,1.0,1
tree,lime,0.1,2,1167,0.7982456140350876,0.8,1
tree,lime,0.1,2,1187,0.7105263157894737,0.8,1
tree,lime,0.1,2,1209,0.5052631578947369,0.8,1
tree,lime,0.1,2,1214,0.7824561403508771,0.6,1
tree,lime,0.1,2,1227,0.5666666666666667,0.8,1
tree,lime,0.1,2,1237,0.4982456140350877,0.6,1
tree,lime,0.1,2,1246,0.7824561403508771,0.8,1
tree,lime,0.1,2,1256,0.7228070175438598,0.8,1
tree,lime,0.1,2,1259,0.5491228070175439,0.6,1
tree,lime,0.1,2,1299,0.743859649122807,0.6,1
tree,lime,0.1,2,1300,0.7754385964912281,0.8,1
tree,lime,0.1,2,1309,0.787719298245614,0.8,1
tree,lime,0.1,2,1314,0.6912280701754386,0.8,1
tree,lime,0.1,2,1316,0.6807017543859648,0.8,1
tree,lime,0.1,2,1322,0.6736842105263158,0.8,1
tree,lime,0.1,2,1339,0.7070175438596492,1.0,1
tree,lime,0.1,2,1340,0.6736842105263158,0.8,1
tree,lime,0.1,2,1343,0.6526315789473683,0.8,1
tree,lime,0.1,2,1344,0.47017543859649114,0.8,1
tree,lime,0.1,2,1348,0.6894736842105263,1.0,1
tree,lime,0.1,2,1351,0.9122807017543859,0.8,1
tree,lime,0.1,2,1354,0.8157894736842105,0.8,1
tree,lime,0.1,2,1360,0.41754385964912283,0.6,1
tree,lime,0.1,2,1368,0.7157894736842104,0.8,1
tree,lime,0.1,2,1379,0.7754385964912281,0.8,1
tree,lime,0.1,2,1383,0.6035087719298246,0.8,1
tree,lime,0.1,2,1389,0.5491228070175439,0.8,1
tree,lime,0.1,2,1392,0.7228070175438598,1.0,1
tree,lime,0.1,2,1395,0.8035087719298245,0.8,1
xgboost,shap,0.01,0,9,1.0,1.0,1
xgboost,shap,0.01,0,31,0.9859649122807018,1.0,1
xgboost,shap,0.01,0,41,0.7508771929824561,0.8,1
xgboost,shap,0.01,0,46,0.9947368421052631,1.0,0
xgboost,shap,0.01,0,49,0.9771929824561404,0.8,1
xgboost,shap,0.01,0,55,0.9982456140350877,1.0,1
xgboost,shap,0.01,0,79,1.0,1.0,1
xgboost,shap,0.01,0,84,0.8684210526315789,0.8,1
xgboost,shap,0.01,0,97,0.9035087719298246,0.8,1
xgboost,shap,0.01,0,104,1.0,1.0,1
xgboost,shap,0.01,0,105,0.9421052631578948,0.8,1
xgboost,shap,0.01,0,107,0.943859649122807,1.0,1
xgboost,shap,0.01,0,114,0.9578947368421052,1.0,0
xgboost,shap,0.01,0,121,1.0,1.0,1
xgboost,shap,0.01,0,122,1.0,1.0,1
xgboost,shap,0.01,0,123,1.0,1.0,1
xgboost,shap,0.01,0,125,0.9964912280701754,1.0,1
xgboost,shap,0.01,0,146,0.9631578947368421,0.8,1
xgboost,shap,0.01,0,151,1.0,1.0,1
xgboost,shap,0.01,0,156,0.9719298245614034,0.8,1
xgboost,shap,0.01,0,165,0.9824561403508772,0.8,1
xgboost,shap,0.01,0,166,0.9578947368421052,1.0,1
xgboost,shap,0.01,0,171,0.9929824561403509,0.8,1
xgboost,shap,0.01,0,182,0.9824561403508772,0.8,1
xgboost,shap,0.01,0,184,1.0,1.0,1
xgboost,shap,0.01,0,194,1.0,1.0,1
xgboost,shap,0.01,0,205,0.9631578947368421,1.0,1
xgboost,shap,0.01,0,206,0.943859649122807,0.8,0
xgboost,shap,0.01,0,211,0.9894736842105263,1.0,1
xgboost,shap,0.01,0,223,0.9280701754385964,0.8,1
xgboost,shap,0.01,0,224,0.9684210526315788,1.0,1
xgboost,shap,0.01,0,229,0.9894736842105263,1.0,1
xgboost,shap,0.01,0,231,1.0,1.0,1
xgboost,shap,0.01,0,241,0.9333333333333333,1.0,1
xgboost,shap,0.01,0,244,1.0,1.0,1
xgboost,shap,0.01,0,261,0.8666666666666666,1.0,1
xgboost,shap,0.01,0,281,1.0,1.0,1
xgboost,shap,0.01,0,289,0.9719298245614034,1.0,1
xgboost,shap,0.01,0,291,0.9912280701754386,1.0,1
xgboost,shap,0.01,0,311,1.0,1.0,1
xgboost,shap,0.01,0,316,1.0,1.0,1
xgboost,shap,0.01,0,325,1.0,1.0,1
xgboost,shap,0.01,0,332,1.0,1.0,1
xgboost,shap,0.01,0,344,0.9982456140350877,1.0,1
xgboost,shap,0.01,0,364,0.9719298245614034,1.0,1
xgboost,shap,0.01,0,372,0.9403508771929823,0.8,1
xgboost,shap,0.01,0,375,1.0,1.0,1
xgboost,shap,0.01,0,381,0.9017543859649122,0.8,1
xgboost,shap,0.01,0,398,0.7842105263157895,0.8,1
xgboost,shap,0.01,0,403,0.987719298245614,1.0,1
xgboost,shap,0.01,0,407,0.9947368421052631,1.0,1
xgboost,shap,0.01,0,414,1.0,1.0,1
xgboost,shap,0.01,0,420,0.9140350877192982,0.8,1
xgboost,shap,0.01,0,423,0.9859649122807018,0.8,1
xgboost,shap,0.01,0,440,1.0,1.0,1
xgboost,shap,0.01,0,442,1.0,1.0,1
xgboost,shap,0.01,0,454,0.9929824561403509,1.0,1
xgboost,shap,0.01,0,457,1.0,1.0,1
xgboost,shap,0.01,0,459,0.9842105263157893,1.0,1
xgboost,shap,0.01,0,464,0.9508771929824561,1.0,1
xgboost,shap,0.01,0,467,0.9456140350877192,0.8,1
xgboost,shap,0.01,0,471,1.0,1.0,1
xgboost,shap,0.01,0,475,0.9122807017543859,0.8,1
xgboost,shap,0.01,0,480,0.9894736842105263,1.0,1
xgboost,shap,0.01,0,495,0.9982456140350877,1.0,1
xgboost,shap,0.01,0,503,0.9543859649122807,1.0,1
xgboost,shap,0.01,0,506,0.9456140350877192,1.0,1
xgboost,shap,0.01,0,521,0.9614035087719298,0.8,1
xgboost,shap,0.01,0,523,0.9508771929824561,1.0,1
xgboost,shap,0.01,0,530,0.9982456140350877,0.8,1
xgboost,shap,0.01,0,547,0.9947368421052631,1.0,1
xgboost,shap,0.01,0,551,1.0,1.0,1
xgboost,shap,0.01,0,556,1.0,1.0,1
xgboost,shap,0.01,0,558,0.9771929824561404,1.0,1
xgboost,shap,0.01,0,559,1.0,1.0,1
xgboost,shap,0.01,0,562,0.9,1.0,1
xgboost,shap,0.01,0,564,0.9649122807017543,0.8,1
xgboost,shap,0.01,0,572,0.975438596491228,0.8,1
xgboost,shap,0.01,0,582,0.9771929824561404,0.8,1
xgboost,shap,0.01,0,587,0.9578947368421052,1.0,1
xgboost,shap,0.01,0,590,0.9929824561403509,1.0,1
xgboost,shap,0.01,0,591,0.9298245614035087,0.8,1
xgboost,shap,0.01,0,598,0.8947368421052632,0.8,0
xgboost,shap,0.01,0,605,0.9947368421052631,1.0,1
xgboost,shap,0.01,0,609,0.9350877192982456,1.0,1
xgboost,shap,0.01,0,613,1.0,1.0,1
xgboost,shap,0.01,0,619,0.9771929824561404,1.0,1
xgboost,shap,0.01,0,620,1.0,1.0,1
xgboost,shap,0.01,0,626,1.0,1.0,1
xgboost,shap,0.01,0,627,1.0,1.0,1
xgboost,shap,0.01,0,637,0.9192982456140351,0.8,1
xgboost,shap,0.01,0,640,0.9614035087719298,0.8,1
xgboost,shap,0.01,0,667,0.9719298245614034,1.0,1
xgboost,shap,0.01,0,673,0.9649122807017543,1.0,0
xgboost,shap,0.01,0,687,1.0,1.0,1
xgboost,shap,0.01,0,688,0.9719298245614034,1.0,0
xgboost,shap,0.01,0,689,0.9789473684210527,1.0,0
xgboost,shap,0.01,0,690,0.9982456140350877,1.0,1
xgboost,shap,0.01,0,693,0.9719298245614034,1.0,1
xgboost,shap,0.01,0,724,1.0,1.0,1
xgboost,shap,0.01,0,732,0.9649122807017543,1.0,0
xgboost,shap,0.01,0,740,0.9491228070175438,0.8,1
xgboost,shap,0.01,0,748,0.9684210526315788,1.0,1
xgboost,shap,0.01,0,751,0.9403508771929823,1.0,1
xgboost,shap,0.01,0,752,0.9947368421052631,0.8,1
xgboost,shap,0.01,0,755,0.980701754385965,1.0,1
xgboost,shap,0.01,0,759,0.987719298245614,1.0,1
xgboost,shap,0.01,0,766,0.9596491228070174,0.8,1
xgboost,shap,0.01,0,786,1.0,1.0,1
xgboost,shap,0.01,0,790,0.9789473684210527,0.8,1
xgboost,shap,0.01,0,792,0.7789473684210525,0.8,1
xgboost,shap,0.01,0,809,0.9982456140350877,1.0,1
xgboost,shap,0.01,0,812,0.843859649122807,0.8,0
xgboost,shap,0.01,0,830,1.0,1.0,1
xgboost,shap,0.01,0,845,0.9684210526315788,1.0,1
xgboost,shap,0.01,0,847,0.9947368421052631,1.0,1
xgboost,shap,0.01,0,848,1.0,1.0,1
xgboost,shap,0.01,0,850,0.9385964912280702,0.8,1
xgboost,shap,0.01,0,860,0.9298245614035087,0.8,1
xgboost,shap,0.01,0,864,0.9631578947368421,0.8,1
xgboost,shap,0.01,0,869,0.9491228070175438,0.8,1
xgboost,shap,0.01,0,872,0.9824561403508772,1.0,1
xgboost,shap,0.01,0,874,1.0,1.0,1
xgboost,shap,0.01,0,875,1.0,1.0,1
xgboost,shap,0.01,0,878,0.9894736842105263,1.0,1
xgboost,shap,0.01,0,880,0.9421052631578948,0.8,1
xgboost,shap,0.01,0,886,0.9894736842105263,1.0,1
xgboost,shap,0.01,0,889,1.0,1.0,1
xgboost,shap,0.01,0,896,0.9736842105263157,1.0,1
xgboost,shap,0.01,0,900,0.9666666666666668,1.0,1
xgboost,shap,0.01,0,904,0.9350877192982456,1.0,0
xgboost,shap,0.01,0,908,1.0,1.0,1
xgboost,shap,0.01,0,927,1.0,1.0,1
xgboost,shap,0.01,0,934,0.9,1.0,1
xgboost,shap,0.01,0,939,0.9947368421052631,1.0,1
xgboost,shap,0.01,0,943,0.9631578947368421,1.0,1
xgboost,shap,0.01,0,945,0.887719298245614,0.8,0
xgboost,shap,0.01,0,954,0.9824561403508772,1.0,0
xgboost,shap,0.01,0,959,1.0,1.0,1
xgboost,shap,0.01,0,961,0.9947368421052631,0.8,1
xgboost,shap,0.01,0,967,0.9684210526315788,0.8,0
xgboost,shap,0.01,0,976,0.9982456140350877,1.0,1
xgboost,shap,0.01,0,990,0.9982456140350877,1.0,1
xgboost,shap,0.01,0,993,0.9298245614035087,0.8,0
xgboost,shap,0.01,0,996,0.9508771929824561,1.0,1
xgboost,shap,0.01,0,1014,1.0,1.0,1
xgboost,shap,0.01,0,1015,0.9824561403508772,1.0,1
xgboost,shap,0.01,0,1019,0.9631578947368421,0.8,1
xgboost,shap,0.01,0,1023,0.6052631578947367,0.8,1
xgboost,shap,0.01,0,1027,0.987719298245614,1.0,1
xgboost,shap,0.01,0,1028,0.9894736842105263,0.8,1
xgboost,shap,0.01,0,1031,0.9894736842105263,1.0,1
xgboost,shap,0.01,0,1039,0.9929824561403509,1.0,1
xgboost,shap,0.01,0,1043,0.980701754385965,1.0,1
xgboost,shap,0.01,0,1052,0.9947368421052631,1.0,0
xgboost,shap,0.01,0,1063,1.0,1.0,1
xgboost,shap,0.01,0,1065,0.9333333333333333,0.6,1
xgboost,shap,0.01,0,1070,0.8350877192982457,0.8,1
xgboost,shap,0.01,0,1073,0.9473684210526316,1.0,1
xgboost,shap,0.01,0,1077,0.9982456140350877,1.0,1
xgboost,shap,0.01,0,1087,1.0,1.0,1
xgboost,shap,0.01,0,1092,0.9982456140350877,1.0,1
xgboost,shap,0.01,0,1100,0.980701754385965,1.0,1
xgboost,shap,0.01,0,1112,0.8807017543859648,0.8,0
xgboost,shap,0.01,0,1116,1.0,1.0,1
xgboost,shap,0.01,0,1119,0.9842105263157893,1.0,1
xgboost,shap,0.01,0,1137,1.0,1.0,1
xgboost,shap,0.01,0,1138,1.0,1.0,1
xgboost,shap,0.01,0,1151,1.0,1.0,1
xgboost,shap,0.01,0,1152,0.9263157894736841,1.0,0
xgboost,shap,0.01,0,1160,0.9947368421052631,1.0,0
xgboost,shap,0.01,0,1167,0.8526315789473684,0.8,1
xgboost,shap,0.01,0,1187,0.9649122807017543,1.0,1
xgboost,shap,0.01,0,1209,0.956140350877193,1.0,1
xgboost,shap,0.01,0,1214,0.9912280701754386,1.0,1
xgboost,shap,0.01,0,1227,0.980701754385965,1.0,1
xgboost,shap,0.01,0,1237,0.9771929824561404,0.8,1
xgboost,shap,0.01,0,1246,0.9894736842105263,0.8,1
xgboost,shap,0.01,0,1256,0.9947368421052631,1.0,1
xgboost,shap,0.01,0,1259,0.8842105263157896,1.0,1
xgboost,shap,0.01,0,1299,0.9140350877192982,0.8,1
xgboost,shap,0.01,0,1300,0.9666666666666668,0.8,0
xgboost,shap,0.01,0,1309,0.9543859649122807,1.0,1
xgboost,shap,0.01,0,1314,0.9859649122807018,1.0,1
xgboost,shap,0.01,0,1316,1.0,1.0,1
xgboost,shap,0.01,0,1322,0.8947368421052632,1.0,1
xgboost,shap,0.01,0,1339,0.9824561403508772,0.8,1
xgboost,shap,0.01,0,1340,0.9929824561403509,1.0,1
xgboost,shap,0.01,0,1343,1.0,1.0,1
xgboost,shap,0.01,0,1344,1.0,1.0,1
xgboost,shap,0.01,0,1348,0.9508771929824561,0.8,1
xgboost,shap,0.01,0,1351,1.0,1.0,1
xgboost,shap,0.01,0,1354,1.0,1.0,1
xgboost,shap,0.01,0,1360,0.9719298245614034,1.0,1
xgboost,shap,0.01,0,1368,0.9929824561403509,1.0,1
xgboost,shap,0.01,0,1379,1.0,1.0,1
xgboost,shap,0.01,0,1383,0.9771929824561404,1.0,1
xgboost,shap,0.01,0,1389,1.0,1.0,1
xgboost,shap,0.01,0,1392,0.843859649122807,1.0,1
xgboost,shap,0.01,0,1395,0.987719298245614,1.0,1
xgboost,shap,0.01,1,9,0.9350877192982456,1.0,1
xgboost,shap,0.01,1,31,0.9859649122807018,1.0,1
xgboost,shap,0.01,1,41,0.9122807017543859,0.8,1
xgboost,shap,0.01,1,46,0.863157894736842,1.0,1
xgboost,shap,0.01,1,49,0.9403508771929823,1.0,1
xgboost,shap,0.01,1,55,0.9859649122807018,1.0,1
xgboost,shap,0.01,1,79,0.9614035087719298,1.0,0
xgboost,shap,0.01,1,84,0.863157894736842,0.8,1
xgboost,shap,0.01,1,97,0.9526315789473684,0.6,1
xgboost,shap,0.01,1,104,1.0,1.0,1
xgboost,shap,0.01,1,105,0.8087719298245614,0.6,0
xgboost,shap,0.01,1,107,1.0,1.0,1
xgboost,shap,0.01,1,114,1.0,1.0,1
xgboost,shap,0.01,1,121,1.0,1.0,1
xgboost,shap,0.01,1,122,0.9859649122807018,1.0,1
xgboost,shap,0.01,1,123,1.0,1.0,1
xgboost,shap,0.01,1,125,0.9192982456140351,0.8,1
xgboost,shap,0.01,1,146,1.0,1.0,1
xgboost,shap,0.01,1,151,1.0,1.0,1
xgboost,shap,0.01,1,156,0.980701754385965,0.8,1
xgboost,shap,0.01,1,165,0.9842105263157893,0.8,1
xgboost,shap,0.01,1,166,0.9087719298245613,1.0,1
xgboost,shap,0.01,1,171,0.9719298245614034,0.8,1
xgboost,shap,0.01,1,182,0.9982456140350877,1.0,1
xgboost,shap,0.01,1,184,0.8,0.8,1
xgboost,shap,0.01,1,194,1.0,1.0,1
xgboost,shap,0.01,1,205,0.9631578947368421,1.0,1
xgboost,shap,0.01,1,206,0.9859649122807018,0.8,0
xgboost,shap,0.01,1,211,1.0,1.0,1
xgboost,shap,0.01,1,223,0.9280701754385964,1.0,0
xgboost,shap,0.01,1,224,0.9017543859649122,0.8,1
xgboost,shap,0.01,1,229,1.0,1.0,1
xgboost,shap,0.01,1,231,1.0,1.0,1
xgboost,shap,0.01,1,241,0.9964912280701754,1.0,1
xgboost,shap,0.01,1,244,1.0,1.0,1
xgboost,shap,0.01,1,261,0.8666666666666666,1.0,1
xgboost,shap,0.01,1,281,1.0,1.0,1
xgboost,shap,0.01,1,289,0.9350877192982456,0.8,1
xgboost,shap,0.01,1,291,0.9842105263157893,0.8,1
xgboost,shap,0.01,1,311,0.980701754385965,1.0,1
xgboost,shap,0.01,1,316,1.0,1.0,1
xgboost,shap,0.01,1,325,0.9894736842105263,1.0,1
xgboost,shap,0.01,1,332,0.9473684210526316,1.0,1
xgboost,shap,0.01,1,344,1.0,1.0,1
xgboost,shap,0.01,1,364,0.9614035087719298,1.0,1
xgboost,shap,0.01,1,372,0.9824561403508772,1.0,1
xgboost,shap,0.01,1,375,1.0,1.0,1
xgboost,shap,0.01,1,381,0.9508771929824561,1.0,1
xgboost,shap,0.01,1,398,0.9263157894736841,1.0,1
xgboost,shap,0.01,1,403,1.0,1.0,1
xgboost,shap,0.01,1,407,0.743859649122807,0.8,1
xgboost,shap,0.01,1,414,1.0,1.0,1
xgboost,shap,0.01,1,420,1.0,1.0,1
xgboost,shap,0.01,1,423,0.9912280701754386,1.0,1
xgboost,shap,0.01,1,440,1.0,1.0,1
xgboost,shap,0.01,1,442,0.9947368421052631,1.0,1
xgboost,shap,0.01,1,454,1.0,1.0,1
xgboost,shap,0.01,1,457,1.0,1.0,1
xgboost,shap,0.01,1,459,0.9842105263157893,1.0,1
xgboost,shap,0.01,1,464,0.9771929824561404,1.0,1
xgboost,shap,0.01,1,467,0.8157894736842105,0.8,1
xgboost,shap,0.01,1,471,1.0,1.0,1
xgboost,shap,0.01,1,475,0.8456140350877193,1.0,1
xgboost,shap,0.01,1,480,0.987719298245614,1.0,1
xgboost,shap,0.01,1,495,0.980701754385965,0.8,1
xgboost,shap,0.01,1,503,0.9982456140350877,1.0,1
xgboost,shap,0.01,1,506,0.7912280701754386,0.8,0
xgboost,shap,0.01,1,521,0.975438596491228,0.8,1
xgboost,shap,0.01,1,523,0.9859649122807018,1.0,1
xgboost,shap,0.01,1,530,0.9929824561403509,1.0,1
xgboost,shap,0.01,1,547,1.0,1.0,1
xgboost,shap,0.01,1,551,0.9894736842105263,1.0,1
xgboost,shap,0.01,1,556,0.980701754385965,1.0,1
xgboost,shap,0.01,1,558,0.987719298245614,1.0,1
xgboost,shap,0.01,1,559,1.0,1.0,1
xgboost,shap,0.01,1,562,1.0,1.0,1
xgboost,shap,0.01,1,564,0.9491228070175438,1.0,0
xgboost,shap,0.01,1,572,0.987719298245614,1.0,1
xgboost,shap,0.01,1,582,0.9894736842105263,0.8,1
xgboost,shap,0.01,1,587,0.9859649122807018,1.0,1
xgboost,shap,0.01,1,590,0.9491228070175438,0.8,0
xgboost,shap,0.01,1,591,0.9964912280701754,1.0,1
xgboost,shap,0.01,1,598,0.9280701754385964,1.0,1
xgboost,shap,0.01,1,605,0.9912280701754386,1.0,1
xgboost,shap,0.01,1,609,0.9719298245614034,0.8,1
xgboost,shap,0.01,1,613,0.9929824561403509,1.0,1
xgboost,shap,0.01,1,619,1.0,1.0,1
xgboost,shap,0.01,1,620,0.9982456140350877,1.0,1
xgboost,shap,0.01,1,626,0.9964912280701754,1.0,1
xgboost,shap,0.01,1,627,0.9982456140350877,1.0,1
xgboost,shap,0.01,1,637,1.0,1.0,1
xgboost,shap,0.01,1,640,0.9385964912280702,0.8,1
xgboost,shap,0.01,1,667,0.9701754385964911,1.0,1
xgboost,shap,0.01,1,673,0.8719298245614034,0.8,0
xgboost,shap,0.01,1,687,0.8614035087719297,1.0,1
xgboost,shap,0.01,1,688,0.9719298245614034,1.0,0
xgboost,shap,0.01,1,689,0.987719298245614,1.0,1
xgboost,shap,0.01,1,690,0.9894736842105263,1.0,1
xgboost,shap,0.01,1,693,0.975438596491228,0.8,1
xgboost,shap,0.01,1,724,0.9947368421052631,1.0,1
xgboost,shap,0.01,1,732,0.9982456140350877,1.0,1
xgboost,shap,0.01,1,740,1.0,1.0,1
xgboost,shap,0.01,1,748,0.9333333333333333,1.0,0
xgboost,shap,0.01,1,751,0.9982456140350877,1.0,1
xgboost,shap,0.01,1,752,0.756140350877193,0.8,0
xgboost,shap,0.01,1,755,0.9894736842105263,1.0,1
xgboost,shap,0.01,1,759,0.9614035087719298,1.0,1
xgboost,shap,0.01,1,766,0.843859649122807,0.8,1
xgboost,shap,0.01,1,786,1.0,1.0,1
xgboost,shap,0.01,1,790,0.9631578947368421,0.8,1
xgboost,shap,0.01,1,792,0.8456140350877193,0.8,1
xgboost,shap,0.01,1,809,0.9771929824561404,1.0,1
xgboost,shap,0.01,1,812,0.9842105263157893,1.0,1
xgboost,shap,0.01,1,830,1.0,1.0,1
xgboost,shap,0.01,1,845,1.0,1.0,1
xgboost,shap,0.01,1,847,1.0,1.0,1
xgboost,shap,0.01,1,848,0.9947368421052631,1.0,1
xgboost,shap,0.01,1,850,0.980701754385965,0.8,1
xgboost,shap,0.01,1,860,0.9929824561403509,0.8,1
xgboost,shap,0.01,1,864,0.9947368421052631,0.8,1
xgboost,shap,0.01,1,869,0.9491228070175438,0.8,1
xgboost,shap,0.01,1,872,0.975438596491228,1.0,0
xgboost,shap,0.01,1,874,1.0,1.0,1
xgboost,shap,0.01,1,875,1.0,1.0,1
xgboost,shap,0.01,1,878,0.9894736842105263,1.0,1
xgboost,shap,0.01,1,880,0.9964912280701754,1.0,1
xgboost,shap,0.01,1,886,1.0,1.0,1
xgboost,shap,0.01,1,889,0.9929824561403509,0.8,1
xgboost,shap,0.01,1,896,0.9982456140350877,1.0,1
xgboost,shap,0.01,1,900,0.9298245614035087,1.0,1
xgboost,shap,0.01,1,904,0.8842105263157896,1.0,1
xgboost,shap,0.01,1,908,1.0,1.0,1
xgboost,shap,0.01,1,927,1.0,1.0,1
xgboost,shap,0.01,1,934,0.9912280701754386,0.8,1
xgboost,shap,0.01,1,939,0.9245614035087718,1.0,1
xgboost,shap,0.01,1,943,0.9508771929824561,1.0,1
xgboost,shap,0.01,1,945,0.9929824561403509,1.0,1
xgboost,shap,0.01,1,954,0.9508771929824561,0.8,1
xgboost,shap,0.01,1,959,0.9736842105263157,1.0,1
xgboost,shap,0.01,1,961,1.0,1.0,1
xgboost,shap,0.01,1,967,0.987719298245614,0.8,1
xgboost,shap,0.01,1,976,1.0,1.0,1
xgboost,shap,0.01,1,990,0.9491228070175438,1.0,1
xgboost,shap,0.01,1,993,0.8684210526315789,0.8,0
xgboost,shap,0.01,1,996,0.9508771929824561,1.0,1
xgboost,shap,0.01,1,1014,0.9491228070175438,1.0,1
xgboost,shap,0.01,1,1015,0.9508771929824561,1.0,1
xgboost,shap,0.01,1,1019,0.9912280701754386,1.0,1
xgboost,shap,0.01,1,1023,0.6052631578947367,0.8,1
xgboost,shap,0.01,1,1027,1.0,1.0,1
xgboost,shap,0.01,1,1028,0.9824561403508772,0.8,1
xgboost,shap,0.01,1,1031,1.0,1.0,1
xgboost,shap,0.01,1,1039,0.9894736842105263,1.0,1
xgboost,shap,0.01,1,1043,0.9894736842105263,1.0,1
xgboost,shap,0.01,1,1052,0.9684210526315788,1.0,1
xgboost,shap,0.01,1,1063,1.0,1.0,1
xgboost,shap,0.01,1,1065,0.8929824561403509,0.8,0
xgboost,shap,0.01,1,1070,0.83859649122807,0.8,1
xgboost,shap,0.01,1,1073,0.9491228070175438,1.0,1
xgboost,shap,0.01,1,1077,1.0,1.0,1
xgboost,shap,0.01,1,1087,1.0,1.0,1
xgboost,shap,0.01,1,1092,1.0,1.0,1
xgboost,shap,0.01,1,1100,0.9947368421052631,1.0,1
xgboost,shap,0.01,1,1112,0.9491228070175438,1.0,0
xgboost,shap,0.01,1,1116,0.9649122807017543,1.0,1
xgboost,shap,0.01,1,1119,1.0,1.0,1
xgboost,shap,0.01,1,1137,1.0,1.0,1
xgboost,shap,0.01,1,1138,1.0,1.0,1
xgboost,shap,0.01,1,1151,0.9947368421052631,1.0,1
xgboost,shap,0.01,1,1152,0.9736842105263157,0.8,1
xgboost,shap,0.01,1,1160,0.9929824561403509,1.0,0
xgboost,shap,0.01,1,1167,0.9947368421052631,0.8,1
xgboost,shap,0.01,1,1187,0.9596491228070174,1.0,1
xgboost,shap,0.01,1,1209,0.956140350877193,1.0,1
xgboost,shap,0.01,1,1214,0.9245614035087718,0.8,1
xgboost,shap,0.01,1,1227,0.9824561403508772,1.0,1
xgboost,shap,0.01,1,1237,0.9964912280701754,1.0,1
xgboost,shap,0.01,1,1246,1.0,1.0,1
xgboost,shap,0.01,1,1256,0.9035087719298246,1.0,1
xgboost,shap,0.01,1,1259,0.8736842105263157,1.0,1
xgboost,shap,0.01,1,1299,0.9140350877192982,0.8,1
xgboost,shap,0.01,1,1300,0.9666666666666668,0.8,0
xgboost,shap,0.01,1,1309,0.9947368421052631,1.0,1
xgboost,shap,0.01,1,1314,0.9771929824561404,1.0,1
xgboost,shap,0.01,1,1316,1.0,1.0,1
xgboost,shap,0.01,1,1322,0.9333333333333333,1.0,1
xgboost,shap,0.01,1,1339,0.9824561403508772,0.8,1
xgboost,shap,0.01,1,1340,0.9771929824561404,1.0,1
xgboost,shap,0.01,1,1343,1.0,1.0,1
xgboost,shap,0.01,1,1344,1.0,1.0,1
xgboost,shap,0.01,1,1348,1.0,1.0,1
xgboost,shap,0.01,1,1351,0.9,1.0,1
xgboost,shap,0.01,1,1354,0.9912280701754386,1.0,1
xgboost,shap,0.01,1,1360,0.7508771929824561,0.8,1
xgboost,shap,0.01,1,1368,0.9666666666666668,1.0,1
xgboost,shap,0.01,1,1379,0.9982456140350877,1.0,1
xgboost,shap,0.01,1,1383,0.9771929824561404,1.0,1
xgboost,shap,0.01,1,1389,1.0,1.0,1
xgboost,shap,0.01,1,1392,1.0,1.0,1
xgboost,shap,0.01,1,1395,1.0,1.0,1
xgboost,shap,0.01,2,9,0.9508771929824561,1.0,1
xgboost,shap,0.01,2,31,0.9859649122807018,1.0,1
xgboost,shap,0.01,2,41,0.8140350877192982,0.8,1
xgboost,shap,0.01,2,46,0.9947368421052631,1.0,0
xgboost,shap,0.01,2,49,0.9771929824561404,0.8,1
xgboost,shap,0.01,2,55,0.9859649122807018,1.0,1
xgboost,shap,0.01,2,79,1.0,1.0,1
xgboost,shap,0.01,2,84,0.83859649122807,0.8,1
xgboost,shap,0.01,2,97,0.9771929824561404,0.8,1
xgboost,shap,0.01,2,104,0.9982456140350877,1.0,1
xgboost,shap,0.01,2,105,1.0,1.0,1
xgboost,shap,0.01,2,107,1.0,1.0,1
xgboost,shap,0.01,2,114,1.0,1.0,1
xgboost,shap,0.01,2,121,0.9719298245614034,1.0,1
xgboost,shap,0.01,2,122,0.9298245614035087,0.8,1
xgboost,shap,0.01,2,123,1.0,1.0,1
xgboost,shap,0.01,2,125,0.9614035087719298,1.0,1
xgboost,shap,0.01,2,146,0.9684210526315788,0.8,1
xgboost,shap,0.01,2,151,1.0,1.0,1
xgboost,shap,0.01,2,156,0.9824561403508772,0.8,1
xgboost,shap,0.01,2,165,0.9824561403508772,0.8,1
xgboost,shap,0.01,2,166,0.9614035087719298,1.0,1
xgboost,shap,0.01,2,171,0.8,1.0,1
xgboost,shap,0.01,2,182,0.9824561403508772,0.8,1
xgboost,shap,0.01,2,184,1.0,1.0,1
xgboost,shap,0.01,2,194,1.0,1.0,1
xgboost,shap,0.01,2,205,0.9385964912280702,1.0,1
xgboost,shap,0.01,2,206,0.9263157894736841,1.0,1
xgboost,shap,0.01,2,211,1.0,1.0,1
xgboost,shap,0.01,2,223,0.9947368421052631,1.0,1
xgboost,shap,0.01,2,224,1.0,1.0,1
xgboost,shap,0.01,2,229,1.0,1.0,1
xgboost,shap,0.01,2,231,1.0,1.0,1
xgboost,shap,0.01,2,241,0.9982456140350877,1.0,1
xgboost,shap,0.01,2,244,0.9929824561403509,1.0,1
xgboost,shap,0.01,2,261,0.9350877192982456,1.0,1
xgboost,shap,0.01,2,281,1.0,1.0,1
xgboost,shap,0.01,2,289,1.0,1.0,1
xgboost,shap,0.01,2,291,0.9631578947368421,0.8,1
xgboost,shap,0.01,2,311,0.980701754385965,1.0,1
xgboost,shap,0.01,2,316,1.0,1.0,1
xgboost,shap,0.01,2,325,0.9842105263157893,1.0,1
xgboost,shap,0.01,2,332,1.0,1.0,1
xgboost,shap,0.01,2,344,1.0,1.0,1
xgboost,shap,0.01,2,364,0.9929824561403509,1.0,0
xgboost,shap,0.01,2,372,0.8964912280701753,0.8,1
xgboost,shap,0.01,2,375,1.0,1.0,1
xgboost,shap,0.01,2,381,0.9385964912280702,1.0,1
xgboost,shap,0.01,2,398,1.0,1.0,1
xgboost,shap,0.01,2,403,0.9824561403508772,1.0,1
xgboost,shap,0.01,2,407,0.8596491228070176,0.8,1
xgboost,shap,0.01,2,414,0.9859649122807018,1.0,1
xgboost,shap,0.01,2,420,1.0,1.0,1
xgboost,shap,0.01,2,423,0.956140350877193,0.8,1
xgboost,shap,0.01,2,440,1.0,1.0,1
xgboost,shap,0.01,2,442,0.9982456140350877,1.0,1
xgboost,shap,0.01,2,454,1.0,1.0,1
xgboost,shap,0.01,2,457,0.9982456140350877,1.0,1
xgboost,shap,0.01,2,459,0.9982456140350877,1.0,1
xgboost,shap,0.01,2,464,0.975438596491228,1.0,0
xgboost,shap,0.01,2,467,0.9473684210526316,0.8,1
xgboost,shap,0.01,2,471,0.9859649122807018,1.0,1
xgboost,shap,0.01,2,475,0.9280701754385964,1.0,1
xgboost,shap,0.01,2,480,0.9842105263157893,0.8,1
xgboost,shap,0.01,2,495,0.9982456140350877,1.0,1
xgboost,shap,0.01,2,503,0.9982456140350877,1.0,1
xgboost,shap,0.01,2,506,0.9771929824561404,1.0,1
xgboost,shap,0.01,2,521,0.975438596491228,0.8,1
xgboost,shap,0.01,2,523,0.9192982456140351,0.8,1
xgboost,shap,0.01,2,530,0.9929824561403509,0.8,1
xgboost,shap,0.01,2,547,0.9947368421052631,1.0,1
xgboost,shap,0.01,2,551,0.9824561403508772,1.0,1
xgboost,shap,0.01,2,556,1.0,1.0,1
xgboost,shap,0.01,2,558,1.0,1.0,1
xgboost,shap,0.01,2,559,0.9140350877192982,0.8,1
xgboost,shap,0.01,2,562,0.9982456140350877,1.0,1
xgboost,shap,0.01,2,564,0.9736842105263157,1.0,0
xgboost,shap,0.01,2,572,0.9017543859649122,0.8,1
xgboost,shap,0.01,2,582,0.9421052631578948,0.8,1
xgboost,shap,0.01,2,587,0.956140350877193,0.8,1
xgboost,shap,0.01,2,590,1.0,1.0,1
xgboost,shap,0.01,2,591,0.9929824561403509,0.8,1
xgboost,shap,0.01,2,598,0.9614035087719298,0.8,0
xgboost,shap,0.01,2,605,1.0,1.0,1
xgboost,shap,0.01,2,609,0.9631578947368421,0.8,1
xgboost,shap,0.01,2,613,1.0,1.0,1
xgboost,shap,0.01,2,619,0.9771929824561404,1.0,1
xgboost,shap,0.01,2,620,0.9912280701754386,1.0,1
xgboost,shap,0.01,2,626,0.8263157894736841,0.8,1
xgboost,shap,0.01,2,627,0.9982456140350877,1.0,1
xgboost,shap,0.01,2,637,0.83859649122807,0.8,0
xgboost,shap,0.01,2,640,0.9614035087719298,0.8,1
xgboost,shap,0.01,2,667,0.9631578947368421,1.0,1
xgboost,shap,0.01,2,673,0.8754385964912281,0.8,0
xgboost,shap,0.01,2,687,0.8771929824561402,1.0,0
xgboost,shap,0.01,2,688,0.9491228070175438,1.0,0
xgboost,shap,0.01,2,689,0.9719298245614034,0.8,1
xgboost,shap,0.01,2,690,0.8017543859649122,1.0,1
xgboost,shap,0.01,2,693,1.0,1.0,1
xgboost,shap,0.01,2,724,0.9824561403508772,0.8,1
xgboost,shap,0.01,2,732,0.9684210526315788,1.0,1
xgboost,shap,0.01,2,740,0.9491228070175438,0.8,1
xgboost,shap,0.01,2,748,0.943859649122807,1.0,0
xgboost,shap,0.01,2,751,0.9929824561403509,1.0,1
xgboost,shap,0.01,2,752,0.7666666666666666,0.8,0
xgboost,shap,0.01,2,755,0.9982456140350877,1.0,1
xgboost,shap,0.01,2,759,0.7228070175438598,0.8,1
xgboost,shap,0.01,2,766,0.9649122807017543,0.8,1
xgboost,shap,0.01,2,786,0.9894736842105263,1.0,1
xgboost,shap,0.01,2,790,0.9982456140350877,1.0,1
xgboost,shap,0.01,2,792,0.8421052631578947,1.0,1
xgboost,shap,0.01,2,809,0.9824561403508772,1.0,1
xgboost,shap,0.01,2,812,0.9157894736842105,1.0,1
xgboost,shap,0.01,2,830,0.9929824561403509,0.8,1
xgboost,shap,0.01,2,845,0.9894736842105263,0.8,1
xgboost,shap,0.01,2,847,0.9666666666666668,0.8,0
xgboost,shap,0.01,2,848,0.9192982456140351,1.0,0
xgboost,shap,0.01,2,850,0.9385964912280702,0.8,1
xgboost,shap,0.01,2,860,0.9719298245614034,0.8,1
xgboost,shap,0.01,2,864,0.9684210526315788,0.8,1
xgboost,shap,0.01,2,869,0.9456140350877192,1.0,0
xgboost,shap,0.01,2,872,0.9824561403508772,1.0,1
xgboost,shap,0.01,2,874,0.9684210526315788,0.8,1
xgboost,shap,0.01,2,875,1.0,1.0,1
xgboost,shap,0.01,2,878,1.0,1.0,1
xgboost,shap,0.01,2,880,1.0,1.0,1
xgboost,shap,0.01,2,886,0.9824561403508772,1.0,1
xgboost,shap,0.01,2,889,1.0,1.0,1
xgboost,shap,0.01,2,896,0.980701754385965,0.8,1
xgboost,shap,0.01,2,900,0.9140350877192982,0.8,1
xgboost,shap,0.01,2,904,0.9210526315789472,1.0,1
xgboost,shap,0.01,2,908,1.0,1.0,1
xgboost,shap,0.01,2,927,1.0,1.0,1
xgboost,shap,0.01,2,934,0.9894736842105263,0.8,1
xgboost,shap,0.01,2,939,0.9684210526315788,1.0,1
xgboost,shap,0.01,2,943,0.8666666666666666,0.8,1
xgboost,shap,0.01,2,945,0.863157894736842,0.8,0
xgboost,shap,0.01,2,954,0.9824561403508772,1.0,1
xgboost,shap,0.01,2,959,1.0,1.0,1
xgboost,shap,0.01,2,961,1.0,1.0,1
xgboost,shap,0.01,2,967,0.9771929824561404,1.0,0
xgboost,shap,0.01,2,976,0.9982456140350877,1.0,1
xgboost,shap,0.01,2,990,0.9491228070175438,1.0,1
xgboost,shap,0.01,2,993,0.8701754385964912,0.8,1
xgboost,shap,0.01,2,996,0.9982456140350877,1.0,1
xgboost,shap,0.01,2,1014,1.0,1.0,1
xgboost,shap,0.01,2,1015,0.9824561403508772,1.0,1
xgboost,shap,0.01,2,1019,0.9631578947368421,1.0,1
xgboost,shap,0.01,2,1023,0.8543859649122807,1.0,1
xgboost,shap,0.01,2,1027,0.9947368421052631,1.0,1
xgboost,shap,0.01,2,1028,0.956140350877193,0.6,1
xgboost,shap,0.01,2,1031,0.980701754385965,1.0,1
xgboost,shap,0.01,2,1039,0.9894736842105263,1.0,1
xgboost,shap,0.01,2,1043,0.9228070175438597,1.0,1
xgboost,shap,0.01,2,1052,1.0,1.0,1
xgboost,shap,0.01,2,1063,0.8842105263157896,1.0,1
xgboost,shap,0.01,2,1065,0.9210526315789472,0.8,0
xgboost,shap,0.01,2,1070,0.8333333333333334,0.8,1
xgboost,shap,0.01,2,1073,0.987719298245614,1.0,0
xgboost,shap,0.01,2,1077,0.9982456140350877,1.0,1
xgboost,shap,0.01,2,1087,0.980701754385965,1.0,1
xgboost,shap,0.01,2,1092,1.0,1.0,1
xgboost,shap,0.01,2,1100,1.0,1.0,1
xgboost,shap,0.01,2,1112,0.9491228070175438,1.0,0
xgboost,shap,0.01,2,1116,0.887719298245614,1.0,1
xgboost,shap,0.01,2,1119,0.9894736842105263,1.0,1
xgboost,shap,0.01,2,1137,1.0,1.0,1
xgboost,shap,0.01,2,1138,1.0,1.0,1
xgboost,shap,0.01,2,1151,0.9947368421052631,1.0,1
xgboost,shap,0.01,2,1152,0.8508771929824561,0.8,0
xgboost,shap,0.01,2,1160,0.9947368421052631,1.0,0
xgboost,shap,0.01,2,1167,0.8526315789473684,0.8,1
xgboost,shap,0.01,2,1187,0.9789473684210527,1.0,1
xgboost,shap,0.01,2,1209,0.9824561403508772,1.0,0
xgboost,shap,0.01,2,1214,0.9,0.8,1
xgboost,shap,0.01,2,1227,0.8105263157894737,0.8,1
xgboost,shap,0.01,2,1237,0.9684210526315788,0.8,1
xgboost,shap,0.01,2,1246,1.0,1.0,1
xgboost,shap,0.01,2,1256,0.9894736842105263,1.0,1
xgboost,shap,0.01,2,1259,0.9982456140350877,1.0,1
xgboost,shap,0.01,2,1299,1.0,1.0,1
xgboost,shap,0.01,2,1300,1.0,1.0,1
xgboost,shap,0.01,2,1309,0.9947368421052631,1.0,1
xgboost,shap,0.01,2,1314,0.9982456140350877,1.0,1
xgboost,shap,0.01,2,1316,1.0,1.0,1
xgboost,shap,0.01,2,1322,0.987719298245614,1.0,1
xgboost,shap,0.01,2,1339,1.0,1.0,1
xgboost,shap,0.01,2,1340,1.0,1.0,1
xgboost,shap,0.01,2,1343,0.9982456140350877,1.0,1
xgboost,shap,0.01,2,1344,1.0,1.0,1
xgboost,shap,0.01,2,1348,0.9894736842105263,1.0,1
xgboost,shap,0.01,2,1351,0.9789473684210527,1.0,1
xgboost,shap,0.01,2,1354,0.8315789473684211,0.8,1
xgboost,shap,0.01,2,1360,1.0,1.0,1
xgboost,shap,0.01,2,1368,0.7964912280701755,0.8,1
xgboost,shap,0.01,2,1379,0.9982456140350877,1.0,1
xgboost,shap,0.01,2,1383,0.9964912280701754,1.0,1
xgboost,shap,0.01,2,1389,1.0,1.0,1
xgboost,shap,0.01,2,1392,0.9491228070175438,0.6,1
xgboost,shap,0.01,2,1395,0.9982456140350877,1.0,1
xgboost,shap,0.05,0,9,0.8666666666666666,1.0,1
xgboost,shap,0.05,0,31,0.9859649122807018,1.0,1
xgboost,shap,0.05,0,41,0.9456140350877192,0.8,1
xgboost,shap,0.05,0,46,0.9473684210526316,1.0,0
xgboost,shap,0.05,0,49,0.8929824561403509,0.8,1
xgboost,shap,0.05,0,55,0.9105263157894736,0.8,1
xgboost,shap,0.05,0,79,0.9789473684210527,1.0,0
xgboost,shap,0.05,0,84,0.8614035087719297,0.8,1
xgboost,shap,0.05,0,97,0.9,0.6,1
xgboost,shap,0.05,0,104,0.9947368421052631,1.0,1
xgboost,shap,0.05,0,105,0.9175438596491228,0.6,1
xgboost,shap,0.05,0,107,0.8719298245614034,0.8,1
xgboost,shap,0.05,0,114,0.8912280701754386,0.6,1
xgboost,shap,0.05,0,121,0.9614035087719298,1.0,1
xgboost,shap,0.05,0,122,0.9842105263157893,1.0,1
xgboost,shap,0.05,0,123,0.9789473684210527,1.0,0
xgboost,shap,0.05,0,125,0.8087719298245614,0.8,1
xgboost,shap,0.05,0,146,0.882456140350877,0.8,0
xgboost,shap,0.05,0,151,0.9771929824561404,1.0,1
xgboost,shap,0.05,0,156,0.9122807017543859,1.0,1
xgboost,shap,0.05,0,165,0.9789473684210527,0.8,1
xgboost,shap,0.05,0,166,0.9228070175438597,1.0,1
xgboost,shap,0.05,0,171,0.9543859649122807,0.8,1
xgboost,shap,0.05,0,182,0.7473684210526316,0.4,1
xgboost,shap,0.05,0,184,0.7894736842105263,0.8,1
xgboost,shap,0.05,0,194,0.9631578947368421,0.8,1
xgboost,shap,0.05,0,205,0.9280701754385964,0.8,1
xgboost,shap,0.05,0,206,0.943859649122807,0.8,0
xgboost,shap,0.05,0,211,0.9333333333333333,1.0,0
xgboost,shap,0.05,0,223,0.8736842105263157,0.8,1
xgboost,shap,0.05,0,224,0.9456140350877192,0.8,1
xgboost,shap,0.05,0,229,0.9508771929824561,0.8,1
xgboost,shap,0.05,0,231,0.9315789473684211,0.8,1
xgboost,shap,0.05,0,241,0.856140350877193,0.8,1
xgboost,shap,0.05,0,244,1.0,1.0,1
xgboost,shap,0.05,0,261,0.9280701754385964,1.0,1
xgboost,shap,0.05,0,281,1.0,1.0,1
xgboost,shap,0.05,0,289,0.9280701754385964,0.8,1
xgboost,shap,0.05,0,291,0.8473684210526315,0.8,1
xgboost,shap,0.05,0,311,0.9789473684210527,1.0,1
xgboost,shap,0.05,0,316,0.9192982456140351,1.0,1
xgboost,shap,0.05,0,325,0.9947368421052631,1.0,1
xgboost,shap,0.05,0,332,0.9087719298245613,1.0,1
xgboost,shap,0.05,0,344,0.9947368421052631,1.0,1
xgboost,shap,0.05,0,364,0.7473684210526316,0.8,1
xgboost,shap,0.05,0,372,0.9421052631578948,0.8,1
xgboost,shap,0.05,0,375,0.9701754385964911,1.0,1
xgboost,shap,0.05,0,381,0.8403508771929825,0.8,1
xgboost,shap,0.05,0,398,0.8175438596491227,0.6,1
xgboost,shap,0.05,0,403,0.9210526315789472,0.8,1
xgboost,shap,0.05,0,407,0.9929824561403509,1.0,1
xgboost,shap,0.05,0,414,0.9982456140350877,1.0,1
xgboost,shap,0.05,0,420,0.7456140350877193,0.8,0
xgboost,shap,0.05,0,423,0.9070175438596491,0.6,1
xgboost,shap,0.05,0,440,0.9824561403508772,1.0,1
xgboost,shap,0.05,0,442,0.987719298245614,0.8,1
xgboost,shap,0.05,0,454,0.975438596491228,1.0,1
xgboost,shap,0.05,0,457,0.9508771929824561,0.8,1
xgboost,shap,0.05,0,459,0.9824561403508772,1.0,1
xgboost,shap,0.05,0,464,0.975438596491228,1.0,0
xgboost,shap,0.05,0,467,0.8421052631578947,0.6,1
xgboost,shap,0.05,0,471,0.9859649122807018,1.0,1
xgboost,shap,0.05,0,475,0.8859649122807017,0.8,1
xgboost,shap,0.05,0,480,0.9491228070175438,0.8,1
xgboost,shap,0.05,0,495,0.9649122807017543,0.8,1
xgboost,shap,0.05,0,503,0.975438596491228,1.0,1
xgboost,shap,0.05,0,506,0.7736842105263159,0.8,1
xgboost,shap,0.05,0,521,0.9122807017543859,0.6,1
xgboost,shap,0.05,0,523,0.8140350877192982,0.8,1
xgboost,shap,0.05,0,530,0.9543859649122807,0.8,1
xgboost,shap,0.05,0,547,0.9719298245614034,0.8,1
xgboost,shap,0.05,0,551,0.887719298245614,0.8,1
xgboost,shap,0.05,0,556,0.8052631578947368,0.6,1
xgboost,shap,0.05,0,558,0.9684210526315788,0.8,1
xgboost,shap,0.05,0,559,0.9596491228070174,0.8,1
xgboost,shap,0.05,0,562,0.9228070175438597,0.8,1
xgboost,shap,0.05,0,564,0.9684210526315788,0.8,0
xgboost,shap,0.05,0,572,0.7087719298245614,0.8,1
xgboost,shap,0.05,0,582,0.9719298245614034,0.8,1
xgboost,shap,0.05,0,587,0.8912280701754386,0.8,1
xgboost,shap,0.05,0,590,0.9614035087719298,0.8,0
xgboost,shap,0.05,0,591,0.9596491228070174,1.0,1
xgboost,shap,0.05,0,598,0.9263157894736841,1.0,0
xgboost,shap,0.05,0,605,0.9508771929824561,1.0,1
xgboost,shap,0.05,0,609,0.9263157894736841,0.8,1
xgboost,shap,0.05,0,613,0.9929824561403509,0.8,1
xgboost,shap,0.05,0,619,0.9473684210526316,0.8,1
xgboost,shap,0.05,0,620,0.9631578947368421,1.0,1
xgboost,shap,0.05,0,626,0.943859649122807,0.8,1
xgboost,shap,0.05,0,627,0.9964912280701754,1.0,1
xgboost,shap,0.05,0,637,0.9473684210526316,1.0,1
xgboost,shap,0.05,0,640,0.9508771929824561,0.8,1
xgboost,shap,0.05,0,667,0.9315789473684211,1.0,1
xgboost,shap,0.05,0,673,0.8736842105263157,0.8,0
xgboost,shap,0.05,0,687,0.9614035087719298,1.0,0
xgboost,shap,0.05,0,688,0.9614035087719298,0.8,0
xgboost,shap,0.05,0,689,0.9912280701754386,1.0,0
xgboost,shap,0.05,0,690,0.8315789473684211,1.0,1
xgboost,shap,0.05,0,693,0.9894736842105263,1.0,1
xgboost,shap,0.05,0,724,0.9824561403508772,1.0,1
xgboost,shap,0.05,0,732,0.7491228070175439,0.8,0
xgboost,shap,0.05,0,740,0.882456140350877,0.8,1
xgboost,shap,0.05,0,748,0.863157894736842,0.8,0
xgboost,shap,0.05,0,751,0.9385964912280702,1.0,0
xgboost,shap,0.05,0,752,0.9614035087719298,0.8,0
xgboost,shap,0.05,0,755,0.9070175438596491,0.8,1
xgboost,shap,0.05,0,759,0.9649122807017543,1.0,1
xgboost,shap,0.05,0,766,0.9052631578947368,1.0,1
xgboost,shap,0.05,0,786,1.0,1.0,1
xgboost,shap,0.05,0,790,0.9333333333333333,0.8,1
xgboost,shap,0.05,0,792,0.719298245614035,0.8,1
xgboost,shap,0.05,0,809,0.9789473684210527,1.0,1
xgboost,shap,0.05,0,812,0.7385964912280703,0.6,0
xgboost,shap,0.05,0,830,1.0,1.0,1
xgboost,shap,0.05,0,845,0.9421052631578948,1.0,1
xgboost,shap,0.05,0,847,0.9508771929824561,0.8,0
xgboost,shap,0.05,0,848,0.9491228070175438,0.8,1
xgboost,shap,0.05,0,850,0.9719298245614034,1.0,1
xgboost,shap,0.05,0,860,0.8491228070175438,0.8,1
xgboost,shap,0.05,0,864,0.9263157894736841,0.8,1
xgboost,shap,0.05,0,869,0.8666666666666666,0.8,0
xgboost,shap,0.05,0,872,0.9280701754385964,0.8,0
xgboost,shap,0.05,0,874,0.9912280701754386,1.0,1
xgboost,shap,0.05,0,875,0.9263157894736841,1.0,1
xgboost,shap,0.05,0,878,0.9649122807017543,1.0,1
xgboost,shap,0.05,0,880,0.975438596491228,1.0,1
xgboost,shap,0.05,0,886,0.9596491228070174,1.0,1
xgboost,shap,0.05,0,889,0.9929824561403509,0.8,1
xgboost,shap,0.05,0,896,0.7035087719298245,0.8,1
xgboost,shap,0.05,0,900,0.9491228070175438,1.0,1
xgboost,shap,0.05,0,904,0.9982456140350877,1.0,1
xgboost,shap,0.05,0,908,0.9087719298245613,0.8,1
xgboost,shap,0.05,0,927,0.9929824561403509,0.8,1
xgboost,shap,0.05,0,934,0.9842105263157893,0.8,1
xgboost,shap,0.05,0,939,0.9929824561403509,1.0,1
xgboost,shap,0.05,0,943,0.7245614035087719,0.8,1
xgboost,shap,0.05,0,945,0.8894736842105263,0.8,0
xgboost,shap,0.05,0,954,0.9631578947368421,0.6,1
xgboost,shap,0.05,0,959,0.5894736842105263,0.6,0
xgboost,shap,0.05,0,961,0.9894736842105263,0.8,1
xgboost,shap,0.05,0,967,0.6543859649122807,0.8,0
xgboost,shap,0.05,0,976,0.780701754385965,0.6,1
xgboost,shap,0.05,0,990,0.9631578947368421,0.8,1
xgboost,shap,0.05,0,993,0.9298245614035087,0.8,1
xgboost,shap,0.05,0,996,0.9508771929824561,1.0,1
xgboost,shap,0.05,0,1014,0.9298245614035087,0.8,1
xgboost,shap,0.05,0,1015,0.9736842105263157,1.0,1
xgboost,shap,0.05,0,1019,0.6964912280701754,0.8,1
xgboost,shap,0.05,0,1023,0.8157894736842105,1.0,1
xgboost,shap,0.05,0,1027,0.9350877192982456,0.8,1
xgboost,shap,0.05,0,1028,0.9385964912280702,0.8,0
xgboost,shap,0.05,0,1031,0.9894736842105263,1.0,1
xgboost,shap,0.05,0,1039,0.9736842105263157,1.0,1
xgboost,shap,0.05,0,1043,0.9175438596491228,1.0,1
xgboost,shap,0.05,0,1052,0.9929824561403509,1.0,0
xgboost,shap,0.05,0,1063,0.9473684210526316,0.8,1
xgboost,shap,0.05,0,1065,0.7859649122807018,0.8,1
xgboost,shap,0.05,0,1070,0.8017543859649122,0.8,1
xgboost,shap,0.05,0,1073,0.9175438596491228,1.0,1
xgboost,shap,0.05,0,1077,0.9684210526315788,0.8,1
xgboost,shap,0.05,0,1087,0.8771929824561402,0.8,1
xgboost,shap,0.05,0,1092,1.0,1.0,1
xgboost,shap,0.05,0,1100,0.9649122807017543,0.8,1
xgboost,shap,0.05,0,1112,0.8122807017543859,0.8,0
xgboost,shap,0.05,0,1116,0.9578947368421052,1.0,1
xgboost,shap,0.05,0,1119,0.8087719298245614,0.8,1
xgboost,shap,0.05,0,1137,0.9614035087719298,0.8,0
xgboost,shap,0.05,0,1138,0.9649122807017543,0.8,1
xgboost,shap,0.05,0,1151,0.9947368421052631,1.0,1
xgboost,shap,0.05,0,1152,0.882456140350877,0.8,0
xgboost,shap,0.05,0,1160,0.9929824561403509,1.0,0
xgboost,shap,0.05,0,1167,0.9631578947368421,0.8,1
xgboost,shap,0.05,0,1187,0.9701754385964911,0.8,1
xgboost,shap,0.05,0,1209,0.8842105263157896,0.6,0
xgboost,shap,0.05,0,1214,0.9456140350877192,1.0,1
xgboost,shap,0.05,0,1227,0.8,1.0,1
xgboost,shap,0.05,0,1237,0.9473684210526316,0.6,1
xgboost,shap,0.05,0,1246,0.9578947368421052,1.0,1
xgboost,shap,0.05,0,1256,0.956140350877193,0.8,1
xgboost,shap,0.05,0,1259,0.882456140350877,0.8,0
xgboost,shap,0.05,0,1299,0.7929824561403509,0.6,1
xgboost,shap,0.05,0,1300,0.8947368421052632,0.6,0
xgboost,shap,0.05,0,1309,0.9526315789473684,1.0,1
xgboost,shap,0.05,0,1314,0.9456140350877192,1.0,0
xgboost,shap,0.05,0,1316,0.7298245614035088,0.8,1
xgboost,shap,0.05,0,1322,0.8087719298245614,0.6,0
xgboost,shap,0.05,0,1339,0.9824561403508772,0.8,1
xgboost,shap,0.05,0,1340,0.8912280701754386,0.8,1
xgboost,shap,0.05,0,1343,1.0,1.0,1
xgboost,shap,0.05,0,1344,0.9701754385964911,0.8,1
xgboost,shap,0.05,0,1348,0.9508771929824561,0.8,1
xgboost,shap,0.05,0,1351,0.9333333333333333,1.0,1
xgboost,shap,0.05,0,1354,0.9298245614035087,0.8,1
xgboost,shap,0.05,0,1360,0.9649122807017543,1.0,0
xgboost,shap,0.05,0,1368,0.863157894736842,1.0,1
xgboost,shap,0.05,0,1379,0.9947368421052631,1.0,1
xgboost,shap,0.05,0,1383,0.9771929824561404,0.8,1
xgboost,shap,0.05,0,1389,0.887719298245614,1.0,1
xgboost,shap,0.05,0,1392,0.9842105263157893,0.8,1
xgboost,shap,0.05,0,1395,0.9280701754385964,0.8,1
xgboost,shap,0.05,1,9,0.7754385964912281,1.0,1
xgboost,shap,0.05,1,31,0.975438596491228,0.8,1
xgboost,shap,0.05,1,41,0.9122807017543859,0.8,1
xgboost,shap,0.05,1,46,0.943859649122807,1.0,1
xgboost,shap,0.05,1,49,0.8982456140350877,0.8,1
xgboost,shap,0.05,1,55,0.7982456140350876,0.8,1
xgboost,shap,0.05,1,79,0.9140350877192982,1.0,0
xgboost,shap,0.05,1,84,0.7052631578947368,0.8,1
xgboost,shap,0.05,1,97,0.8807017543859648,0.6,1
xgboost,shap,0.05,1,104,0.9421052631578948,1.0,1
xgboost,shap,0.05,1,105,0.8982456140350877,0.8,1
xgboost,shap,0.05,1,107,1.0,1.0,1
xgboost,shap,0.05,1,114,0.9982456140350877,1.0,1
xgboost,shap,0.05,1,121,1.0,1.0,1
xgboost,shap,0.05,1,122,0.9719298245614034,1.0,1
xgboost,shap,0.05,1,123,0.9649122807017543,0.8,0
xgboost,shap,0.05,1,125,0.9315789473684211,0.8,1
xgboost,shap,0.05,1,146,0.9280701754385964,1.0,1
xgboost,shap,0.05,1,151,0.9666666666666668,1.0,1
xgboost,shap,0.05,1,156,0.8859649122807017,1.0,1
xgboost,shap,0.05,1,165,0.9421052631578948,0.8,1
xgboost,shap,0.05,1,166,0.9140350877192982,1.0,1
xgboost,shap,0.05,1,171,0.975438596491228,0.8,1
xgboost,shap,0.05,1,182,0.8684210526315789,0.6,1
xgboost,shap,0.05,1,184,0.6736842105263158,0.8,1
xgboost,shap,0.05,1,194,0.6508771929824562,0.6,1
xgboost,shap,0.05,1,205,0.9614035087719298,1.0,1
xgboost,shap,0.05,1,206,0.987719298245614,0.8,1
xgboost,shap,0.05,1,211,0.9631578947368421,1.0,1
xgboost,shap,0.05,1,223,0.7894736842105263,0.8,0
xgboost,shap,0.05,1,224,0.8719298245614034,0.8,1
xgboost,shap,0.05,1,229,0.9894736842105263,1.0,1
xgboost,shap,0.05,1,231,0.9543859649122807,1.0,1
xgboost,shap,0.05,1,241,0.9719298245614034,1.0,1
xgboost,shap,0.05,1,244,0.9596491228070174,1.0,1
xgboost,shap,0.05,1,261,0.9736842105263157,1.0,1
xgboost,shap,0.05,1,281,0.8771929824561402,0.8,1
xgboost,shap,0.05,1,289,0.9894736842105263,1.0,1
xgboost,shap,0.05,1,291,0.843859649122807,1.0,0
xgboost,shap,0.05,1,311,0.9631578947368421,1.0,1
xgboost,shap,0.05,1,316,0.9929824561403509,1.0,1
xgboost,shap,0.05,1,325,0.9491228070175438,1.0,1
xgboost,shap,0.05,1,332,0.9087719298245613,1.0,1
xgboost,shap,0.05,1,344,0.9842105263157893,1.0,1
xgboost,shap,0.05,1,364,0.9701754385964911,1.0,1
xgboost,shap,0.05,1,372,0.9228070175438597,1.0,1
xgboost,shap,0.05,1,375,0.9491228070175438,0.8,1
xgboost,shap,0.05,1,381,0.9087719298245613,1.0,1
xgboost,shap,0.05,1,398,0.7614035087719299,0.8,1
xgboost,shap,0.05,1,403,0.9508771929824561,1.0,0
xgboost,shap,0.05,1,407,0.7473684210526316,0.8,1
xgboost,shap,0.05,1,414,0.856140350877193,1.0,1
xgboost,shap,0.05,1,420,0.9736842105263157,0.8,1
xgboost,shap,0.05,1,423,0.9894736842105263,1.0,1
xgboost,shap,0.05,1,440,0.9192982456140351,0.8,1
xgboost,shap,0.05,1,442,0.7052631578947368,0.6,0
xgboost,shap,0.05,1,454,0.9842105263157893,1.0,1
xgboost,shap,0.05,1,457,0.9964912280701754,1.0,1
xgboost,shap,0.05,1,459,0.9842105263157893,1.0,1
xgboost,shap,0.05,1,464,0.863157894736842,0.6,1
xgboost,shap,0.05,1,467,0.882456140350877,0.8,1
xgboost,shap,0.05,1,471,0.9631578947368421,1.0,1
xgboost,shap,0.05,1,475,0.9456140350877192,0.8,1
xgboost,shap,0.05,1,480,0.956140350877193,0.8,1
xgboost,shap,0.05,1,495,0.9666666666666668,0.8,1
xgboost,shap,0.05,1,503,0.987719298245614,0.8,1
xgboost,shap,0.05,1,506,0.9263157894736841,0.8,1
xgboost,shap,0.05,1,521,0.9578947368421052,0.8,1
xgboost,shap,0.05,1,523,0.9473684210526316,1.0,1
xgboost,shap,0.05,1,530,0.856140350877193,0.8,1
xgboost,shap,0.05,1,547,0.9947368421052631,1.0,1
xgboost,shap,0.05,1,551,0.9105263157894736,1.0,1
xgboost,shap,0.05,1,556,0.9122807017543859,0.6,1
xgboost,shap,0.05,1,558,0.9578947368421052,1.0,1
xgboost,shap,0.05,1,559,0.8543859649122807,0.6,1
xgboost,shap,0.05,1,562,0.987719298245614,0.8,1
xgboost,shap,0.05,1,564,0.9666666666666668,0.8,0
xgboost,shap,0.05,1,572,0.687719298245614,0.8,1
xgboost,shap,0.05,1,582,0.9771929824561404,0.8,1
xgboost,shap,0.05,1,587,0.9228070175438597,0.8,1
xgboost,shap,0.05,1,590,0.9473684210526316,0.8,0
xgboost,shap,0.05,1,591,0.980701754385965,0.8,1
xgboost,shap,0.05,1,598,0.9035087719298246,0.8,0
xgboost,shap,0.05,1,605,0.9649122807017543,0.8,1
xgboost,shap,0.05,1,609,0.987719298245614,1.0,1
xgboost,shap,0.05,1,613,0.9666666666666668,1.0,1
xgboost,shap,0.05,1,619,0.9982456140350877,1.0,1
xgboost,shap,0.05,1,620,0.8912280701754386,1.0,1
xgboost,shap,0.05,1,626,0.9456140350877192,1.0,1
xgboost,shap,0.05,1,627,0.9771929824561404,0.8,1
xgboost,shap,0.05,1,637,0.9947368421052631,0.8,1
xgboost,shap,0.05,1,640,0.9789473684210527,0.8,1
xgboost,shap,0.05,1,667,0.9228070175438597,0.8,1
xgboost,shap,0.05,1,673,0.8771929824561402,0.8,0
xgboost,shap,0.05,1,687,0.9771929824561404,0.8,1
xgboost,shap,0.05,1,688,0.9596491228070174,1.0,0
xgboost,shap,0.05,1,689,0.9736842105263157,1.0,0
xgboost,shap,0.05,1,690,0.9894736842105263,1.0,1
xgboost,shap,0.05,1,693,0.9456140350877192,0.8,1
xgboost,shap,0.05,1,724,0.9842105263157893,1.0,1
xgboost,shap,0.05,1,732,0.980701754385965,1.0,1
xgboost,shap,0.05,1,740,0.956140350877193,0.8,1
xgboost,shap,0.05,1,748,0.7666666666666666,0.8,0
xgboost,shap,0.05,1,751,0.9701754385964911,1.0,0
xgboost,shap,0.05,1,752,0.8052631578947368,0.8,0
xgboost,shap,0.05,1,755,0.9368421052631579,0.8,1
xgboost,shap,0.05,1,759,0.7842105263157895,0.6,1
xgboost,shap,0.05,1,766,0.9578947368421052,0.8,1
xgboost,shap,0.05,1,786,0.7596491228070175,0.8,0
xgboost,shap,0.05,1,790,0.9701754385964911,0.8,1
xgboost,shap,0.05,1,792,0.7947368421052632,0.8,1
xgboost,shap,0.05,1,809,0.9789473684210527,1.0,1
xgboost,shap,0.05,1,812,0.8228070175438595,0.6,0
xgboost,shap,0.05,1,830,0.9614035087719298,1.0,0
xgboost,shap,0.05,1,845,0.9684210526315788,1.0,1
xgboost,shap,0.05,1,847,1.0,1.0,1
xgboost,shap,0.05,1,848,0.9596491228070174,0.8,1
xgboost,shap,0.05,1,850,0.9596491228070174,0.8,1
xgboost,shap,0.05,1,860,0.9526315789473684,0.8,1
xgboost,shap,0.05,1,864,0.9684210526315788,0.8,1
xgboost,shap,0.05,1,869,0.9701754385964911,0.8,0
xgboost,shap,0.05,1,872,0.9596491228070174,1.0,0
xgboost,shap,0.05,1,874,0.9614035087719298,1.0,1
xgboost,shap,0.05,1,875,0.9771929824561404,0.8,1
xgboost,shap,0.05,1,878,0.9894736842105263,1.0,1
xgboost,shap,0.05,1,880,0.9298245614035087,0.8,0
xgboost,shap,0.05,1,886,0.9719298245614034,1.0,1
xgboost,shap,0.05,1,889,0.9368421052631579,1.0,1
xgboost,shap,0.05,1,896,0.9543859649122807,0.8,1
xgboost,shap,0.05,1,900,0.9649122807017543,1.0,1
xgboost,shap,0.05,1,904,0.8912280701754386,1.0,1
xgboost,shap,0.05,1,908,0.9491228070175438,1.0,1
xgboost,shap,0.05,1,927,0.9666666666666668,1.0,1
xgboost,shap,0.05,1,934,0.8245614035087718,0.6,1
xgboost,shap,0.05,1,939,0.8929824561403509,1.0,1
xgboost,shap,0.05,1,943,0.9403508771929823,1.0,1
xgboost,shap,0.05,1,945,0.8736842105263157,0.8,0
xgboost,shap,0.05,1,954,0.9614035087719298,0.8,1
xgboost,shap,0.05,1,959,0.9035087719298246,0.8,1
xgboost,shap,0.05,1,961,0.9912280701754386,1.0,1
xgboost,shap,0.05,1,967,0.6666666666666666,0.8,0
xgboost,shap,0.05,1,976,0.9263157894736841,0.8,1
xgboost,shap,0.05,1,990,0.9649122807017543,0.8,1
xgboost,shap,0.05,1,993,0.8140350877192982,0.8,0
xgboost,shap,0.05,1,996,0.9175438596491228,1.0,0
xgboost,shap,0.05,1,1014,0.9894736842105263,1.0,1
xgboost,shap,0.05,1,1015,0.980701754385965,1.0,1
xgboost,shap,0.05,1,1019,0.975438596491228,1.0,1
xgboost,shap,0.05,1,1023,0.7684210526315789,0.8,1
xgboost,shap,0.05,1,1027,0.9719298245614034,1.0,1
xgboost,shap,0.05,1,1028,0.8842105263157896,1.0,0
xgboost,shap,0.05,1,1031,0.980701754385965,1.0,1
xgboost,shap,0.05,1,1039,0.9859649122807018,1.0,1
xgboost,shap,0.05,1,1043,0.7350877192982455,0.8,1
xgboost,shap,0.05,1,1052,0.7842105263157895,1.0,0
xgboost,shap,0.05,1,1063,0.8421052631578947,0.8,1
xgboost,shap,0.05,1,1065,0.9052631578947368,0.8,1
xgboost,shap,0.05,1,1070,0.8035087719298245,0.8,1
xgboost,shap,0.05,1,1073,0.9350877192982456,1.0,0
xgboost,shap,0.05,1,1077,0.9859649122807018,1.0,0
xgboost,shap,0.05,1,1087,0.9929824561403509,1.0,1
xgboost,shap,0.05,1,1092,0.987719298245614,0.8,1
xgboost,shap,0.05,1,1100,0.8649122807017543,1.0,1
xgboost,shap,0.05,1,1112,0.7701754385964912,0.6,0
xgboost,shap,0.05,1,1116,0.9368421052631579,0.8,1
xgboost,shap,0.05,1,1119,0.956140350877193,1.0,1
xgboost,shap,0.05,1,1137,0.9684210526315788,0.8,1
xgboost,shap,0.05,1,1138,0.9964912280701754,1.0,1
xgboost,shap,0.05,1,1151,0.9947368421052631,1.0,1
xgboost,shap,0.05,1,1152,0.9403508771929823,1.0,0
xgboost,shap,0.05,1,1160,0.9929824561403509,1.0,0
xgboost,shap,0.05,1,1167,0.9263157894736841,0.6,1
xgboost,shap,0.05,1,1187,0.9157894736842105,0.8,1
xgboost,shap,0.05,1,1209,0.9017543859649122,0.8,0
xgboost,shap,0.05,1,1214,0.9614035087719298,1.0,1
xgboost,shap,0.05,1,1227,0.8473684210526315,1.0,1
xgboost,shap,0.05,1,1237,0.9263157894736841,0.8,1
xgboost,shap,0.05,1,1246,0.9964912280701754,0.8,1
xgboost,shap,0.05,1,1256,0.987719298245614,0.8,1
xgboost,shap,0.05,1,1259,0.9824561403508772,1.0,1
xgboost,shap,0.05,1,1299,0.9122807017543859,0.8,1
xgboost,shap,0.05,1,1300,0.9789473684210527,0.8,0
xgboost,shap,0.05,1,1309,0.9543859649122807,1.0,1
xgboost,shap,0.05,1,1314,0.9578947368421052,1.0,1
xgboost,shap,0.05,1,1316,0.9070175438596491,0.8,1
xgboost,shap,0.05,1,1322,0.887719298245614,0.8,1
xgboost,shap,0.05,1,1339,0.9403508771929823,0.8,1
xgboost,shap,0.05,1,1340,0.8719298245614034,0.8,1
xgboost,shap,0.05,1,1343,0.9491228070175438,0.8,1
xgboost,shap,0.05,1,1344,0.987719298245614,0.8,1
xgboost,shap,0.05,1,1348,0.9929824561403509,0.8,1
xgboost,shap,0.05,1,1351,0.9526315789473684,1.0,1
xgboost,shap,0.05,1,1354,0.743859649122807,0.8,1
xgboost,shap,0.05,1,1360,0.9491228070175438,1.0,0
xgboost,shap,0.05,1,1368,0.9473684210526316,1.0,0
xgboost,shap,0.05,1,1379,0.9421052631578948,0.8,1
xgboost,shap,0.05,1,1383,0.9491228070175438,0.6,1
xgboost,shap,0.05,1,1389,0.9982456140350877,1.0,0
xgboost,shap,0.05,1,1392,0.9666666666666668,0.8,1
xgboost,shap,0.05,1,1395,0.9631578947368421,1.0,1
xgboost,shap,0.05,2,9,0.843859649122807,1.0,1
xgboost,shap,0.05,2,31,0.9859649122807018,1.0,1
xgboost,shap,0.05,2,41,0.9192982456140351,0.6,1
xgboost,shap,0.05,2,46,0.9894736842105263,1.0,0
xgboost,shap,0.05,2,49,0.9385964912280702,0.8,1
xgboost,shap,0.05,2,55,0.9596491228070174,1.0,1
xgboost,shap,0.05,2,79,1.0,1.0,1
xgboost,shap,0.05,2,84,0.8368421052631579,0.8,1
xgboost,shap,0.05,2,97,0.8508771929824561,0.8,1
xgboost,shap,0.05,2,104,0.9982456140350877,1.0,1
xgboost,shap,0.05,2,105,0.9842105263157893,0.8,1
xgboost,shap,0.05,2,107,1.0,1.0,1
xgboost,shap,0.05,2,114,0.9649122807017543,1.0,1
xgboost,shap,0.05,2,121,0.9964912280701754,1.0,1
xgboost,shap,0.05,2,122,0.9105263157894736,1.0,1
xgboost,shap,0.05,2,123,0.9894736842105263,1.0,0
xgboost,shap,0.05,2,125,0.956140350877193,0.8,1
xgboost,shap,0.05,2,146,0.9473684210526316,0.8,0
xgboost,shap,0.05,2,151,0.9947368421052631,1.0,1
xgboost,shap,0.05,2,156,0.863157894736842,0.8,1
xgboost,shap,0.05,2,165,0.9649122807017543,0.6,1
xgboost,shap,0.05,2,166,0.882456140350877,1.0,1
xgboost,shap,0.05,2,171,0.9666666666666668,1.0,1
xgboost,shap,0.05,2,182,0.9403508771929823,0.8,1
xgboost,shap,0.05,2,184,0.8,0.8,1
xgboost,shap,0.05,2,194,0.9456140350877192,0.8,1
xgboost,shap,0.05,2,205,0.9421052631578948,0.8,1
xgboost,shap,0.05,2,206,0.9175438596491228,0.8,0
xgboost,shap,0.05,2,211,0.9614035087719298,1.0,1
xgboost,shap,0.05,2,223,0.9210526315789472,1.0,0
xgboost,shap,0.05,2,224,0.9842105263157893,1.0,1
xgboost,shap,0.05,2,229,0.987719298245614,1.0,1
xgboost,shap,0.05,2,231,0.987719298245614,0.8,1
xgboost,shap,0.05,2,241,0.9964912280701754,1.0,0
xgboost,shap,0.05,2,244,0.9912280701754386,1.0,1
xgboost,shap,0.05,2,261,0.9929824561403509,1.0,1
xgboost,shap,0.05,2,281,0.9666666666666668,1.0,1
xgboost,shap,0.05,2,289,0.9350877192982456,0.8,1
xgboost,shap,0.05,2,291,0.8649122807017543,0.8,1
xgboost,shap,0.05,2,311,0.9701754385964911,1.0,1
xgboost,shap,0.05,2,316,0.9035087719298246,0.8,1
xgboost,shap,0.05,2,325,0.9421052631578948,1.0,1
xgboost,shap,0.05,2,332,0.9245614035087718,1.0,1
xgboost,shap,0.05,2,344,0.9982456140350877,1.0,1
xgboost,shap,0.05,2,364,0.9210526315789472,0.8,1
xgboost,shap,0.05,2,372,0.8771929824561402,0.8,1
xgboost,shap,0.05,2,375,0.9894736842105263,1.0,1
xgboost,shap,0.05,2,381,0.9315789473684211,1.0,1
xgboost,shap,0.05,2,398,0.6298245614035087,0.6,1
xgboost,shap,0.05,2,403,0.943859649122807,0.8,0
xgboost,shap,0.05,2,407,0.9666666666666668,1.0,1
xgboost,shap,0.05,2,414,0.8070175438596491,0.8,1
xgboost,shap,0.05,2,420,0.9824561403508772,0.8,1
xgboost,shap,0.05,2,423,0.956140350877193,0.8,1
xgboost,shap,0.05,2,440,0.956140350877193,0.8,1
xgboost,shap,0.05,2,442,0.9140350877192982,0.8,0
xgboost,shap,0.05,2,454,0.9929824561403509,1.0,1
xgboost,shap,0.05,2,457,0.9947368421052631,1.0,1
xgboost,shap,0.05,2,459,0.9912280701754386,1.0,1
xgboost,shap,0.05,2,464,0.9140350877192982,0.8,0
xgboost,shap,0.05,2,467,0.9736842105263157,0.8,1
xgboost,shap,0.05,2,471,0.9157894736842105,0.8,1
xgboost,shap,0.05,2,475,0.8912280701754386,0.6,1
xgboost,shap,0.05,2,480,0.9649122807017543,1.0,0
xgboost,shap,0.05,2,495,0.9701754385964911,0.8,0
xgboost,shap,0.05,2,503,0.9929824561403509,1.0,1
xgboost,shap,0.05,2,506,0.9596491228070174,1.0,0
xgboost,shap,0.05,2,521,0.9666666666666668,0.8,1
xgboost,shap,0.05,2,523,0.8614035087719297,0.8,1
xgboost,shap,0.05,2,530,0.5473684210526315,0.6,1
xgboost,shap,0.05,2,547,0.9526315789473684,0.8,1
xgboost,shap,0.05,2,551,0.9701754385964911,0.8,1
xgboost,shap,0.05,2,556,0.9824561403508772,0.8,1
xgboost,shap,0.05,2,558,0.9719298245614034,1.0,1
xgboost,shap,0.05,2,559,0.8912280701754386,0.8,1
xgboost,shap,0.05,2,562,0.7210526315789473,0.8,1
xgboost,shap,0.05,2,564,0.9526315789473684,0.8,0
xgboost,shap,0.05,2,572,0.7912280701754386,0.8,1
xgboost,shap,0.05,2,582,0.736842105263158,0.6,1
xgboost,shap,0.05,2,587,0.9842105263157893,0.8,1
xgboost,shap,0.05,2,590,0.9842105263157893,1.0,0
xgboost,shap,0.05,2,591,0.9508771929824561,1.0,1
xgboost,shap,0.05,2,598,0.9491228070175438,0.8,0
xgboost,shap,0.05,2,605,0.9105263157894736,0.8,1
xgboost,shap,0.05,2,609,0.9385964912280702,0.8,1
xgboost,shap,0.05,2,613,0.9964912280701754,1.0,1
xgboost,shap,0.05,2,619,0.9385964912280702,1.0,1
xgboost,shap,0.05,2,620,0.9070175438596491,1.0,1
xgboost,shap,0.05,2,626,0.8543859649122807,1.0,1
xgboost,shap,0.05,2,627,0.9789473684210527,0.8,1
xgboost,shap,0.05,2,637,0.8403508771929825,0.8,0
xgboost,shap,0.05,2,640,0.9789473684210527,0.8,1
xgboost,shap,0.05,2,667,0.9771929824561404,1.0,1
xgboost,shap,0.05,2,673,0.8403508771929825,0.6,0
xgboost,shap,0.05,2,687,0.7456140350877193,0.8,0
xgboost,shap,0.05,2,688,0.9263157894736841,0.8,0
xgboost,shap,0.05,2,689,0.8929824561403509,0.8,0
xgboost,shap,0.05,2,690,0.9280701754385964,1.0,1
xgboost,shap,0.05,2,693,0.9508771929824561,1.0,1
xgboost,shap,0.05,2,724,0.9824561403508772,1.0,1
xgboost,shap,0.05,2,732,0.8912280701754386,0.8,0
xgboost,shap,0.05,2,740,0.9491228070175438,0.8,1
xgboost,shap,0.05,2,748,0.9105263157894736,0.8,0
xgboost,shap,0.05,2,751,0.956140350877193,1.0,1
xgboost,shap,0.05,2,752,0.9087719298245613,0.8,0
xgboost,shap,0.05,2,755,0.9543859649122807,1.0,1
xgboost,shap,0.05,2,759,0.887719298245614,0.8,1
xgboost,shap,0.05,2,766,0.987719298245614,1.0,1
xgboost,shap,0.05,2,786,0.9859649122807018,0.8,0
xgboost,shap,0.05,2,790,0.9578947368421052,0.8,1
xgboost,shap,0.05,2,792,0.7245614035087719,0.8,1
xgboost,shap,0.05,2,809,0.956140350877193,1.0,1
xgboost,shap,0.05,2,812,0.8754385964912281,0.8,1
xgboost,shap,0.05,2,830,0.9666666666666668,0.8,1
xgboost,shap,0.05,2,845,0.9929824561403509,1.0,1
xgboost,shap,0.05,2,847,0.787719298245614,0.8,1
xgboost,shap,0.05,2,848,0.9596491228070174,0.8,1
xgboost,shap,0.05,2,850,0.882456140350877,0.8,1
xgboost,shap,0.05,2,860,0.956140350877193,0.8,1
xgboost,shap,0.05,2,864,0.9614035087719298,0.8,1
xgboost,shap,0.05,2,869,0.9596491228070174,0.8,0
xgboost,shap,0.05,2,872,0.9228070175438597,0.8,0
xgboost,shap,0.05,2,874,0.9456140350877192,0.8,1
xgboost,shap,0.05,2,875,0.980701754385965,1.0,1
xgboost,shap,0.05,2,878,0.9736842105263157,1.0,1
xgboost,shap,0.05,2,880,0.9859649122807018,1.0,1
xgboost,shap,0.05,2,886,0.9350877192982456,1.0,1
xgboost,shap,0.05,2,889,0.9543859649122807,0.8,1
xgboost,shap,0.05,2,896,0.9245614035087718,0.8,1
xgboost,shap,0.05,2,900,0.9684210526315788,0.8,1
xgboost,shap,0.05,2,904,0.8964912280701753,1.0,0
xgboost,shap,0.05,2,908,1.0,1.0,1
xgboost,shap,0.05,2,927,0.9736842105263157,1.0,1
xgboost,shap,0.05,2,934,0.8157894736842105,0.6,1
xgboost,shap,0.05,2,939,0.9333333333333333,1.0,1
xgboost,shap,0.05,2,943,0.9245614035087718,0.8,1
xgboost,shap,0.05,2,945,0.8421052631578947,0.8,0
xgboost,shap,0.05,2,954,0.9789473684210527,1.0,0
xgboost,shap,0.05,2,959,0.6824561403508772,0.8,0
xgboost,shap,0.05,2,961,0.9894736842105263,0.8,1
xgboost,shap,0.05,2,967,0.9701754385964911,1.0,0
xgboost,shap,0.05,2,976,0.9333333333333333,0.8,1
xgboost,shap,0.05,2,990,0.9543859649122807,1.0,1
xgboost,shap,0.05,2,993,0.787719298245614,0.8,0
xgboost,shap,0.05,2,996,0.9719298245614034,1.0,1
xgboost,shap,0.05,2,1014,0.987719298245614,1.0,1
xgboost,shap,0.05,2,1015,0.9719298245614034,1.0,1
xgboost,shap,0.05,2,1019,0.943859649122807,0.8,1
xgboost,shap,0.05,2,1023,0.843859649122807,1.0,1
xgboost,shap,0.05,2,1027,0.9929824561403509,1.0,1
xgboost,shap,0.05,2,1028,0.8649122807017543,1.0,1
xgboost,shap,0.05,2,1031,0.7473684210526316,0.6,1
xgboost,shap,0.05,2,1039,0.9842105263157893,1.0,1
xgboost,shap,0.05,2,1043,0.8736842105263157,1.0,1
xgboost,shap,0.05,2,1052,0.6947368421052632,0.8,0
xgboost,shap,0.05,2,1063,0.8842105263157896,0.8,1
xgboost,shap,0.05,2,1065,0.9070175438596491,0.8,1
xgboost,shap,0.05,2,1070,0.9298245614035087,1.0,1
xgboost,shap,0.05,2,1073,0.8842105263157896,1.0,0
xgboost,shap,0.05,2,1077,0.9578947368421052,0.8,0
xgboost,shap,0.05,2,1087,0.956140350877193,0.8,1
xgboost,shap,0.05,2,1092,0.9842105263157893,0.8,1
xgboost,shap,0.05,2,1100,0.9701754385964911,0.8,1
xgboost,shap,0.05,2,1112,0.9350877192982456,1.0,0
xgboost,shap,0.05,2,1116,0.8526315789473684,1.0,0
xgboost,shap,0.05,2,1119,0.8789473684210527,0.8,1
xgboost,shap,0.05,2,1137,0.9385964912280702,0.6,0
xgboost,shap,0.05,2,1138,0.9719298245614034,1.0,0
xgboost,shap,0.05,2,1151,0.956140350877193,1.0,1
xgboost,shap,0.05,2,1152,0.882456140350877,0.8,0
xgboost,shap,0.05,2,1160,0.9929824561403509,1.0,1
xgboost,shap,0.05,2,1167,0.9578947368421052,0.6,1
xgboost,shap,0.05,2,1187,0.7912280701754386,0.8,1
xgboost,shap,0.05,2,1209,0.9701754385964911,1.0,0
xgboost,shap,0.05,2,1214,0.7824561403508771,0.8,1
xgboost,shap,0.05,2,1227,0.9122807017543859,0.8,1
xgboost,shap,0.05,2,1237,0.7473684210526316,0.4,1
xgboost,shap,0.05,2,1246,0.9982456140350877,1.0,1
xgboost,shap,0.05,2,1256,0.9368421052631579,0.8,1
xgboost,shap,0.05,2,1259,0.9543859649122807,0.8,1
xgboost,shap,0.05,2,1299,0.9736842105263157,0.8,1
xgboost,shap,0.05,2,1300,0.7543859649122807,0.6,1
xgboost,shap,0.05,2,1309,0.9543859649122807,1.0,1
xgboost,shap,0.05,2,1314,0.9842105263157893,1.0,1
xgboost,shap,0.05,2,1316,0.687719298245614,0.8,1
xgboost,shap,0.05,2,1322,0.9122807017543859,0.8,1
xgboost,shap,0.05,2,1339,0.9719298245614034,0.6,1
xgboost,shap,0.05,2,1340,0.8964912280701753,0.8,1
xgboost,shap,0.05,2,1343,0.8403508771929825,0.8,1
xgboost,shap,0.05,2,1344,0.9894736842105263,0.8,1
xgboost,shap,0.05,2,1348,0.9842105263157893,1.0,1
xgboost,shap,0.05,2,1351,0.9421052631578948,0.8,1
xgboost,shap,0.05,2,1354,0.8315789473684211,0.8,1
xgboost,shap,0.05,2,1360,0.9192982456140351,0.8,1
xgboost,shap,0.05,2,1368,0.9245614035087718,0.8,1
xgboost,shap,0.05,2,1379,0.843859649122807,0.8,1
xgboost,shap,0.05,2,1383,0.9719298245614034,0.8,1
xgboost,shap,0.05,2,1389,0.8473684210526315,1.0,0
xgboost,shap,0.05,2,1392,0.9649122807017543,0.8,1
xgboost,shap,0.05,2,1395,0.882456140350877,0.6,1
xgboost,shap,0.1,0,9,0.8140350877192982,0.8,1
xgboost,shap,0.1,0,31,0.9631578947368421,1.0,1
xgboost,shap,0.1,0,41,0.7543859649122807,0.8,1
xgboost,shap,0.1,0,46,0.8736842105263157,1.0,0
xgboost,shap,0.1,0,49,0.9070175438596491,0.8,1
xgboost,shap,0.1,0,55,0.9684210526315788,0.8,1
xgboost,shap,0.1,0,79,0.9842105263157893,1.0,0
xgboost,shap,0.1,0,84,0.7964912280701755,0.8,1
xgboost,shap,0.1,0,97,0.8982456140350877,0.6,1
xgboost,shap,0.1,0,104,0.9491228070175438,0.8,1
xgboost,shap,0.1,0,105,0.9315789473684211,0.6,1
xgboost,shap,0.1,0,107,0.9280701754385964,0.8,1
xgboost,shap,0.1,0,114,0.8912280701754386,0.6,1
xgboost,shap,0.1,0,121,0.9614035087719298,0.8,1
xgboost,shap,0.1,0,122,0.9842105263157893,1.0,1
xgboost,shap,0.1,0,123,0.9789473684210527,1.0,0
xgboost,shap,0.1,0,125,0.8789473684210527,0.6,0
xgboost,shap,0.1,0,146,0.8719298245614034,0.8,0
xgboost,shap,0.1,0,151,0.9771929824561404,1.0,1
xgboost,shap,0.1,0,156,0.9,0.8,1
xgboost,shap,0.1,0,165,0.9789473684210527,0.8,1
xgboost,shap,0.1,0,166,0.8754385964912281,1.0,1
xgboost,shap,0.1,0,171,0.9859649122807018,1.0,1
xgboost,shap,0.1,0,182,0.8157894736842105,0.6,1
xgboost,shap,0.1,0,184,0.7789473684210525,0.8,1
xgboost,shap,0.1,0,194,0.6754385964912282,0.6,1
xgboost,shap,0.1,0,205,0.9052631578947368,0.8,1
xgboost,shap,0.1,0,206,0.9175438596491228,0.8,0
xgboost,shap,0.1,0,211,0.8964912280701753,1.0,0
xgboost,shap,0.1,0,223,0.8070175438596491,0.6,0
xgboost,shap,0.1,0,224,0.8964912280701753,0.6,1
xgboost,shap,0.1,0,229,0.9210526315789472,0.8,1
xgboost,shap,0.1,0,231,0.9403508771929823,0.8,1
xgboost,shap,0.1,0,241,0.9,1.0,1
xgboost,shap,0.1,0,244,0.9578947368421052,1.0,1
xgboost,shap,0.1,0,261,0.7087719298245614,0.8,1
xgboost,shap,0.1,0,281,0.8842105263157896,1.0,1
xgboost,shap,0.1,0,289,0.6807017543859648,0.8,1
xgboost,shap,0.1,0,291,0.7982456140350876,0.8,1
xgboost,shap,0.1,0,311,0.8421052631578947,0.8,1
xgboost,shap,0.1,0,316,0.9192982456140351,1.0,1
xgboost,shap,0.1,0,325,0.9456140350877192,1.0,1
xgboost,shap,0.1,0,332,0.8280701754385964,0.8,1
xgboost,shap,0.1,0,344,0.9456140350877192,1.0,1
xgboost,shap,0.1,0,364,0.9280701754385964,0.8,0
xgboost,shap,0.1,0,372,0.7982456140350876,0.8,1
xgboost,shap,0.1,0,375,0.8,0.8,1
xgboost,shap,0.1,0,381,0.9,1.0,1
xgboost,shap,0.1,0,398,0.6912280701754386,0.6,1
xgboost,shap,0.1,0,403,0.987719298245614,1.0,1
xgboost,shap,0.1,0,407,0.7614035087719299,0.8,1
xgboost,shap,0.1,0,414,0.9894736842105263,1.0,1
xgboost,shap,0.1,0,420,0.9035087719298246,0.6,0
xgboost,shap,0.1,0,423,0.9087719298245613,0.6,1
xgboost,shap,0.1,0,440,0.9824561403508772,1.0,1
xgboost,shap,0.1,0,442,0.9666666666666668,0.8,1
xgboost,shap,0.1,0,454,0.9614035087719298,0.8,1
xgboost,shap,0.1,0,457,0.9017543859649122,0.8,1
xgboost,shap,0.1,0,459,0.9543859649122807,0.8,1
xgboost,shap,0.1,0,464,0.8719298245614034,0.8,0
xgboost,shap,0.1,0,467,0.8596491228070176,0.8,1
xgboost,shap,0.1,0,471,0.8719298245614034,0.8,1
xgboost,shap,0.1,0,475,0.8596491228070176,0.6,1
xgboost,shap,0.1,0,480,0.9666666666666668,0.6,1
xgboost,shap,0.1,0,495,0.9614035087719298,0.8,0
xgboost,shap,0.1,0,503,0.9614035087719298,1.0,1
xgboost,shap,0.1,0,506,0.8473684210526315,0.8,0
xgboost,shap,0.1,0,521,0.7614035087719299,0.8,1
xgboost,shap,0.1,0,523,0.882456140350877,1.0,1
xgboost,shap,0.1,0,530,0.9543859649122807,0.8,1
xgboost,shap,0.1,0,547,0.9508771929824561,0.8,1
xgboost,shap,0.1,0,551,0.9315789473684211,1.0,1
xgboost,shap,0.1,0,556,0.9052631578947368,0.6,1
xgboost,shap,0.1,0,558,0.9368421052631579,0.8,1
xgboost,shap,0.1,0,559,0.83859649122807,0.6,1
xgboost,shap,0.1,0,562,0.743859649122807,0.8,1
xgboost,shap,0.1,0,564,0.956140350877193,0.8,0
xgboost,shap,0.1,0,572,0.8578947368421052,0.8,1
xgboost,shap,0.1,0,582,0.9298245614035087,0.8,1
xgboost,shap,0.1,0,587,0.8719298245614034,0.8,1
xgboost,shap,0.1,0,590,0.83859649122807,0.8,0
xgboost,shap,0.1,0,591,0.9350877192982456,1.0,0
xgboost,shap,0.1,0,598,0.9596491228070174,0.8,0
xgboost,shap,0.1,0,605,0.9263157894736841,1.0,1
xgboost,shap,0.1,0,609,0.9456140350877192,0.8,1
xgboost,shap,0.1,0,613,0.9789473684210527,0.8,0
xgboost,shap,0.1,0,619,0.9385964912280702,1.0,1
xgboost,shap,0.1,0,620,0.9631578947368421,1.0,1
xgboost,shap,0.1,0,626,0.8771929824561402,0.8,1
xgboost,shap,0.1,0,627,0.987719298245614,1.0,1
xgboost,shap,0.1,0,637,0.9473684210526316,1.0,1
xgboost,shap,0.1,0,640,0.9859649122807018,0.8,1
xgboost,shap,0.1,0,667,0.9701754385964911,1.0,1
xgboost,shap,0.1,0,673,0.887719298245614,0.8,0
xgboost,shap,0.1,0,687,0.9491228070175438,1.0,0
xgboost,shap,0.1,0,688,0.9631578947368421,0.8,1
xgboost,shap,0.1,0,689,0.9894736842105263,1.0,0
xgboost,shap,0.1,0,690,0.9298245614035087,1.0,1
xgboost,shap,0.1,0,693,0.9456140350877192,1.0,1
xgboost,shap,0.1,0,724,0.8701754385964912,0.8,1
xgboost,shap,0.1,0,732,0.8263157894736841,1.0,0
xgboost,shap,0.1,0,740,0.9263157894736841,0.8,1
xgboost,shap,0.1,0,748,0.863157894736842,0.8,0
xgboost,shap,0.1,0,751,0.9368421052631579,1.0,0
xgboost,shap,0.1,0,752,0.956140350877193,0.8,0
xgboost,shap,0.1,0,755,0.9333333333333333,0.8,1
xgboost,shap,0.1,0,759,0.9526315789473684,1.0,1
xgboost,shap,0.1,0,766,0.8350877192982457,0.8,1
xgboost,shap,0.1,0,786,0.956140350877193,0.8,0
xgboost,shap,0.1,0,790,0.8245614035087718,1.0,1
xgboost,shap,0.1,0,792,0.719298245614035,0.8,1
xgboost,shap,0.1,0,809,0.8684210526315789,1.0,0
xgboost,shap,0.1,0,812,0.780701754385965,0.6,0
xgboost,shap,0.1,0,830,0.9684210526315788,1.0,1
xgboost,shap,0.1,0,845,0.943859649122807,0.8,1
xgboost,shap,0.1,0,847,0.9508771929824561,0.8,0
xgboost,shap,0.1,0,848,0.9771929824561404,1.0,1
xgboost,shap,0.1,0,850,0.9649122807017543,0.8,1
xgboost,shap,0.1,0,860,0.8508771929824561,0.8,1
xgboost,shap,0.1,0,864,0.9614035087719298,0.8,1
xgboost,shap,0.1,0,869,0.8666666666666666,0.8,0
xgboost,shap,0.1,0,872,0.9280701754385964,0.8,0
xgboost,shap,0.1,0,874,0.8859649122807017,0.8,1
xgboost,shap,0.1,0,875,0.8807017543859648,1.0,1
xgboost,shap,0.1,0,878,0.9228070175438597,1.0,1
xgboost,shap,0.1,0,880,0.9614035087719298,0.8,1
xgboost,shap,0.1,0,886,0.9508771929824561,0.8,1
xgboost,shap,0.1,0,889,0.9368421052631579,1.0,1
xgboost,shap,0.1,0,896,0.9614035087719298,0.8,0
xgboost,shap,0.1,0,900,0.9157894736842105,0.8,1
xgboost,shap,0.1,0,904,0.943859649122807,1.0,1
xgboost,shap,0.1,0,908,0.9403508771929823,1.0,1
xgboost,shap,0.1,0,927,0.9596491228070174,0.8,1
xgboost,shap,0.1,0,934,0.980701754385965,0.8,0
xgboost,shap,0.1,0,939,0.9736842105263157,1.0,1
xgboost,shap,0.1,0,943,0.887719298245614,0.6,1
xgboost,shap,0.1,0,945,0.9403508771929823,1.0,0
xgboost,shap,0.1,0,954,0.9403508771929823,0.6,1
xgboost,shap,0.1,0,959,0.736842105263158,0.6,0
xgboost,shap,0.1,0,961,0.9859649122807018,0.8,1
xgboost,shap,0.1,0,967,0.7298245614035088,0.8,0
xgboost,shap,0.1,0,976,0.8315789473684211,0.6,1
xgboost,shap,0.1,0,990,0.9578947368421052,0.8,1
xgboost,shap,0.1,0,993,0.9087719298245613,0.8,0
xgboost,shap,0.1,0,996,0.9070175438596491,1.0,1
xgboost,shap,0.1,0,1014,0.9210526315789472,0.8,1
xgboost,shap,0.1,0,1015,0.9771929824561404,1.0,0
xgboost,shap,0.1,0,1019,0.8596491228070176,0.8,1
xgboost,shap,0.1,0,1023,0.9263157894736841,0.8,1
xgboost,shap,0.1,0,1027,0.9649122807017543,1.0,1
xgboost,shap,0.1,0,1028,0.9210526315789472,0.8,0
xgboost,shap,0.1,0,1031,0.8473684210526315,0.8,1
xgboost,shap,0.1,0,1039,0.9719298245614034,1.0,0
xgboost,shap,0.1,0,1043,0.9456140350877192,1.0,1
xgboost,shap,0.1,0,1052,0.9929824561403509,1.0,0
xgboost,shap,0.1,0,1063,0.8859649122807017,0.8,1
xgboost,shap,0.1,0,1065,0.7789473684210525,0.8,1
xgboost,shap,0.1,0,1070,0.8421052631578947,0.8,1
xgboost,shap,0.1,0,1073,0.9333333333333333,1.0,1
xgboost,shap,0.1,0,1077,0.980701754385965,1.0,1
xgboost,shap,0.1,0,1087,0.9052631578947368,0.8,1
xgboost,shap,0.1,0,1092,0.9964912280701754,1.0,1
xgboost,shap,0.1,0,1100,0.9508771929824561,0.8,1
xgboost,shap,0.1,0,1112,0.8122807017543859,0.8,0
xgboost,shap,0.1,0,1116,0.9140350877192982,1.0,0
xgboost,shap,0.1,0,1119,0.8175438596491227,0.8,1
xgboost,shap,0.1,0,1137,0.9684210526315788,0.8,0
xgboost,shap,0.1,0,1138,0.9473684210526316,0.8,0
xgboost,shap,0.1,0,1151,0.9947368421052631,1.0,1
xgboost,shap,0.1,0,1152,0.8912280701754386,0.8,0
xgboost,shap,0.1,0,1160,0.9614035087719298,1.0,0
xgboost,shap,0.1,0,1167,0.9894736842105263,1.0,1
xgboost,shap,0.1,0,1187,0.9508771929824561,0.8,1
xgboost,shap,0.1,0,1209,0.863157894736842,0.6,0
xgboost,shap,0.1,0,1214,0.9385964912280702,1.0,1
xgboost,shap,0.1,0,1227,0.9122807017543859,1.0,1
xgboost,shap,0.1,0,1237,0.7929824561403509,0.6,1
xgboost,shap,0.1,0,1246,0.9964912280701754,1.0,1
xgboost,shap,0.1,0,1256,0.9210526315789472,0.8,1
xgboost,shap,0.1,0,1259,0.9070175438596491,0.8,0
xgboost,shap,0.1,0,1299,0.8280701754385964,0.8,1
xgboost,shap,0.1,0,1300,0.9526315789473684,0.8,0
xgboost,shap,0.1,0,1309,0.9333333333333333,1.0,1
xgboost,shap,0.1,0,1314,0.8526315789473684,1.0,0
xgboost,shap,0.1,0,1316,0.6263157894736843,0.6,1
xgboost,shap,0.1,0,1322,0.6824561403508772,0.6,0
xgboost,shap,0.1,0,1339,0.9631578947368421,0.8,1
xgboost,shap,0.1,0,1340,0.6087719298245614,0.6,1
xgboost,shap,0.1,0,1343,0.8666666666666666,0.8,1
xgboost,shap,0.1,0,1344,0.9666666666666668,0.8,1
xgboost,shap,0.1,0,1348,0.9263157894736841,0.6,1
xgboost,shap,0.1,0,1351,0.9964912280701754,1.0,1
xgboost,shap,0.1,0,1354,0.9140350877192982,0.8,1
xgboost,shap,0.1,0,1360,0.9035087719298246,1.0,0
xgboost,shap,0.1,0,1368,0.8245614035087718,1.0,1
xgboost,shap,0.1,0,1379,0.9964912280701754,1.0,1
xgboost,shap,0.1,0,1383,0.9701754385964911,0.8,1
xgboost,shap,0.1,0,1389,0.9842105263157893,0.8,1
xgboost,shap,0.1,0,1392,0.9684210526315788,0.6,1
xgboost,shap,0.1,0,1395,0.863157894736842,0.6,0
xgboost,shap,0.1,1,9,0.719298245614035,0.8,1
xgboost,shap,0.1,1,31,0.9789473684210527,1.0,1
xgboost,shap,0.1,1,41,0.9298245614035087,0.8,1
xgboost,shap,0.1,1,46,0.8964912280701753,1.0,1
xgboost,shap,0.1,1,49,0.9035087719298246,0.8,1
xgboost,shap,0.1,1,55,0.8859649122807017,1.0,1
xgboost,shap,0.1,1,79,0.9350877192982456,1.0,0
xgboost,shap,0.1,1,84,0.7754385964912281,0.8,1
xgboost,shap,0.1,1,97,0.9035087719298246,0.6,1
xgboost,shap,0.1,1,104,0.6596491228070176,0.8,1
xgboost,shap,0.1,1,105,0.8894736842105263,0.8,1
xgboost,shap,0.1,1,107,0.9719298245614034,1.0,1
xgboost,shap,0.1,1,114,0.9578947368421052,1.0,0
xgboost,shap,0.1,1,121,0.9614035087719298,1.0,1
xgboost,shap,0.1,1,122,0.8807017543859648,1.0,1
xgboost,shap,0.1,1,123,0.8701754385964912,1.0,0
xgboost,shap,0.1,1,125,0.943859649122807,1.0,1
xgboost,shap,0.1,1,146,0.980701754385965,0.8,1
xgboost,shap,0.1,1,151,0.9456140350877192,1.0,1
xgboost,shap,0.1,1,156,0.9771929824561404,1.0,1
xgboost,shap,0.1,1,165,0.9385964912280702,0.6,1
xgboost,shap,0.1,1,166,0.6035087719298246,0.6,1
xgboost,shap,0.1,1,171,0.9719298245614034,0.8,1
xgboost,shap,0.1,1,182,0.743859649122807,0.4,1
xgboost,shap,0.1,1,184,0.7543859649122807,0.8,1
xgboost,shap,0.1,1,194,0.9578947368421052,0.6,1
xgboost,shap,0.1,1,205,0.9421052631578948,1.0,1
xgboost,shap,0.1,1,206,0.9578947368421052,0.8,1
xgboost,shap,0.1,1,211,0.9614035087719298,1.0,1
xgboost,shap,0.1,1,223,0.9,1.0,1
xgboost,shap,0.1,1,224,0.9350877192982456,0.8,1
xgboost,shap,0.1,1,229,0.980701754385965,1.0,1
xgboost,shap,0.1,1,231,0.9473684210526316,0.8,1
xgboost,shap,0.1,1,241,0.956140350877193,1.0,0
xgboost,shap,0.1,1,244,0.9052631578947368,1.0,0
xgboost,shap,0.1,1,261,0.6596491228070176,0.8,1
xgboost,shap,0.1,1,281,0.8754385964912281,0.6,1
xgboost,shap,0.1,1,289,0.8701754385964912,1.0,1
xgboost,shap,0.1,1,291,0.856140350877193,1.0,0
xgboost,shap,0.1,1,311,0.9421052631578948,0.8,1
xgboost,shap,0.1,1,316,0.8649122807017543,0.8,0
xgboost,shap,0.1,1,325,0.9491228070175438,1.0,1
xgboost,shap,0.1,1,332,0.7789473684210525,0.8,1
xgboost,shap,0.1,1,344,0.9719298245614034,1.0,1
xgboost,shap,0.1,1,364,0.9491228070175438,1.0,1
xgboost,shap,0.1,1,372,0.9,1.0,1
xgboost,shap,0.1,1,375,0.943859649122807,1.0,1
xgboost,shap,0.1,1,381,0.9298245614035087,1.0,1
xgboost,shap,0.1,1,398,0.7175438596491229,0.8,1
xgboost,shap,0.1,1,403,0.9859649122807018,1.0,0
xgboost,shap,0.1,1,407,0.9491228070175438,0.8,1
xgboost,shap,0.1,1,414,0.8052631578947368,0.8,1
xgboost,shap,0.1,1,420,0.9666666666666668,0.8,1
xgboost,shap,0.1,1,423,0.9368421052631579,0.8,0
xgboost,shap,0.1,1,440,0.8929824561403509,0.8,1
xgboost,shap,0.1,1,442,0.8350877192982457,0.8,0
xgboost,shap,0.1,1,454,0.9824561403508772,1.0,1
xgboost,shap,0.1,1,457,0.987719298245614,0.8,1
xgboost,shap,0.1,1,459,0.9403508771929823,1.0,1
xgboost,shap,0.1,1,464,0.8771929824561402,0.6,1
xgboost,shap,0.1,1,467,0.9035087719298246,0.8,1
xgboost,shap,0.1,1,471,0.9719298245614034,1.0,0
xgboost,shap,0.1,1,475,0.9175438596491228,0.8,1
xgboost,shap,0.1,1,480,0.9385964912280702,0.8,1
xgboost,shap,0.1,1,495,0.956140350877193,0.8,1
xgboost,shap,0.1,1,503,0.9947368421052631,1.0,1
xgboost,shap,0.1,1,506,0.843859649122807,0.8,1
xgboost,shap,0.1,1,521,0.7280701754385965,0.6,1
xgboost,shap,0.1,1,523,0.9052631578947368,1.0,1
xgboost,shap,0.1,1,530,0.8543859649122807,0.8,1
xgboost,shap,0.1,1,547,0.9929824561403509,1.0,1
xgboost,shap,0.1,1,551,0.9368421052631579,0.8,1
xgboost,shap,0.1,1,556,0.9315789473684211,0.8,1
xgboost,shap,0.1,1,558,0.9631578947368421,1.0,1
xgboost,shap,0.1,1,559,0.9631578947368421,0.8,1
xgboost,shap,0.1,1,562,0.987719298245614,0.8,1
xgboost,shap,0.1,1,564,0.7982456140350876,0.8,0
xgboost,shap,0.1,1,572,0.6596491228070176,0.8,1
xgboost,shap,0.1,1,582,0.9052631578947368,0.8,1
xgboost,shap,0.1,1,587,0.9122807017543859,0.8,1
xgboost,shap,0.1,1,590,0.8842105263157896,0.6,0
xgboost,shap,0.1,1,591,0.9701754385964911,0.8,1
xgboost,shap,0.1,1,598,0.9298245614035087,0.8,0
xgboost,shap,0.1,1,605,0.6596491228070176,0.6,1
xgboost,shap,0.1,1,609,0.9824561403508772,1.0,1
xgboost,shap,0.1,1,613,0.9929824561403509,0.8,1
xgboost,shap,0.1,1,619,0.8754385964912281,1.0,1
xgboost,shap,0.1,1,620,0.8578947368421052,1.0,1
xgboost,shap,0.1,1,626,0.8210526315789475,0.8,1
xgboost,shap,0.1,1,627,0.9771929824561404,0.8,1
xgboost,shap,0.1,1,637,0.9473684210526316,0.8,0
xgboost,shap,0.1,1,640,0.9157894736842105,0.8,1
xgboost,shap,0.1,1,667,0.8473684210526315,0.8,0
xgboost,shap,0.1,1,673,0.843859649122807,0.6,0
xgboost,shap,0.1,1,687,0.9684210526315788,1.0,0
xgboost,shap,0.1,1,688,0.9052631578947368,1.0,0
xgboost,shap,0.1,1,689,0.9736842105263157,1.0,0
xgboost,shap,0.1,1,690,0.9684210526315788,0.8,1
xgboost,shap,0.1,1,693,0.9456140350877192,0.8,1
xgboost,shap,0.1,1,724,0.863157894736842,0.8,1
xgboost,shap,0.1,1,732,0.8964912280701753,0.8,0
xgboost,shap,0.1,1,740,0.943859649122807,0.8,1
xgboost,shap,0.1,1,748,0.787719298245614,0.8,0
xgboost,shap,0.1,1,751,0.9491228070175438,0.8,0
xgboost,shap,0.1,1,752,0.9894736842105263,0.8,0
xgboost,shap,0.1,1,755,0.9035087719298246,0.8,1
xgboost,shap,0.1,1,759,0.9052631578947368,0.8,1
xgboost,shap,0.1,1,766,0.9122807017543859,0.8,1
xgboost,shap,0.1,1,786,0.7105263157894737,0.6,0
xgboost,shap,0.1,1,790,0.9350877192982456,0.8,1
xgboost,shap,0.1,1,792,0.7947368421052632,0.8,1
xgboost,shap,0.1,1,809,0.863157894736842,1.0,1
xgboost,shap,0.1,1,812,0.7701754385964912,0.6,1
xgboost,shap,0.1,1,830,0.8842105263157896,0.8,0
xgboost,shap,0.1,1,845,0.9350877192982456,1.0,1
xgboost,shap,0.1,1,847,0.9543859649122807,0.8,0
xgboost,shap,0.1,1,848,0.9649122807017543,0.8,1
xgboost,shap,0.1,1,850,0.8087719298245614,0.6,1
xgboost,shap,0.1,1,860,0.7473684210526316,0.6,1
xgboost,shap,0.1,1,864,0.9719298245614034,0.8,1
xgboost,shap,0.1,1,869,0.9701754385964911,0.8,0
xgboost,shap,0.1,1,872,0.780701754385965,0.6,0
xgboost,shap,0.1,1,874,0.9596491228070174,1.0,1
xgboost,shap,0.1,1,875,0.9719298245614034,0.8,1
xgboost,shap,0.1,1,878,0.9596491228070174,1.0,1
xgboost,shap,0.1,1,880,0.9210526315789472,0.8,0
xgboost,shap,0.1,1,886,0.9666666666666668,1.0,1
xgboost,shap,0.1,1,889,0.8491228070175438,0.8,1
xgboost,shap,0.1,1,896,0.9456140350877192,0.8,1
xgboost,shap,0.1,1,900,0.9684210526315788,0.8,1
xgboost,shap,0.1,1,904,0.9719298245614034,1.0,0
xgboost,shap,0.1,1,908,0.8245614035087718,0.8,1
xgboost,shap,0.1,1,927,0.9666666666666668,1.0,1
xgboost,shap,0.1,1,934,0.8157894736842105,0.6,1
xgboost,shap,0.1,1,939,0.8736842105263157,1.0,1
xgboost,shap,0.1,1,943,0.9403508771929823,1.0,1
xgboost,shap,0.1,1,945,0.887719298245614,0.8,0
xgboost,shap,0.1,1,954,0.9614035087719298,0.8,1
xgboost,shap,0.1,1,959,0.8842105263157896,0.6,1
xgboost,shap,0.1,1,961,0.9649122807017543,0.8,1
xgboost,shap,0.1,1,967,0.8842105263157896,0.8,0
xgboost,shap,0.1,1,976,0.8859649122807017,0.8,1
xgboost,shap,0.1,1,990,0.8982456140350877,0.8,1
xgboost,shap,0.1,1,993,0.8210526315789475,0.8,0
xgboost,shap,0.1,1,996,0.9052631578947368,1.0,1
xgboost,shap,0.1,1,1014,0.9824561403508772,1.0,1
xgboost,shap,0.1,1,1015,0.9666666666666668,1.0,1
xgboost,shap,0.1,1,1019,0.8754385964912281,0.8,1
xgboost,shap,0.1,1,1023,0.8228070175438595,1.0,1
xgboost,shap,0.1,1,1027,0.9333333333333333,0.8,1
xgboost,shap,0.1,1,1028,0.8701754385964912,1.0,1
xgboost,shap,0.1,1,1031,0.9666666666666668,1.0,1
xgboost,shap,0.1,1,1039,0.9105263157894736,1.0,0
xgboost,shap,0.1,1,1043,0.8245614035087718,0.8,1
xgboost,shap,0.1,1,1052,0.7263157894736841,0.8,0
xgboost,shap,0.1,1,1063,0.9105263157894736,0.8,1
xgboost,shap,0.1,1,1065,0.8157894736842105,0.6,1
xgboost,shap,0.1,1,1070,0.8210526315789475,0.8,1
xgboost,shap,0.1,1,1073,0.9140350877192982,1.0,0
xgboost,shap,0.1,1,1077,0.9315789473684211,1.0,0
xgboost,shap,0.1,1,1087,0.8964912280701753,0.8,1
xgboost,shap,0.1,1,1092,0.9736842105263157,0.8,1
xgboost,shap,0.1,1,1100,0.8894736842105263,0.8,1
xgboost,shap,0.1,1,1112,0.856140350877193,0.6,0
xgboost,shap,0.1,1,1116,0.7859649122807018,0.8,0
xgboost,shap,0.1,1,1119,0.8982456140350877,0.6,1
xgboost,shap,0.1,1,1137,0.9508771929824561,0.8,1
xgboost,shap,0.1,1,1138,0.9964912280701754,1.0,1
xgboost,shap,0.1,1,1151,0.9385964912280702,0.8,1
xgboost,shap,0.1,1,1152,0.9315789473684211,0.8,0
xgboost,shap,0.1,1,1160,0.9666666666666668,1.0,0
xgboost,shap,0.1,1,1167,0.8403508771929825,0.8,1
xgboost,shap,0.1,1,1187,0.8929824561403509,0.8,1
xgboost,shap,0.1,1,1209,0.9087719298245613,0.8,0
xgboost,shap,0.1,1,1214,0.8771929824561402,0.8,1
xgboost,shap,0.1,1,1227,0.8807017543859648,0.8,1
xgboost,shap,0.1,1,1237,0.9087719298245613,0.6,0
xgboost,shap,0.1,1,1246,0.9947368421052631,0.8,1
xgboost,shap,0.1,1,1256,0.9649122807017543,0.8,1
xgboost,shap,0.1,1,1259,0.8789473684210527,0.6,0
xgboost,shap,0.1,1,1299,0.7789473684210525,0.8,1
xgboost,shap,0.1,1,1300,0.9649122807017543,0.8,0
xgboost,shap,0.1,1,1309,0.9526315789473684,1.0,1
xgboost,shap,0.1,1,1314,0.8894736842105263,1.0,1
xgboost,shap,0.1,1,1316,0.7403508771929824,0.6,1
xgboost,shap,0.1,1,1322,0.8842105263157896,0.8,0
xgboost,shap,0.1,1,1339,0.9210526315789472,0.8,1
xgboost,shap,0.1,1,1340,0.8350877192982457,0.6,1
xgboost,shap,0.1,1,1343,0.863157894736842,0.8,1
xgboost,shap,0.1,1,1344,0.980701754385965,0.8,1
xgboost,shap,0.1,1,1348,0.8315789473684211,0.6,1
xgboost,shap,0.1,1,1351,0.9578947368421052,1.0,1
xgboost,shap,0.1,1,1354,0.743859649122807,0.8,1
xgboost,shap,0.1,1,1360,0.6754385964912282,0.8,1
xgboost,shap,0.1,1,1368,0.8894736842105263,1.0,0
xgboost,shap,0.1,1,1379,0.8894736842105263,0.6,1
xgboost,shap,0.1,1,1383,0.956140350877193,0.8,1
xgboost,shap,0.1,1,1389,0.9385964912280702,1.0,1
xgboost,shap,0.1,1,1392,0.8789473684210527,1.0,1
xgboost,shap,0.1,1,1395,0.9631578947368421,1.0,1
xgboost,shap,0.1,2,9,0.7315789473684211,0.8,1
xgboost,shap,0.1,2,31,0.9789473684210527,0.8,1
xgboost,shap,0.1,2,41,0.7263157894736841,0.8,1
xgboost,shap,0.1,2,46,0.9912280701754386,1.0,0
xgboost,shap,0.1,2,49,0.8894736842105263,0.8,1
xgboost,shap,0.1,2,55,0.8859649122807017,0.8,1
xgboost,shap,0.1,2,79,0.9526315789473684,1.0,0
xgboost,shap,0.1,2,84,0.8035087719298245,0.8,1
xgboost,shap,0.1,2,97,0.8315789473684211,0.6,1
xgboost,shap,0.1,2,104,0.9456140350877192,1.0,1
xgboost,shap,0.1,2,105,0.980701754385965,0.8,1
xgboost,shap,0.1,2,107,1.0,1.0,1
xgboost,shap,0.1,2,114,0.9736842105263157,1.0,1
xgboost,shap,0.1,2,121,0.9982456140350877,1.0,1
xgboost,shap,0.1,2,122,0.9701754385964911,1.0,1
xgboost,shap,0.1,2,123,0.9543859649122807,1.0,0
xgboost,shap,0.1,2,125,0.8070175438596491,0.6,1
xgboost,shap,0.1,2,146,0.8929824561403509,0.8,1
xgboost,shap,0.1,2,151,0.9824561403508772,1.0,1
xgboost,shap,0.1,2,156,0.8614035087719297,1.0,1
xgboost,shap,0.1,2,165,0.9192982456140351,0.6,1
xgboost,shap,0.1,2,166,0.8771929824561402,1.0,1
xgboost,shap,0.1,2,171,0.9017543859649122,1.0,1
xgboost,shap,0.1,2,182,0.9368421052631579,0.8,1
xgboost,shap,0.1,2,184,0.7754385964912281,0.8,1
xgboost,shap,0.1,2,194,0.9228070175438597,0.6,1
xgboost,shap,0.1,2,205,0.9526315789473684,0.8,1
xgboost,shap,0.1,2,206,0.9017543859649122,0.8,0
xgboost,shap,0.1,2,211,0.9508771929824561,0.8,1
xgboost,shap,0.1,2,223,0.9315789473684211,1.0,0
xgboost,shap,0.1,2,224,0.9771929824561404,1.0,1
xgboost,shap,0.1,2,229,0.9824561403508772,1.0,1
xgboost,shap,0.1,2,231,0.9666666666666668,0.8,1
xgboost,shap,0.1,2,241,0.9859649122807018,1.0,0
xgboost,shap,0.1,2,244,0.956140350877193,0.8,1
xgboost,shap,0.1,2,261,0.9929824561403509,1.0,1
xgboost,shap,0.1,2,281,0.9614035087719298,1.0,1
xgboost,shap,0.1,2,289,0.736842105263158,0.8,1
xgboost,shap,0.1,2,291,0.5456140350877193,0.8,1
xgboost,shap,0.1,2,311,0.8859649122807017,1.0,1
xgboost,shap,0.1,2,316,0.9789473684210527,1.0,1
xgboost,shap,0.1,2,325,0.9368421052631579,1.0,1
xgboost,shap,0.1,2,332,0.8017543859649122,1.0,1
xgboost,shap,0.1,2,344,0.9982456140350877,1.0,1
xgboost,shap,0.1,2,364,0.9157894736842105,0.8,0
xgboost,shap,0.1,2,372,0.6947368421052632,0.6,1
xgboost,shap,0.1,2,375,0.987719298245614,0.8,1
xgboost,shap,0.1,2,381,0.9228070175438597,1.0,0
xgboost,shap,0.1,2,398,0.6350877192982456,0.8,1
xgboost,shap,0.1,2,403,0.9456140350877192,1.0,0
xgboost,shap,0.1,2,407,0.6894736842105263,0.6,1
xgboost,shap,0.1,2,414,0.9421052631578948,0.8,1
xgboost,shap,0.1,2,420,0.9736842105263157,0.8,1
xgboost,shap,0.1,2,423,0.956140350877193,0.8,1
xgboost,shap,0.1,2,440,0.5649122807017544,0.6,1
xgboost,shap,0.1,2,442,0.956140350877193,1.0,0
xgboost,shap,0.1,2,454,0.956140350877193,1.0,1
xgboost,shap,0.1,2,457,0.9473684210526316,0.8,1
xgboost,shap,0.1,2,459,0.9245614035087718,0.8,1
xgboost,shap,0.1,2,464,0.7578947368421053,0.6,0
xgboost,shap,0.1,2,467,0.8789473684210527,0.8,1
xgboost,shap,0.1,2,471,0.9192982456140351,0.8,1
xgboost,shap,0.1,2,475,0.8491228070175438,0.6,1
xgboost,shap,0.1,2,480,0.9649122807017543,1.0,0
xgboost,shap,0.1,2,495,0.9614035087719298,0.8,0
xgboost,shap,0.1,2,503,0.9701754385964911,1.0,1
xgboost,shap,0.1,2,506,0.9456140350877192,1.0,1
xgboost,shap,0.1,2,521,0.5385964912280702,0.4,1
xgboost,shap,0.1,2,523,0.8842105263157896,1.0,1
xgboost,shap,0.1,2,530,0.736842105263158,0.8,1
xgboost,shap,0.1,2,547,0.8491228070175438,1.0,1
xgboost,shap,0.1,2,551,0.9508771929824561,0.8,1
xgboost,shap,0.1,2,556,0.9824561403508772,0.8,1
xgboost,shap,0.1,2,558,0.9473684210526316,0.8,1
xgboost,shap,0.1,2,559,0.9,0.8,1
xgboost,shap,0.1,2,562,0.843859649122807,0.8,1
xgboost,shap,0.1,2,564,0.9789473684210527,1.0,0
xgboost,shap,0.1,2,572,0.6771929824561403,0.8,1
xgboost,shap,0.1,2,582,0.9421052631578948,0.8,1
xgboost,shap,0.1,2,587,0.8947368421052632,0.6,1
xgboost,shap,0.1,2,590,0.9596491228070174,1.0,0
xgboost,shap,0.1,2,591,0.9157894736842105,0.6,0
xgboost,shap,0.1,2,598,0.9473684210526316,0.8,0
xgboost,shap,0.1,2,605,0.8350877192982457,0.8,1
xgboost,shap,0.1,2,609,0.9333333333333333,0.8,1
xgboost,shap,0.1,2,613,0.9403508771929823,0.8,1
xgboost,shap,0.1,2,619,0.9,1.0,1
xgboost,shap,0.1,2,620,0.8210526315789475,0.8,1
xgboost,shap,0.1,2,626,0.8859649122807017,1.0,1
xgboost,shap,0.1,2,627,0.9771929824561404,0.8,1
xgboost,shap,0.1,2,637,0.887719298245614,0.6,0
xgboost,shap,0.1,2,640,0.9649122807017543,0.8,1
xgboost,shap,0.1,2,667,0.9210526315789472,0.8,1
xgboost,shap,0.1,2,673,0.819298245614035,0.6,0
xgboost,shap,0.1,2,687,0.9105263157894736,0.8,0
xgboost,shap,0.1,2,688,0.9263157894736841,1.0,0
xgboost,shap,0.1,2,689,0.9140350877192982,0.8,0
xgboost,shap,0.1,2,690,0.9350877192982456,0.8,1
xgboost,shap,0.1,2,693,0.9456140350877192,1.0,1
xgboost,shap,0.1,2,724,0.8421052631578947,0.8,1
xgboost,shap,0.1,2,732,0.863157894736842,0.8,0
xgboost,shap,0.1,2,740,0.9,0.8,0
xgboost,shap,0.1,2,748,0.8526315789473684,0.8,0
xgboost,shap,0.1,2,751,0.8719298245614034,1.0,1
xgboost,shap,0.1,2,752,0.7245614035087719,0.8,0
xgboost,shap,0.1,2,755,0.987719298245614,1.0,1
xgboost,shap,0.1,2,759,0.9473684210526316,0.8,1
xgboost,shap,0.1,2,766,0.6684210526315789,0.8,1
xgboost,shap,0.1,2,786,0.543859649122807,0.6,0
xgboost,shap,0.1,2,790,0.9473684210526316,0.8,1
xgboost,shap,0.1,2,792,0.6684210526315789,0.8,1
xgboost,shap,0.1,2,809,0.9631578947368421,1.0,1
xgboost,shap,0.1,2,812,0.9245614035087718,0.6,1
xgboost,shap,0.1,2,830,0.9614035087719298,0.8,1
xgboost,shap,0.1,2,845,0.8456140350877193,0.8,1
xgboost,shap,0.1,2,847,0.7578947368421053,0.8,1
xgboost,shap,0.1,2,848,0.975438596491228,1.0,1
xgboost,shap,0.1,2,850,0.9403508771929823,0.8,1
xgboost,shap,0.1,2,860,0.9842105263157893,0.8,1
xgboost,shap,0.1,2,864,0.9298245614035087,0.8,1
xgboost,shap,0.1,2,869,0.8403508771929825,0.8,0
xgboost,shap,0.1,2,872,0.9228070175438597,0.8,0
xgboost,shap,0.1,2,874,0.9771929824561404,1.0,1
xgboost,shap,0.1,2,875,0.9719298245614034,0.8,1
xgboost,shap,0.1,2,878,0.9614035087719298,1.0,1
xgboost,shap,0.1,2,880,0.9526315789473684,1.0,1
xgboost,shap,0.1,2,886,0.9280701754385964,1.0,1
xgboost,shap,0.1,2,889,0.8175438596491227,0.8,1
xgboost,shap,0.1,2,896,0.8035087719298245,0.8,1
xgboost,shap,0.1,2,900,0.9631578947368421,0.8,1
xgboost,shap,0.1,2,904,0.9947368421052631,1.0,1
xgboost,shap,0.1,2,908,0.9631578947368421,1.0,1
xgboost,shap,0.1,2,927,0.9070175438596491,0.8,0
xgboost,shap,0.1,2,934,0.8052631578947368,0.6,1
xgboost,shap,0.1,2,939,0.9,1.0,1
xgboost,shap,0.1,2,943,0.8228070175438595,0.8,1
xgboost,shap,0.1,2,945,0.6754385964912282,0.8,0
xgboost,shap,0.1,2,954,0.9684210526315788,0.6,0
xgboost,shap,0.1,2,959,0.6912280701754386,0.8,0
xgboost,shap,0.1,2,961,0.9894736842105263,0.8,1
xgboost,shap,0.1,2,967,0.943859649122807,0.8,0
xgboost,shap,0.1,2,976,0.9491228070175438,1.0,1
xgboost,shap,0.1,2,990,0.8929824561403509,1.0,1
xgboost,shap,0.1,2,993,0.8578947368421052,0.8,0
xgboost,shap,0.1,2,996,0.7859649122807018,0.8,1
xgboost,shap,0.1,2,1014,0.9403508771929823,1.0,1
xgboost,shap,0.1,2,1015,0.8754385964912281,0.8,1
xgboost,shap,0.1,2,1019,0.9421052631578948,0.8,1
xgboost,shap,0.1,2,1023,0.856140350877193,0.6,1
xgboost,shap,0.1,2,1027,0.9859649122807018,1.0,1
xgboost,shap,0.1,2,1028,0.8912280701754386,1.0,1
xgboost,shap,0.1,2,1031,0.7473684210526316,0.6,1
xgboost,shap,0.1,2,1039,0.9333333333333333,1.0,0
xgboost,shap,0.1,2,1043,0.9052631578947368,1.0,1
xgboost,shap,0.1,2,1052,0.7403508771929824,0.8,0
xgboost,shap,0.1,2,1063,0.8614035087719297,0.8,1
xgboost,shap,0.1,2,1065,0.8543859649122807,1.0,1
xgboost,shap,0.1,2,1070,0.9263157894736841,0.8,1
xgboost,shap,0.1,2,1073,0.9087719298245613,1.0,1
xgboost,shap,0.1,2,1077,0.9736842105263157,0.8,0
xgboost,shap,0.1,2,1087,0.9315789473684211,0.8,1
xgboost,shap,0.1,2,1092,0.9666666666666668,0.8,1
xgboost,shap,0.1,2,1100,0.9789473684210527,1.0,1
xgboost,shap,0.1,2,1112,0.8491228070175438,0.8,0
xgboost,shap,0.1,2,1116,0.9403508771929823,1.0,0
xgboost,shap,0.1,2,1119,0.9263157894736841,0.8,1
xgboost,shap,0.1,2,1137,0.943859649122807,0.6,0
xgboost,shap,0.1,2,1138,0.9631578947368421,0.8,0
xgboost,shap,0.1,2,1151,0.9035087719298246,0.8,1
xgboost,shap,0.1,2,1152,0.8403508771929825,0.8,0
xgboost,shap,0.1,2,1160,0.9929824561403509,1.0,0
xgboost,shap,0.1,2,1167,0.7666666666666666,0.8,1
xgboost,shap,0.1,2,1187,0.8842105263157896,0.8,1
xgboost,shap,0.1,2,1209,0.9350877192982456,0.8,0
xgboost,shap,0.1,2,1214,0.8982456140350877,0.8,1
xgboost,shap,0.1,2,1227,0.9070175438596491,0.8,1
xgboost,shap,0.1,2,1237,0.8912280701754386,0.6,0
xgboost,shap,0.1,2,1246,0.9929824561403509,1.0,1
xgboost,shap,0.1,2,1256,0.9017543859649122,0.8,1
xgboost,shap,0.1,2,1259,0.9578947368421052,1.0,1
xgboost,shap,0.1,2,1299,0.8754385964912281,1.0,1
xgboost,shap,0.1,2,1300,0.6719298245614035,0.6,1
xgboost,shap,0.1,2,1309,0.887719298245614,0.8,0
xgboost,shap,0.1,2,1314,0.9543859649122807,1.0,0
xgboost,shap,0.1,2,1316,0.7473684210526316,0.8,1
xgboost,shap,0.1,2,1322,0.8947368421052632,0.8,1
xgboost,shap,0.1,2,1339,0.9701754385964911,0.6,1
xgboost,shap,0.1,2,1340,0.8614035087719297,0.6,1
xgboost,shap,0.1,2,1343,0.6754385964912282,0.6,1
xgboost,shap,0.1,2,1344,0.9228070175438597,0.8,1
xgboost,shap,0.1,2,1348,0.9315789473684211,0.8,1
xgboost,shap,0.1,2,1351,0.9526315789473684,0.8,1
xgboost,shap,0.1,2,1354,0.8859649122807017,0.8,1
xgboost,shap,0.1,2,1360,0.9192982456140351,0.8,1
xgboost,shap,0.1,2,1368,0.8964912280701753,0.8,1
xgboost,shap,0.1,2,1379,0.9350877192982456,0.8,1
xgboost,shap,0.1,2,1383,0.9719298245614034,0.8,1
xgboost,shap,0.1,2,1389,0.8754385964912281,1.0,1
xgboost,shap,0.1,2,1392,0.8947368421052632,0.8,1
xgboost,shap,0.1,2,1395,0.9491228070175438,1.0,1
xgboost,lime,0.01,0,9,0.8245614035087718,0.8,1
xgboost,lime,0.01,0,31,0.787719298245614,1.0,1
xgboost,lime,0.01,0,41,0.7596491228070175,0.8,1
xgboost,lime,0.01,0,46,0.8912280701754386,0.8,1
xgboost,lime,0.01,0,49,0.7280701754385965,0.8,1
xgboost,lime,0.01,0,55,0.6649122807017543,1.0,1
xgboost,lime,0.01,0,79,0.9192982456140351,1.0,1
xgboost,lime,0.01,0,84,0.8228070175438595,1.0,1
xgboost,lime,0.01,0,97,0.8771929824561402,0.8,1
xgboost,lime,0.01,0,104,0.9087719298245613,0.8,1
xgboost,lime,0.01,0,105,0.8543859649122807,1.0,1
xgboost,lime,0.01,0,107,0.8912280701754386,0.8,1
xgboost,lime,0.01,0,114,0.9175438596491228,0.8,1
xgboost,lime,0.01,0,121,0.7754385964912281,0.8,1
xgboost,lime,0.01,0,122,0.7508771929824561,1.0,1
xgboost,lime,0.01,0,123,0.8666666666666666,1.0,1
xgboost,lime,0.01,0,125,0.9596491228070174,1.0,0
xgboost,lime,0.01,0,146,0.9192982456140351,0.8,1
xgboost,lime,0.01,0,151,0.8491228070175438,0.8,1
xgboost,lime,0.01,0,156,0.9175438596491228,1.0,1
xgboost,lime,0.01,0,165,0.9105263157894736,0.8,1
xgboost,lime,0.01,0,166,0.7947368421052632,1.0,1
xgboost,lime,0.01,0,171,0.8245614035087718,1.0,1
xgboost,lime,0.01,0,182,0.8754385964912281,0.8,0
xgboost,lime,0.01,0,184,0.9280701754385964,0.8,0
xgboost,lime,0.01,0,194,0.8578947368421052,0.8,1
xgboost,lime,0.01,0,205,0.736842105263158,1.0,1
xgboost,lime,0.01,0,206,0.7228070175438598,0.6,1
xgboost,lime,0.01,0,211,0.8894736842105263,1.0,1
xgboost,lime,0.01,0,223,0.7228070175438598,0.8,1
xgboost,lime,0.01,0,224,0.8087719298245614,0.8,1
xgboost,lime,0.01,0,229,0.8982456140350877,0.8,1
xgboost,lime,0.01,0,231,0.8,0.6,1
xgboost,lime,0.01,0,241,0.8087719298245614,0.8,1
xgboost,lime,0.01,0,244,0.8298245614035088,1.0,1
xgboost,lime,0.01,0,261,0.8929824561403509,0.8,1
xgboost,lime,0.01,0,281,0.7263157894736841,0.8,1
xgboost,lime,0.01,0,289,0.9456140350877192,0.8,1
xgboost,lime,0.01,0,291,0.6333333333333333,0.8,1
xgboost,lime,0.01,0,311,0.8859649122807017,1.0,1
xgboost,lime,0.01,0,316,0.843859649122807,0.8,1
xgboost,lime,0.01,0,325,0.7228070175438598,0.6,1
xgboost,lime,0.01,0,332,0.8017543859649122,0.8,0
xgboost,lime,0.01,0,344,0.8228070175438595,0.8,1
xgboost,lime,0.01,0,364,0.8105263157894737,0.6,1
xgboost,lime,0.01,0,372,0.7035087719298245,0.8,1
xgboost,lime,0.01,0,375,0.7824561403508771,1.0,1
xgboost,lime,0.01,0,381,0.9035087719298246,1.0,1
xgboost,lime,0.01,0,398,0.9052631578947368,1.0,1
xgboost,lime,0.01,0,403,0.9122807017543859,1.0,1
xgboost,lime,0.01,0,407,0.8245614035087718,1.0,1
xgboost,lime,0.01,0,414,0.8280701754385964,0.8,1
xgboost,lime,0.01,0,420,0.8894736842105263,0.8,1
xgboost,lime,0.01,0,423,0.8929824561403509,0.8,1
xgboost,lime,0.01,0,440,0.9105263157894736,1.0,1
xgboost,lime,0.01,0,442,0.8578947368421052,1.0,1
xgboost,lime,0.01,0,454,0.6947368421052632,0.8,1
xgboost,lime,0.01,0,457,0.9035087719298246,1.0,1
xgboost,lime,0.01,0,459,0.6315789473684211,0.8,1
xgboost,lime,0.01,0,464,0.7824561403508771,0.8,1
xgboost,lime,0.01,0,467,0.943859649122807,0.8,1
xgboost,lime,0.01,0,471,0.8649122807017543,0.8,1
xgboost,lime,0.01,0,475,0.9649122807017543,1.0,1
xgboost,lime,0.01,0,480,0.9192982456140351,1.0,1
xgboost,lime,0.01,0,495,0.7596491228070175,0.8,1
xgboost,lime,0.01,0,503,0.8719298245614034,0.8,1
xgboost,lime,0.01,0,506,0.6210526315789473,1.0,0
xgboost,lime,0.01,0,521,0.8964912280701753,1.0,1
xgboost,lime,0.01,0,523,0.5543859649122806,0.8,0
xgboost,lime,0.01,0,530,0.819298245614035,0.8,1
xgboost,lime,0.01,0,547,0.8912280701754386,1.0,1
xgboost,lime,0.01,0,551,0.8614035087719297,1.0,1
xgboost,lime,0.01,0,556,0.6666666666666666,0.6,1
xgboost,lime,0.01,0,558,0.8052631578947368,0.8,1
xgboost,lime,0.01,0,559,0.8473684210526315,0.8,1
xgboost,lime,0.01,0,562,0.8140350877192982,0.8,0
xgboost,lime,0.01,0,564,0.8473684210526315,0.8,1
xgboost,lime,0.01,0,572,0.8228070175438595,0.8,1
xgboost,lime,0.01,0,582,0.8245614035087718,1.0,1
xgboost,lime,0.01,0,587,0.8736842105263157,0.8,0
xgboost,lime,0.01,0,590,0.9087719298245613,1.0,1
xgboost,lime,0.01,0,591,0.9298245614035087,1.0,1
xgboost,lime,0.01,0,598,0.6701754385964912,1.0,1
xgboost,lime,0.01,0,605,0.7456140350877193,0.8,1
xgboost,lime,0.01,0,609,0.9087719298245613,1.0,1
xgboost,lime,0.01,0,613,0.7298245614035088,0.8,1
xgboost,lime,0.01,0,619,0.9035087719298246,1.0,1
xgboost,lime,0.01,0,620,0.83859649122807,1.0,1
xgboost,lime,0.01,0,626,0.956140350877193,0.8,1
xgboost,lime,0.01,0,627,0.9052631578947368,0.8,1
xgboost,lime,0.01,0,637,0.8122807017543859,0.8,1
xgboost,lime,0.01,0,640,0.736842105263158,0.8,1
xgboost,lime,0.01,0,667,0.8982456140350877,1.0,1
xgboost,lime,0.01,0,673,0.7456140350877193,0.8,1
xgboost,lime,0.01,0,687,0.8929824561403509,1.0,1
xgboost,lime,0.01,0,688,0.8508771929824561,0.8,1
xgboost,lime,0.01,0,689,0.8350877192982457,0.8,1
xgboost,lime,0.01,0,690,0.7210526315789473,0.8,1
xgboost,lime,0.01,0,693,0.9140350877192982,1.0,1
xgboost,lime,0.01,0,724,0.8982456140350877,0.8,0
xgboost,lime,0.01,0,732,0.8263157894736841,0.8,1
xgboost,lime,0.01,0,740,0.7859649122807018,0.4,1
xgboost,lime,0.01,0,748,0.863157894736842,0.8,1
xgboost,lime,0.01,0,751,0.736842105263158,0.8,0
xgboost,lime,0.01,0,752,0.8543859649122807,1.0,1
xgboost,lime,0.01,0,755,0.8649122807017543,0.8,1
xgboost,lime,0.01,0,759,0.9,0.8,1
xgboost,lime,0.01,0,766,0.843859649122807,1.0,1
xgboost,lime,0.01,0,786,0.8578947368421052,0.8,1
xgboost,lime,0.01,0,790,0.8105263157894737,0.8,1
xgboost,lime,0.01,0,792,0.8157894736842105,1.0,1
xgboost,lime,0.01,0,809,0.956140350877193,0.8,1
xgboost,lime,0.01,0,812,0.863157894736842,0.8,1
xgboost,lime,0.01,0,830,0.9368421052631579,1.0,1
xgboost,lime,0.01,0,845,0.6859649122807018,0.8,1
xgboost,lime,0.01,0,847,0.8350877192982457,1.0,1
xgboost,lime,0.01,0,848,0.7929824561403509,0.8,1
xgboost,lime,0.01,0,850,0.9070175438596491,0.8,1
xgboost,lime,0.01,0,860,0.9298245614035087,0.8,1
xgboost,lime,0.01,0,864,0.8614035087719297,1.0,1
xgboost,lime,0.01,0,869,0.8719298245614034,1.0,1
xgboost,lime,0.01,0,872,0.8842105263157896,0.8,1
xgboost,lime,0.01,0,874,0.863157894736842,0.8,1
xgboost,lime,0.01,0,875,0.9508771929824561,0.8,1
xgboost,lime,0.01,0,878,0.8982456140350877,0.8,1
xgboost,lime,0.01,0,880,0.7175438596491229,0.8,1
xgboost,lime,0.01,0,886,0.6842105263157895,0.8,1
xgboost,lime,0.01,0,889,0.9263157894736841,0.8,1
xgboost,lime,0.01,0,896,0.7596491228070175,0.8,1
xgboost,lime,0.01,0,900,0.8456140350877193,0.8,1
xgboost,lime,0.01,0,904,0.7894736842105263,0.8,0
xgboost,lime,0.01,0,908,0.9368421052631579,0.8,1
xgboost,lime,0.01,0,927,0.9035087719298246,1.0,1
xgboost,lime,0.01,0,934,0.8912280701754386,0.8,1
xgboost,lime,0.01,0,939,0.8859649122807017,0.8,1
xgboost,lime,0.01,0,943,0.8315789473684211,0.8,1
xgboost,lime,0.01,0,945,0.9122807017543859,1.0,1
xgboost,lime,0.01,0,954,0.9368421052631579,1.0,1
xgboost,lime,0.01,0,959,0.8894736842105263,1.0,1
xgboost,lime,0.01,0,961,0.8350877192982457,1.0,1
xgboost,lime,0.01,0,967,0.856140350877193,0.8,1
xgboost,lime,0.01,0,976,0.8333333333333334,1.0,1
xgboost,lime,0.01,0,990,0.8263157894736841,1.0,1
xgboost,lime,0.01,0,993,0.9473684210526316,0.8,1
xgboost,lime,0.01,0,996,0.8789473684210527,0.6,0
xgboost,lime,0.01,0,1014,0.7245614035087719,0.8,1
xgboost,lime,0.01,0,1015,0.7666666666666666,0.8,1
xgboost,lime,0.01,0,1019,0.9070175438596491,1.0,1
xgboost,lime,0.01,0,1023,0.7315789473684211,0.8,1
xgboost,lime,0.01,0,1027,0.7315789473684211,0.8,1
xgboost,lime,0.01,0,1028,0.8263157894736841,0.8,1
xgboost,lime,0.01,0,1031,0.8017543859649122,1.0,0
xgboost,lime,0.01,0,1039,0.8543859649122807,0.8,1
xgboost,lime,0.01,0,1043,0.7508771929824561,1.0,1
xgboost,lime,0.01,0,1052,0.8421052631578947,0.8,1
xgboost,lime,0.01,0,1063,0.7175438596491229,0.8,1
xgboost,lime,0.01,0,1065,0.843859649122807,0.8,1
xgboost,lime,0.01,0,1070,0.8649122807017543,0.6,1
xgboost,lime,0.01,0,1073,0.8280701754385964,0.8,1
xgboost,lime,0.01,0,1077,0.8736842105263157,1.0,1
xgboost,lime,0.01,0,1087,0.6245614035087719,0.8,1
xgboost,lime,0.01,0,1092,0.8543859649122807,1.0,1
xgboost,lime,0.01,0,1100,0.8035087719298245,1.0,1
xgboost,lime,0.01,0,1112,0.7824561403508771,0.8,1
xgboost,lime,0.01,0,1116,0.5982456140350877,0.6,1
xgboost,lime,0.01,0,1119,0.882456140350877,0.8,1
xgboost,lime,0.01,0,1137,0.9298245614035087,0.8,1
xgboost,lime,0.01,0,1138,0.5614035087719299,0.6,1
xgboost,lime,0.01,0,1151,0.7754385964912281,0.8,1
xgboost,lime,0.01,0,1152,0.8719298245614034,0.8,1
xgboost,lime,0.01,0,1160,0.6070175438596491,1.0,1
xgboost,lime,0.01,0,1167,0.7754385964912281,1.0,1
xgboost,lime,0.01,0,1187,0.7228070175438598,1.0,1
xgboost,lime,0.01,0,1209,0.8807017543859648,0.8,1
xgboost,lime,0.01,0,1214,0.6964912280701754,1.0,1
xgboost,lime,0.01,0,1227,0.5473684210526315,0.8,0
xgboost,lime,0.01,0,1237,0.8210526315789475,1.0,1
xgboost,lime,0.01,0,1246,0.7175438596491229,0.8,1
xgboost,lime,0.01,0,1256,0.8754385964912281,0.8,1
xgboost,lime,0.01,0,1259,0.7964912280701755,0.8,1
xgboost,lime,0.01,0,1299,0.712280701754386,0.8,1
xgboost,lime,0.01,0,1300,0.8526315789473684,1.0,1
xgboost,lime,0.01,0,1309,0.7912280701754386,0.8,1
xgboost,lime,0.01,0,1314,0.9105263157894736,0.8,1
xgboost,lime,0.01,0,1316,0.8649122807017543,0.8,1
xgboost,lime,0.01,0,1322,0.8403508771929825,0.8,1
xgboost,lime,0.01,0,1339,0.763157894736842,0.8,1
xgboost,lime,0.01,0,1340,0.7754385964912281,0.8,1
xgboost,lime,0.01,0,1343,0.8087719298245614,0.8,1
xgboost,lime,0.01,0,1344,0.8947368421052632,0.8,1
xgboost,lime,0.01,0,1348,0.9105263157894736,0.8,0
xgboost,lime,0.01,0,1351,0.943859649122807,0.8,1
xgboost,lime,0.01,0,1354,0.7543859649122807,1.0,1
xgboost,lime,0.01,0,1360,0.7929824561403509,1.0,1
xgboost,lime,0.01,0,1368,0.8421052631578947,1.0,1
xgboost,lime,0.01,0,1379,0.7982456140350876,0.8,1
xgboost,lime,0.01,0,1383,0.8245614035087718,1.0,1
xgboost,lime,0.01,0,1389,0.8771929824561402,0.8,1
xgboost,lime,0.01,0,1392,0.8789473684210527,0.8,1
xgboost,lime,0.01,0,1395,0.780701754385965,1.0,1
xgboost,lime,0.01,1,9,0.7298245614035088,0.6,1
xgboost,lime,0.01,1,31,0.8789473684210527,1.0,1
xgboost,lime,0.01,1,41,0.8912280701754386,1.0,1
xgboost,lime,0.01,1,46,0.8701754385964912,1.0,1
xgboost,lime,0.01,1,49,0.9263157894736841,0.8,1
xgboost,lime,0.01,1,55,0.8719298245614034,1.0,1
xgboost,lime,0.01,1,79,0.8807017543859648,0.8,1
xgboost,lime,0.01,1,84,0.6771929824561403,0.8,1
xgboost,lime,0.01,1,97,0.8859649122807017,0.8,1
xgboost,lime,0.01,1,104,0.787719298245614,0.8,1
xgboost,lime,0.01,1,105,0.8771929824561402,0.8,1
xgboost,lime,0.01,1,107,0.8298245614035088,0.8,1
xgboost,lime,0.01,1,114,0.7473684210526316,1.0,1
xgboost,lime,0.01,1,121,0.7210526315789473,0.6,1
xgboost,lime,0.01,1,122,0.7210526315789473,1.0,1
xgboost,lime,0.01,1,123,0.8368421052631579,0.8,1
xgboost,lime,0.01,1,125,0.7929824561403509,0.6,0
xgboost,lime,0.01,1,146,0.8947368421052632,0.8,1
xgboost,lime,0.01,1,151,0.6666666666666666,0.8,1
xgboost,lime,0.01,1,156,0.7280701754385965,0.8,1
xgboost,lime,0.01,1,165,0.8052631578947368,1.0,1
xgboost,lime,0.01,1,166,0.4982456140350877,0.8,1
xgboost,lime,0.01,1,171,0.8596491228070176,1.0,1
xgboost,lime,0.01,1,182,0.8912280701754386,0.8,0
xgboost,lime,0.01,1,184,0.7052631578947368,0.8,0
xgboost,lime,0.01,1,194,0.8894736842105263,0.8,1
xgboost,lime,0.01,1,205,0.7333333333333334,1.0,1
xgboost,lime,0.01,1,206,0.6736842105263158,0.6,0
xgboost,lime,0.01,1,211,0.8298245614035088,1.0,1
xgboost,lime,0.01,1,223,0.9245614035087718,0.8,1
xgboost,lime,0.01,1,224,0.8017543859649122,0.8,1
xgboost,lime,0.01,1,229,0.9070175438596491,1.0,1
xgboost,lime,0.01,1,231,0.8666666666666666,0.8,1
xgboost,lime,0.01,1,241,0.7333333333333334,0.8,1
xgboost,lime,0.01,1,244,0.8771929824561402,1.0,1
xgboost,lime,0.01,1,261,0.8035087719298245,0.8,1
xgboost,lime,0.01,1,281,0.7859649122807018,0.8,1
xgboost,lime,0.01,1,289,0.8614035087719297,0.6,1
xgboost,lime,0.01,1,291,0.843859649122807,0.8,1
xgboost,lime,0.01,1,311,0.9526315789473684,0.8,1
xgboost,lime,0.01,1,316,0.787719298245614,0.8,1
xgboost,lime,0.01,1,325,0.8245614035087718,0.6,1
xgboost,lime,0.01,1,332,0.83859649122807,0.8,0
xgboost,lime,0.01,1,344,0.8596491228070176,1.0,1
xgboost,lime,0.01,1,364,0.8350877192982457,0.6,1
xgboost,lime,0.01,1,372,0.8350877192982457,0.8,1
xgboost,lime,0.01,1,375,0.7421052631578948,1.0,1
xgboost,lime,0.01,1,381,0.7421052631578948,0.8,1
xgboost,lime,0.01,1,398,0.863157894736842,0.8,1
xgboost,lime,0.01,1,403,0.8947368421052632,1.0,1
xgboost,lime,0.01,1,407,0.8614035087719297,1.0,1
xgboost,lime,0.01,1,414,0.8754385964912281,1.0,1
xgboost,lime,0.01,1,420,0.8842105263157896,1.0,1
xgboost,lime,0.01,1,423,0.7912280701754386,0.8,1
xgboost,lime,0.01,1,440,0.9543859649122807,1.0,1
xgboost,lime,0.01,1,442,0.8666666666666666,1.0,1
xgboost,lime,0.01,1,454,0.7947368421052632,0.8,1
xgboost,lime,0.01,1,457,0.8333333333333334,1.0,1
xgboost,lime,0.01,1,459,0.8122807017543859,0.8,1
xgboost,lime,0.01,1,464,0.8719298245614034,0.8,1
xgboost,lime,0.01,1,467,0.8859649122807017,0.8,1
xgboost,lime,0.01,1,471,0.7964912280701755,0.8,1
xgboost,lime,0.01,1,475,0.9017543859649122,1.0,1
xgboost,lime,0.01,1,480,0.763157894736842,1.0,1
xgboost,lime,0.01,1,495,0.7508771929824561,0.8,1
xgboost,lime,0.01,1,503,0.9035087719298246,1.0,1
xgboost,lime,0.01,1,506,0.6754385964912282,0.8,1
xgboost,lime,0.01,1,521,0.9228070175438597,1.0,1
xgboost,lime,0.01,1,523,0.49473684210526314,0.8,0
xgboost,lime,0.01,1,530,0.8596491228070176,0.8,1
xgboost,lime,0.01,1,547,0.8789473684210527,0.8,1
xgboost,lime,0.01,1,551,0.8666666666666666,1.0,1
xgboost,lime,0.01,1,556,0.780701754385965,0.8,1
xgboost,lime,0.01,1,558,0.7754385964912281,0.8,1
xgboost,lime,0.01,1,559,0.7701754385964912,0.8,1
xgboost,lime,0.01,1,562,0.7964912280701755,0.8,1
xgboost,lime,0.01,1,564,0.8315789473684211,1.0,1
xgboost,lime,0.01,1,572,0.8578947368421052,0.8,1
xgboost,lime,0.01,1,582,0.9175438596491228,1.0,1
xgboost,lime,0.01,1,587,0.9035087719298246,0.8,1
xgboost,lime,0.01,1,590,0.8666666666666666,1.0,1
xgboost,lime,0.01,1,591,0.8701754385964912,1.0,1
xgboost,lime,0.01,1,598,0.7947368421052632,1.0,1
xgboost,lime,0.01,1,605,0.7964912280701755,0.8,1
xgboost,lime,0.01,1,609,0.6964912280701754,0.8,1
xgboost,lime,0.01,1,613,0.7421052631578948,1.0,1
xgboost,lime,0.01,1,619,0.7982456140350876,0.8,1
xgboost,lime,0.01,1,620,0.7754385964912281,1.0,1
xgboost,lime,0.01,1,626,0.8543859649122807,0.8,1
xgboost,lime,0.01,1,627,0.6263157894736843,0.8,1
xgboost,lime,0.01,1,637,0.7333333333333334,0.8,1
xgboost,lime,0.01,1,640,0.8035087719298245,0.6,1
xgboost,lime,0.01,1,667,0.9052631578947368,1.0,1
xgboost,lime,0.01,1,673,0.8982456140350877,0.8,1
xgboost,lime,0.01,1,687,0.6807017543859648,0.8,1
xgboost,lime,0.01,1,688,0.9263157894736841,1.0,1
xgboost,lime,0.01,1,689,0.9,0.8,1
xgboost,lime,0.01,1,690,0.887719298245614,0.8,1
xgboost,lime,0.01,1,693,0.8754385964912281,1.0,1
xgboost,lime,0.01,1,724,0.8508771929824561,1.0,0
xgboost,lime,0.01,1,732,0.9298245614035087,0.8,1
xgboost,lime,0.01,1,740,0.6333333333333333,0.8,1
xgboost,lime,0.01,1,748,0.7508771929824561,0.6,1
xgboost,lime,0.01,1,751,0.6157894736842106,0.8,0
xgboost,lime,0.01,1,752,0.9210526315789472,1.0,1
xgboost,lime,0.01,1,755,0.7771929824561404,0.8,1
xgboost,lime,0.01,1,759,0.8736842105263157,1.0,1
xgboost,lime,0.01,1,766,0.863157894736842,1.0,1
xgboost,lime,0.01,1,786,0.8771929824561402,0.8,1
xgboost,lime,0.01,1,790,0.8052631578947368,0.8,1
xgboost,lime,0.01,1,792,0.8070175438596491,1.0,1
xgboost,lime,0.01,1,809,0.9052631578947368,1.0,1
xgboost,lime,0.01,1,812,0.8122807017543859,0.8,1
xgboost,lime,0.01,1,830,0.975438596491228,1.0,1
xgboost,lime,0.01,1,845,0.7842105263157895,0.8,1
xgboost,lime,0.01,1,847,0.6719298245614035,1.0,1
xgboost,lime,0.01,1,848,0.7473684210526316,0.6,0
xgboost,lime,0.01,1,850,0.7947368421052632,0.8,1
xgboost,lime,0.01,1,860,0.8421052631578947,1.0,1
xgboost,lime,0.01,1,864,0.83859649122807,0.8,1
xgboost,lime,0.01,1,869,0.887719298245614,1.0,1
xgboost,lime,0.01,1,872,0.9456140350877192,1.0,1
xgboost,lime,0.01,1,874,0.8964912280701753,0.8,1
xgboost,lime,0.01,1,875,0.7859649122807018,0.8,1
xgboost,lime,0.01,1,878,0.8649122807017543,0.8,1
xgboost,lime,0.01,1,880,0.8403508771929825,1.0,1
xgboost,lime,0.01,1,886,0.8228070175438595,0.8,1
xgboost,lime,0.01,1,889,0.8,0.8,1
xgboost,lime,0.01,1,896,0.9245614035087718,1.0,1
xgboost,lime,0.01,1,900,0.8298245614035088,1.0,1
xgboost,lime,0.01,1,904,0.7859649122807018,0.8,0
xgboost,lime,0.01,1,908,0.9210526315789472,1.0,1
xgboost,lime,0.01,1,927,0.8807017543859648,0.8,1
xgboost,lime,0.01,1,934,0.9175438596491228,0.8,1
xgboost,lime,0.01,1,939,0.819298245614035,0.8,1
xgboost,lime,0.01,1,943,0.8719298245614034,1.0,1
xgboost,lime,0.01,1,945,0.8491228070175438,0.8,1
xgboost,lime,0.01,1,954,0.9105263157894736,1.0,1
xgboost,lime,0.01,1,959,0.8210526315789475,1.0,1
xgboost,lime,0.01,1,961,0.9052631578947368,1.0,1
xgboost,lime,0.01,1,967,0.8175438596491227,0.8,1
xgboost,lime,0.01,1,976,0.8736842105263157,1.0,1
xgboost,lime,0.01,1,990,0.8771929824561402,0.8,1
xgboost,lime,0.01,1,993,0.863157894736842,0.8,1
xgboost,lime,0.01,1,996,0.7649122807017543,0.6,0
xgboost,lime,0.01,1,1014,0.6017543859649123,0.6,1
xgboost,lime,0.01,1,1015,0.8070175438596491,0.8,0
xgboost,lime,0.01,1,1019,0.8701754385964912,1.0,1
xgboost,lime,0.01,1,1023,0.8105263157894737,0.8,1
xgboost,lime,0.01,1,1027,0.6824561403508772,0.8,1
xgboost,lime,0.01,1,1028,0.6807017543859648,0.8,1
xgboost,lime,0.01,1,1031,0.7719298245614035,0.8,0
xgboost,lime,0.01,1,1039,0.9140350877192982,1.0,1
xgboost,lime,0.01,1,1043,0.9140350877192982,1.0,1
xgboost,lime,0.01,1,1052,0.5964912280701754,0.8,1
xgboost,lime,0.01,1,1063,0.7596491228070175,0.8,1
xgboost,lime,0.01,1,1065,0.736842105263158,0.8,1
xgboost,lime,0.01,1,1070,0.9192982456140351,0.8,1
xgboost,lime,0.01,1,1073,0.8596491228070176,1.0,1
xgboost,lime,0.01,1,1077,0.8578947368421052,0.8,1
xgboost,lime,0.01,1,1087,0.7771929824561404,0.8,1
xgboost,lime,0.01,1,1092,0.8491228070175438,1.0,1
xgboost,lime,0.01,1,1100,0.7824561403508771,0.8,1
xgboost,lime,0.01,1,1112,0.712280701754386,1.0,1
xgboost,lime,0.01,1,1116,0.8754385964912281,1.0,0
xgboost,lime,0.01,1,1119,0.8859649122807017,1.0,1
xgboost,lime,0.01,1,1137,0.9421052631578948,1.0,1
xgboost,lime,0.01,1,1138,0.7929824561403509,0.8,1
xgboost,lime,0.01,1,1151,0.7578947368421053,0.8,1
xgboost,lime,0.01,1,1152,0.7824561403508771,1.0,1
xgboost,lime,0.01,1,1160,0.8035087719298245,1.0,1
xgboost,lime,0.01,1,1167,0.7684210526315789,0.8,1
xgboost,lime,0.01,1,1187,0.8771929824561402,1.0,1
xgboost,lime,0.01,1,1209,0.8701754385964912,0.8,1
xgboost,lime,0.01,1,1214,0.5333333333333333,0.8,1
xgboost,lime,0.01,1,1227,0.7245614035087719,0.8,0
xgboost,lime,0.01,1,1237,0.8070175438596491,1.0,1
xgboost,lime,0.01,1,1246,0.7964912280701755,1.0,1
xgboost,lime,0.01,1,1256,0.8701754385964912,0.8,1
xgboost,lime,0.01,1,1259,0.7578947368421053,0.6,1
xgboost,lime,0.01,1,1299,0.6859649122807018,0.8,1
xgboost,lime,0.01,1,1300,0.7596491228070175,1.0,1
xgboost,lime,0.01,1,1309,0.7105263157894737,0.6,1
xgboost,lime,0.01,1,1314,0.8842105263157896,0.8,1
xgboost,lime,0.01,1,1316,0.8175438596491227,0.8,1
xgboost,lime,0.01,1,1322,0.9052631578947368,0.8,1
xgboost,lime,0.01,1,1339,0.7789473684210525,1.0,1
xgboost,lime,0.01,1,1340,0.7157894736842104,0.8,1
xgboost,lime,0.01,1,1343,0.8578947368421052,1.0,1
xgboost,lime,0.01,1,1344,0.9140350877192982,0.8,1
xgboost,lime,0.01,1,1348,0.9,0.8,1
xgboost,lime,0.01,1,1351,0.6982456140350877,1.0,1
xgboost,lime,0.01,1,1354,0.7947368421052632,1.0,1
xgboost,lime,0.01,1,1360,0.8543859649122807,1.0,1
xgboost,lime,0.01,1,1368,0.5859649122807017,0.6,1
xgboost,lime,0.01,1,1379,0.8403508771929825,0.8,1
xgboost,lime,0.01,1,1383,0.8508771929824561,0.6,1
xgboost,lime,0.01,1,1389,0.7982456140350876,1.0,1
xgboost,lime,0.01,1,1392,0.8245614035087718,0.8,1
xgboost,lime,0.01,1,1395,0.7315789473684211,1.0,1
xgboost,lime,0.01,2,9,0.7912280701754386,0.8,1
xgboost,lime,0.01,2,31,0.8052631578947368,0.8,1
xgboost,lime,0.01,2,41,0.6807017543859648,0.6,1
xgboost,lime,0.01,2,46,0.8052631578947368,1.0,1
xgboost,lime,0.01,2,49,0.8596491228070176,0.8,1
xgboost,lime,0.01,2,55,0.6894736842105263,0.8,1
xgboost,lime,0.01,2,79,0.9280701754385964,0.8,1
xgboost,lime,0.01,2,84,0.7157894736842104,1.0,1
xgboost,lime,0.01,2,97,0.8842105263157896,0.8,1
xgboost,lime,0.01,2,104,0.887719298245614,0.8,1
xgboost,lime,0.01,2,105,0.7964912280701755,0.8,1
xgboost,lime,0.01,2,107,0.8807017543859648,0.8,1
xgboost,lime,0.01,2,114,0.8473684210526315,1.0,1
xgboost,lime,0.01,2,121,0.8473684210526315,1.0,1
xgboost,lime,0.01,2,122,0.7298245614035088,1.0,1
xgboost,lime,0.01,2,123,0.7719298245614035,0.8,1
xgboost,lime,0.01,2,125,0.7491228070175439,0.8,1
xgboost,lime,0.01,2,146,0.8052631578947368,0.8,1
xgboost,lime,0.01,2,151,0.719298245614035,0.8,1
xgboost,lime,0.01,2,156,0.719298245614035,0.8,1
xgboost,lime,0.01,2,165,0.9087719298245613,1.0,1
xgboost,lime,0.01,2,166,0.5824561403508772,0.8,1
xgboost,lime,0.01,2,171,0.7350877192982455,1.0,1
xgboost,lime,0.01,2,182,0.8245614035087718,0.8,0
xgboost,lime,0.01,2,184,0.8210526315789475,0.8,1
xgboost,lime,0.01,2,194,0.6578947368421053,0.8,1
xgboost,lime,0.01,2,205,0.819298245614035,0.8,1
xgboost,lime,0.01,2,206,0.8526315789473684,0.6,1
xgboost,lime,0.01,2,211,0.8684210526315789,1.0,1
xgboost,lime,0.01,2,223,0.8982456140350877,0.8,1
xgboost,lime,0.01,2,224,0.9122807017543859,0.8,1
xgboost,lime,0.01,2,229,0.8947368421052632,1.0,1
xgboost,lime,0.01,2,231,0.8754385964912281,0.8,1
xgboost,lime,0.01,2,241,0.6543859649122807,0.8,1
xgboost,lime,0.01,2,244,0.863157894736842,1.0,1
xgboost,lime,0.01,2,261,0.7701754385964912,0.8,0
xgboost,lime,0.01,2,281,0.8228070175438595,1.0,1
xgboost,lime,0.01,2,289,0.6245614035087719,0.8,1
xgboost,lime,0.01,2,291,0.780701754385965,0.8,1
xgboost,lime,0.01,2,311,0.956140350877193,1.0,1
xgboost,lime,0.01,2,316,0.7649122807017543,0.8,1
xgboost,lime,0.01,2,325,0.7456140350877193,0.6,1
xgboost,lime,0.01,2,332,0.9228070175438597,0.8,0
xgboost,lime,0.01,2,344,0.8122807017543859,0.8,1
xgboost,lime,0.01,2,364,0.8947368421052632,0.6,1
xgboost,lime,0.01,2,372,0.9052631578947368,0.8,1
xgboost,lime,0.01,2,375,0.8333333333333334,0.8,1
xgboost,lime,0.01,2,381,0.9192982456140351,1.0,1
xgboost,lime,0.01,2,398,0.7228070175438598,0.8,0
xgboost,lime,0.01,2,403,0.8982456140350877,1.0,1
xgboost,lime,0.01,2,407,0.8894736842105263,1.0,1
xgboost,lime,0.01,2,414,0.7789473684210525,1.0,1
xgboost,lime,0.01,2,420,0.7771929824561404,1.0,1
xgboost,lime,0.01,2,423,0.780701754385965,1.0,1
xgboost,lime,0.01,2,440,0.9456140350877192,1.0,1
xgboost,lime,0.01,2,442,0.8315789473684211,1.0,1
xgboost,lime,0.01,2,454,0.5508771929824561,0.8,1
xgboost,lime,0.01,2,457,0.8508771929824561,1.0,1
xgboost,lime,0.01,2,459,0.7596491228070175,0.8,1
xgboost,lime,0.01,2,464,0.9473684210526316,0.8,1
xgboost,lime,0.01,2,467,0.9070175438596491,1.0,1
xgboost,lime,0.01,2,471,0.8491228070175438,1.0,1
xgboost,lime,0.01,2,475,0.787719298245614,1.0,1
xgboost,lime,0.01,2,480,0.8228070175438595,1.0,1
xgboost,lime,0.01,2,495,0.7,0.6,1
xgboost,lime,0.01,2,503,0.9,0.8,1
xgboost,lime,0.01,2,506,0.6964912280701754,1.0,1
xgboost,lime,0.01,2,521,0.9614035087719298,0.8,1
xgboost,lime,0.01,2,523,0.5508771929824561,0.8,0
xgboost,lime,0.01,2,530,0.8701754385964912,0.8,1
xgboost,lime,0.01,2,547,0.9263157894736841,1.0,1
xgboost,lime,0.01,2,551,0.83859649122807,1.0,1
xgboost,lime,0.01,2,556,0.7929824561403509,0.8,1
xgboost,lime,0.01,2,558,0.8245614035087718,0.8,1
xgboost,lime,0.01,2,559,0.780701754385965,0.8,1
xgboost,lime,0.01,2,562,0.8719298245614034,0.8,1
xgboost,lime,0.01,2,564,0.8929824561403509,1.0,1
xgboost,lime,0.01,2,572,0.7684210526315789,0.8,1
xgboost,lime,0.01,2,582,0.9456140350877192,1.0,1
xgboost,lime,0.01,2,587,0.7701754385964912,0.8,0
xgboost,lime,0.01,2,590,0.9421052631578948,1.0,1
xgboost,lime,0.01,2,591,0.9263157894736841,1.0,1
xgboost,lime,0.01,2,598,0.887719298245614,1.0,1
xgboost,lime,0.01,2,605,0.8473684210526315,0.8,1
xgboost,lime,0.01,2,609,0.7456140350877193,0.6,1
xgboost,lime,0.01,2,613,0.8526315789473684,1.0,1
xgboost,lime,0.01,2,619,0.763157894736842,0.8,1
xgboost,lime,0.01,2,620,0.8122807017543859,1.0,1
xgboost,lime,0.01,2,626,0.8508771929824561,0.8,1
xgboost,lime,0.01,2,627,0.6859649122807018,0.8,1
xgboost,lime,0.01,2,637,0.6701754385964912,0.6,0
xgboost,lime,0.01,2,640,0.7649122807017543,0.8,1
xgboost,lime,0.01,2,667,0.8122807017543859,1.0,1
xgboost,lime,0.01,2,673,0.8596491228070176,0.8,1
xgboost,lime,0.01,2,687,0.7508771929824561,0.8,1
xgboost,lime,0.01,2,688,0.9298245614035087,0.8,1
xgboost,lime,0.01,2,689,0.8736842105263157,1.0,1
xgboost,lime,0.01,2,690,0.7157894736842104,0.8,1
xgboost,lime,0.01,2,693,0.8912280701754386,1.0,1
xgboost,lime,0.01,2,724,0.8157894736842105,0.8,0
xgboost,lime,0.01,2,732,0.8456140350877193,0.8,1
xgboost,lime,0.01,2,740,0.7280701754385965,0.6,1
xgboost,lime,0.01,2,748,0.8666666666666666,0.8,1
xgboost,lime,0.01,2,751,0.8403508771929825,1.0,0
xgboost,lime,0.01,2,752,0.8666666666666666,1.0,1
xgboost,lime,0.01,2,755,0.9280701754385964,0.8,1
xgboost,lime,0.01,2,759,0.9105263157894736,0.8,1
xgboost,lime,0.01,2,766,0.8052631578947368,1.0,1
xgboost,lime,0.01,2,786,0.7754385964912281,0.6,1
xgboost,lime,0.01,2,790,0.8964912280701753,0.8,1
xgboost,lime,0.01,2,792,0.9070175438596491,1.0,1
xgboost,lime,0.01,2,809,0.9578947368421052,0.8,1
xgboost,lime,0.01,2,812,0.8017543859649122,1.0,1
xgboost,lime,0.01,2,830,0.9228070175438597,1.0,1
xgboost,lime,0.01,2,845,0.743859649122807,1.0,1
xgboost,lime,0.01,2,847,0.6982456140350877,1.0,1
xgboost,lime,0.01,2,848,0.8263157894736841,1.0,1
xgboost,lime,0.01,2,850,0.83859649122807,0.8,1
xgboost,lime,0.01,2,860,0.9245614035087718,1.0,1
xgboost,lime,0.01,2,864,0.8175438596491227,1.0,0
xgboost,lime,0.01,2,869,0.9052631578947368,0.8,1
xgboost,lime,0.01,2,872,0.9403508771929823,1.0,1
xgboost,lime,0.01,2,874,0.7684210526315789,0.8,1
xgboost,lime,0.01,2,875,0.8596491228070176,0.8,1
xgboost,lime,0.01,2,878,0.8947368421052632,0.8,1
xgboost,lime,0.01,2,880,0.887719298245614,0.8,1
xgboost,lime,0.01,2,886,0.7385964912280703,0.8,1
xgboost,lime,0.01,2,889,0.7929824561403509,0.8,1
xgboost,lime,0.01,2,896,0.7578947368421053,0.8,1
xgboost,lime,0.01,2,900,0.6280701754385966,1.0,1
xgboost,lime,0.01,2,904,0.7017543859649124,0.8,1
xgboost,lime,0.01,2,908,0.9456140350877192,0.8,1
xgboost,lime,0.01,2,927,0.8614035087719297,0.8,1
xgboost,lime,0.01,2,934,0.7684210526315789,0.8,1
xgboost,lime,0.01,2,939,0.8403508771929825,0.8,1
xgboost,lime,0.01,2,943,0.7912280701754386,0.6,1
xgboost,lime,0.01,2,945,0.8982456140350877,1.0,1
xgboost,lime,0.01,2,954,0.9175438596491228,1.0,1
xgboost,lime,0.01,2,959,0.8666666666666666,1.0,1
xgboost,lime,0.01,2,961,0.9368421052631579,1.0,1
xgboost,lime,0.01,2,967,0.7210526315789473,0.8,1
xgboost,lime,0.01,2,976,0.8649122807017543,1.0,1
xgboost,lime,0.01,2,990,0.7508771929824561,1.0,1
xgboost,lime,0.01,2,993,0.9333333333333333,0.8,1
xgboost,lime,0.01,2,996,0.8333333333333334,0.8,0
xgboost,lime,0.01,2,1014,0.5824561403508772,0.8,1
xgboost,lime,0.01,2,1015,0.819298245614035,1.0,1
xgboost,lime,0.01,2,1019,0.8491228070175438,1.0,1
xgboost,lime,0.01,2,1023,0.7701754385964912,0.8,1
xgboost,lime,0.01,2,1027,0.8070175438596491,0.8,1
xgboost,lime,0.01,2,1028,0.7473684210526316,0.8,1
xgboost,lime,0.01,2,1031,0.8947368421052632,0.8,0
xgboost,lime,0.01,2,1039,0.83859649122807,1.0,1
xgboost,lime,0.01,2,1043,0.8543859649122807,0.8,1
xgboost,lime,0.01,2,1052,0.7315789473684211,0.8,1
xgboost,lime,0.01,2,1063,0.7263157894736841,0.8,1
xgboost,lime,0.01,2,1065,0.8649122807017543,0.8,1
xgboost,lime,0.01,2,1070,0.8859649122807017,1.0,1
xgboost,lime,0.01,2,1073,0.887719298245614,1.0,1
xgboost,lime,0.01,2,1077,0.9368421052631579,0.8,1
xgboost,lime,0.01,2,1087,0.8140350877192982,0.6,1
xgboost,lime,0.01,2,1092,0.8508771929824561,1.0,1
xgboost,lime,0.01,2,1100,0.819298245614035,0.8,1
xgboost,lime,0.01,2,1112,0.7754385964912281,0.8,1
xgboost,lime,0.01,2,1116,0.7842105263157895,0.8,1
xgboost,lime,0.01,2,1119,0.8315789473684211,0.8,1
xgboost,lime,0.01,2,1137,0.8350877192982457,1.0,1
xgboost,lime,0.01,2,1138,0.8157894736842105,0.8,1
xgboost,lime,0.01,2,1151,0.9017543859649122,0.8,1
xgboost,lime,0.01,2,1152,0.856140350877193,1.0,1
xgboost,lime,0.01,2,1160,0.6403508771929824,0.8,1
xgboost,lime,0.01,2,1167,0.787719298245614,0.8,1
xgboost,lime,0.01,2,1187,0.7175438596491229,0.6,1
xgboost,lime,0.01,2,1209,0.9,0.8,1
xgboost,lime,0.01,2,1214,0.6491228070175438,1.0,1
xgboost,lime,0.01,2,1227,0.7228070175438598,0.8,1
xgboost,lime,0.01,2,1237,0.8789473684210527,0.8,1
xgboost,lime,0.01,2,1246,0.8157894736842105,1.0,1
xgboost,lime,0.01,2,1256,0.8333333333333334,0.8,1
xgboost,lime,0.01,2,1259,0.6824561403508772,0.6,1
xgboost,lime,0.01,2,1299,0.6982456140350877,0.8,1
xgboost,lime,0.01,2,1300,0.7964912280701755,1.0,1
xgboost,lime,0.01,2,1309,0.7350877192982455,0.8,1
xgboost,lime,0.01,2,1314,0.9070175438596491,1.0,1
xgboost,lime,0.01,2,1316,0.9210526315789472,0.8,1
xgboost,lime,0.01,2,1322,0.8982456140350877,1.0,1
xgboost,lime,0.01,2,1339,0.7035087719298245,1.0,1
xgboost,lime,0.01,2,1340,0.7649122807017543,0.8,1
xgboost,lime,0.01,2,1343,0.5403508771929825,0.8,1
xgboost,lime,0.01,2,1344,0.7859649122807018,0.8,1
xgboost,lime,0.01,2,1348,0.8456140350877193,0.8,0
xgboost,lime,0.01,2,1351,0.83859649122807,1.0,1
xgboost,lime,0.01,2,1354,0.8228070175438595,1.0,1
xgboost,lime,0.01,2,1360,0.8175438596491227,0.8,1
xgboost,lime,0.01,2,1368,0.7771929824561404,0.8,1
xgboost,lime,0.01,2,1379,0.7543859649122807,0.8,1
xgboost,lime,0.01,2,1383,0.9,1.0,1
xgboost,lime,0.01,2,1389,0.9228070175438597,1.0,1
xgboost,lime,0.01,2,1392,0.8350877192982457,0.8,1
xgboost,lime,0.01,2,1395,0.7491228070175439,1.0,1
xgboost,lime,0.05,0,9,0.8789473684210527,1.0,1
xgboost,lime,0.05,0,31,0.9228070175438597,1.0,1
xgboost,lime,0.05,0,41,0.6438596491228071,0.8,1
xgboost,lime,0.05,0,46,0.8122807017543859,1.0,1
xgboost,lime,0.05,0,49,0.8526315789473684,1.0,1
xgboost,lime,0.05,0,55,0.763157894736842,1.0,1
xgboost,lime,0.05,0,79,0.863157894736842,0.8,1
xgboost,lime,0.05,0,84,0.7491228070175439,1.0,1
xgboost,lime,0.05,0,97,0.9017543859649122,0.8,1
xgboost,lime,0.05,0,104,0.8701754385964912,0.6,1
xgboost,lime,0.05,0,105,0.7894736842105263,0.8,1
xgboost,lime,0.05,0,107,0.882456140350877,0.8,1
xgboost,lime,0.05,0,114,0.7719298245614035,1.0,1
xgboost,lime,0.05,0,121,0.8228070175438595,1.0,1
xgboost,lime,0.05,0,122,0.9192982456140351,1.0,1
xgboost,lime,0.05,0,123,0.8333333333333334,0.8,1
xgboost,lime,0.05,0,125,0.7912280701754386,0.8,1
xgboost,lime,0.05,0,146,0.8807017543859648,0.8,1
xgboost,lime,0.05,0,151,0.6578947368421053,0.8,1
xgboost,lime,0.05,0,156,0.756140350877193,0.8,1
xgboost,lime,0.05,0,165,0.8807017543859648,1.0,1
xgboost,lime,0.05,0,166,0.7157894736842104,1.0,1
xgboost,lime,0.05,0,171,0.9070175438596491,1.0,1
xgboost,lime,0.05,0,182,0.787719298245614,0.8,0
xgboost,lime,0.05,0,184,0.8964912280701753,0.6,1
xgboost,lime,0.05,0,194,0.8280701754385964,1.0,1
xgboost,lime,0.05,0,205,0.83859649122807,0.8,1
xgboost,lime,0.05,0,206,0.7210526315789473,0.6,0
xgboost,lime,0.05,0,211,0.8122807017543859,0.8,1
xgboost,lime,0.05,0,223,0.9192982456140351,0.8,1
xgboost,lime,0.05,0,224,0.7684210526315789,0.8,1
xgboost,lime,0.05,0,229,0.9052631578947368,1.0,1
xgboost,lime,0.05,0,231,0.7228070175438598,0.8,1
xgboost,lime,0.05,0,241,0.6596491228070176,0.8,1
xgboost,lime,0.05,0,244,0.8473684210526315,1.0,1
xgboost,lime,0.05,0,261,0.8771929824561402,0.8,1
xgboost,lime,0.05,0,281,0.8491228070175438,1.0,1
xgboost,lime,0.05,0,289,0.8894736842105263,0.8,1
xgboost,lime,0.05,0,291,0.7754385964912281,0.8,1
xgboost,lime,0.05,0,311,0.9175438596491228,0.8,1
xgboost,lime,0.05,0,316,0.9684210526315788,0.8,1
xgboost,lime,0.05,0,325,0.8491228070175438,0.6,1
xgboost,lime,0.05,0,332,0.7263157894736841,0.8,0
xgboost,lime,0.05,0,344,0.787719298245614,1.0,1
xgboost,lime,0.05,0,364,0.8526315789473684,1.0,1
xgboost,lime,0.05,0,372,0.8578947368421052,0.8,1
xgboost,lime,0.05,0,375,0.8315789473684211,0.8,1
xgboost,lime,0.05,0,381,0.9070175438596491,1.0,1
xgboost,lime,0.05,0,398,0.8684210526315789,0.8,0
xgboost,lime,0.05,0,403,0.8491228070175438,1.0,1
xgboost,lime,0.05,0,407,0.8140350877192982,1.0,1
xgboost,lime,0.05,0,414,0.7929824561403509,0.8,1
xgboost,lime,0.05,0,420,0.882456140350877,1.0,1
xgboost,lime,0.05,0,423,0.8771929824561402,1.0,1
xgboost,lime,0.05,0,440,0.9508771929824561,1.0,1
xgboost,lime,0.05,0,442,0.8701754385964912,1.0,1
xgboost,lime,0.05,0,454,0.7701754385964912,0.8,1
xgboost,lime,0.05,0,457,0.8947368421052632,1.0,1
xgboost,lime,0.05,0,459,0.6684210526315789,0.8,1
xgboost,lime,0.05,0,464,0.7280701754385965,0.8,1
xgboost,lime,0.05,0,467,0.9543859649122807,0.8,1
xgboost,lime,0.05,0,471,0.9,1.0,1
xgboost,lime,0.05,0,475,0.8964912280701753,1.0,1
xgboost,lime,0.05,0,480,0.9192982456140351,0.8,1
xgboost,lime,0.05,0,495,0.7350877192982455,0.6,1
xgboost,lime,0.05,0,503,0.8491228070175438,1.0,1
xgboost,lime,0.05,0,506,0.7333333333333334,0.8,1
xgboost,lime,0.05,0,521,0.780701754385965,1.0,1
xgboost,lime,0.05,0,523,0.6175438596491227,0.8,0
xgboost,lime,0.05,0,530,0.8894736842105263,0.8,1
xgboost,lime,0.05,0,547,0.843859649122807,1.0,1
xgboost,lime,0.05,0,551,0.9070175438596491,1.0,1
xgboost,lime,0.05,0,556,0.6526315789473683,1.0,1
xgboost,lime,0.05,0,558,0.8017543859649122,0.8,1
xgboost,lime,0.05,0,559,0.8929824561403509,0.8,1
xgboost,lime,0.05,0,562,0.9228070175438597,0.8,1
xgboost,lime,0.05,0,564,0.8228070175438595,0.8,1
xgboost,lime,0.05,0,572,0.7649122807017543,0.6,1
xgboost,lime,0.05,0,582,0.8315789473684211,1.0,1
xgboost,lime,0.05,0,587,0.863157894736842,1.0,1
xgboost,lime,0.05,0,590,0.9649122807017543,1.0,1
xgboost,lime,0.05,0,591,0.9385964912280702,1.0,1
xgboost,lime,0.05,0,598,0.7894736842105263,0.8,1
xgboost,lime,0.05,0,605,0.863157894736842,0.8,1
xgboost,lime,0.05,0,609,0.8,0.8,1
xgboost,lime,0.05,0,613,0.8508771929824561,1.0,1
xgboost,lime,0.05,0,619,0.7596491228070175,0.8,1
xgboost,lime,0.05,0,620,0.8368421052631579,1.0,1
xgboost,lime,0.05,0,626,0.9508771929824561,0.8,1
xgboost,lime,0.05,0,627,0.6754385964912282,0.8,1
xgboost,lime,0.05,0,637,0.8543859649122807,0.8,1
xgboost,lime,0.05,0,640,0.8473684210526315,0.8,1
xgboost,lime,0.05,0,667,0.8859649122807017,1.0,1
xgboost,lime,0.05,0,673,0.7736842105263159,0.8,1
xgboost,lime,0.05,0,687,0.743859649122807,0.8,1
xgboost,lime,0.05,0,688,0.9280701754385964,1.0,1
xgboost,lime,0.05,0,689,0.8473684210526315,0.8,1
xgboost,lime,0.05,0,690,0.780701754385965,0.8,1
xgboost,lime,0.05,0,693,0.8087719298245614,1.0,1
xgboost,lime,0.05,0,724,0.7912280701754386,0.8,1
xgboost,lime,0.05,0,732,0.8754385964912281,1.0,1
xgboost,lime,0.05,0,740,0.7175438596491229,0.8,1
xgboost,lime,0.05,0,748,0.6947368421052632,0.8,1
xgboost,lime,0.05,0,751,0.6456140350877193,0.8,0
xgboost,lime,0.05,0,752,0.7859649122807018,1.0,1
xgboost,lime,0.05,0,755,0.8456140350877193,0.8,1
xgboost,lime,0.05,0,759,0.9175438596491228,1.0,1
xgboost,lime,0.05,0,766,0.8333333333333334,1.0,1
xgboost,lime,0.05,0,786,0.8526315789473684,0.6,1
xgboost,lime,0.05,0,790,0.8929824561403509,0.6,1
xgboost,lime,0.05,0,792,0.8596491228070176,1.0,1
xgboost,lime,0.05,0,809,0.9035087719298246,0.8,1
xgboost,lime,0.05,0,812,0.9035087719298246,0.8,1
xgboost,lime,0.05,0,830,0.9245614035087718,0.8,1
xgboost,lime,0.05,0,845,0.7947368421052632,0.8,1
xgboost,lime,0.05,0,847,0.8508771929824561,1.0,1
xgboost,lime,0.05,0,848,0.7315789473684211,0.8,0
xgboost,lime,0.05,0,850,0.7719298245614035,0.6,1
xgboost,lime,0.05,0,860,0.8456140350877193,0.8,1
xgboost,lime,0.05,0,864,0.7508771929824561,0.8,1
xgboost,lime,0.05,0,869,0.9473684210526316,1.0,1
xgboost,lime,0.05,0,872,0.8912280701754386,1.0,1
xgboost,lime,0.05,0,874,0.6842105263157895,0.8,1
xgboost,lime,0.05,0,875,0.9035087719298246,0.8,1
xgboost,lime,0.05,0,878,0.8087719298245614,0.8,1
xgboost,lime,0.05,0,880,0.7754385964912281,1.0,1
xgboost,lime,0.05,0,886,0.8333333333333334,0.8,1
xgboost,lime,0.05,0,889,0.8982456140350877,0.8,1
xgboost,lime,0.05,0,896,0.882456140350877,1.0,1
xgboost,lime,0.05,0,900,0.8982456140350877,1.0,1
xgboost,lime,0.05,0,904,0.719298245614035,0.8,1
xgboost,lime,0.05,0,908,0.9228070175438597,0.8,1
xgboost,lime,0.05,0,927,0.9052631578947368,0.8,1
xgboost,lime,0.05,0,934,0.9052631578947368,0.8,1
xgboost,lime,0.05,0,939,0.8350877192982457,1.0,1
xgboost,lime,0.05,0,943,0.9157894736842105,0.8,1
xgboost,lime,0.05,0,945,0.887719298245614,0.8,1
xgboost,lime,0.05,0,954,0.8543859649122807,0.8,1
xgboost,lime,0.05,0,959,0.8807017543859648,0.8,1
xgboost,lime,0.05,0,961,0.8614035087719297,1.0,1
xgboost,lime,0.05,0,967,0.6807017543859648,0.8,1
xgboost,lime,0.05,0,976,0.8526315789473684,1.0,1
xgboost,lime,0.05,0,990,0.8982456140350877,1.0,1
xgboost,lime,0.05,0,993,0.9228070175438597,1.0,1
xgboost,lime,0.05,0,996,0.8070175438596491,0.8,1
xgboost,lime,0.05,0,1014,0.5666666666666667,0.6,1
xgboost,lime,0.05,0,1015,0.9315789473684211,0.8,1
xgboost,lime,0.05,0,1019,0.8421052631578947,1.0,1
xgboost,lime,0.05,0,1023,0.9122807017543859,0.6,1
xgboost,lime,0.05,0,1027,0.8473684210526315,0.8,1
xgboost,lime,0.05,0,1028,0.7596491228070175,0.8,1
xgboost,lime,0.05,0,1031,0.8491228070175438,0.8,0
xgboost,lime,0.05,0,1039,0.8368421052631579,0.8,1
xgboost,lime,0.05,0,1043,0.7736842105263159,1.0,1
xgboost,lime,0.05,0,1052,0.8771929824561402,0.8,1
xgboost,lime,0.05,0,1063,0.6456140350877193,0.8,1
xgboost,lime,0.05,0,1065,0.9140350877192982,0.8,1
xgboost,lime,0.05,0,1070,0.8368421052631579,0.8,1
xgboost,lime,0.05,0,1073,0.8736842105263157,1.0,1
xgboost,lime,0.05,0,1077,0.8912280701754386,0.8,1
xgboost,lime,0.05,0,1087,0.8543859649122807,0.6,1
xgboost,lime,0.05,0,1092,0.8491228070175438,0.8,1
xgboost,lime,0.05,0,1100,0.7157894736842104,0.8,1
xgboost,lime,0.05,0,1112,0.7596491228070175,1.0,1
xgboost,lime,0.05,0,1116,0.6263157894736843,0.6,1
xgboost,lime,0.05,0,1119,0.7596491228070175,0.8,1
xgboost,lime,0.05,0,1137,0.8614035087719297,1.0,1
xgboost,lime,0.05,0,1138,0.6035087719298246,0.6,0
xgboost,lime,0.05,0,1151,0.8157894736842105,0.8,1
xgboost,lime,0.05,0,1152,0.9122807017543859,0.8,1
xgboost,lime,0.05,0,1160,0.5421052631578946,1.0,1
xgboost,lime,0.05,0,1167,0.8263157894736841,1.0,1
xgboost,lime,0.05,0,1187,0.6175438596491227,0.8,1
xgboost,lime,0.05,0,1209,0.8859649122807017,0.8,1
xgboost,lime,0.05,0,1214,0.5473684210526315,0.8,1
xgboost,lime,0.05,0,1227,0.6807017543859648,0.6,1
xgboost,lime,0.05,0,1237,0.8175438596491227,1.0,1
xgboost,lime,0.05,0,1246,0.8842105263157896,1.0,1
xgboost,lime,0.05,0,1256,0.863157894736842,0.6,1
xgboost,lime,0.05,0,1259,0.9157894736842105,0.8,1
xgboost,lime,0.05,0,1299,0.6596491228070176,1.0,1
xgboost,lime,0.05,0,1300,0.9035087719298246,1.0,1
xgboost,lime,0.05,0,1309,0.7350877192982455,0.6,1
xgboost,lime,0.05,0,1314,0.6947368421052632,0.8,1
xgboost,lime,0.05,0,1316,0.819298245614035,0.8,1
xgboost,lime,0.05,0,1322,0.8333333333333334,1.0,1
xgboost,lime,0.05,0,1339,0.819298245614035,0.8,1
xgboost,lime,0.05,0,1340,0.8052631578947368,0.8,1
xgboost,lime,0.05,0,1343,0.7701754385964912,0.6,1
xgboost,lime,0.05,0,1344,0.8789473684210527,0.8,1
xgboost,lime,0.05,0,1348,0.7736842105263159,0.8,0
xgboost,lime,0.05,0,1351,0.9157894736842105,0.8,1
xgboost,lime,0.05,0,1354,0.887719298245614,0.8,1
xgboost,lime,0.05,0,1360,0.8736842105263157,1.0,1
xgboost,lime,0.05,0,1368,0.819298245614035,0.8,1
xgboost,lime,0.05,0,1379,0.7175438596491229,0.8,1
xgboost,lime,0.05,0,1383,0.8175438596491227,1.0,1
xgboost,lime,0.05,0,1389,0.8719298245614034,0.8,1
xgboost,lime,0.05,0,1392,0.9280701754385964,0.8,1
xgboost,lime,0.05,0,1395,0.8070175438596491,0.8,1
xgboost,lime,0.05,1,9,0.9315789473684211,0.8,1
xgboost,lime,0.05,1,31,0.9105263157894736,1.0,1
xgboost,lime,0.05,1,41,0.882456140350877,1.0,1
xgboost,lime,0.05,1,46,0.8368421052631579,1.0,1
xgboost,lime,0.05,1,49,0.7964912280701755,0.8,1
xgboost,lime,0.05,1,55,0.4666666666666667,0.8,1
xgboost,lime,0.05,1,79,0.8070175438596491,0.8,1
xgboost,lime,0.05,1,84,0.5824561403508772,0.8,1
xgboost,lime,0.05,1,97,0.7824561403508771,0.8,0
xgboost,lime,0.05,1,104,0.7526315789473684,0.6,1
xgboost,lime,0.05,1,105,0.8982456140350877,0.8,1
xgboost,lime,0.05,1,107,0.8456140350877193,0.8,1
xgboost,lime,0.05,1,114,0.8228070175438595,0.8,1
xgboost,lime,0.05,1,121,0.8859649122807017,1.0,1
xgboost,lime,0.05,1,122,0.8070175438596491,0.8,1
xgboost,lime,0.05,1,123,0.8982456140350877,1.0,1
xgboost,lime,0.05,1,125,0.7859649122807018,1.0,0
xgboost,lime,0.05,1,146,0.9263157894736841,1.0,1
xgboost,lime,0.05,1,151,0.8245614035087718,1.0,1
xgboost,lime,0.05,1,156,0.7526315789473684,1.0,1
xgboost,lime,0.05,1,165,0.8912280701754386,0.8,1
xgboost,lime,0.05,1,166,0.687719298245614,1.0,1
xgboost,lime,0.05,1,171,0.9157894736842105,1.0,1
xgboost,lime,0.05,1,182,0.7140350877192982,0.8,0
xgboost,lime,0.05,1,184,0.6491228070175438,0.4,1
xgboost,lime,0.05,1,194,0.6736842105263158,0.8,1
xgboost,lime,0.05,1,205,0.8701754385964912,0.8,1
xgboost,lime,0.05,1,206,0.7614035087719299,0.6,1
xgboost,lime,0.05,1,211,0.9421052631578948,1.0,1
xgboost,lime,0.05,1,223,0.863157894736842,0.8,1
xgboost,lime,0.05,1,224,0.6964912280701754,0.6,1
xgboost,lime,0.05,1,229,0.9421052631578948,1.0,1
xgboost,lime,0.05,1,231,0.9473684210526316,0.8,1
xgboost,lime,0.05,1,241,0.7315789473684211,0.8,1
xgboost,lime,0.05,1,244,0.83859649122807,1.0,1
xgboost,lime,0.05,1,261,0.8210526315789475,0.8,1
xgboost,lime,0.05,1,281,0.787719298245614,1.0,1
xgboost,lime,0.05,1,289,0.8596491228070176,0.8,1
xgboost,lime,0.05,1,291,0.7052631578947368,0.8,1
xgboost,lime,0.05,1,311,0.9070175438596491,1.0,1
xgboost,lime,0.05,1,316,0.8263157894736841,0.8,1
xgboost,lime,0.05,1,325,0.7175438596491229,0.6,1
xgboost,lime,0.05,1,332,0.6368421052631579,0.6,0
xgboost,lime,0.05,1,344,0.8070175438596491,1.0,1
xgboost,lime,0.05,1,364,0.7614035087719299,0.8,1
xgboost,lime,0.05,1,372,0.9350877192982456,1.0,1
xgboost,lime,0.05,1,375,0.7912280701754386,1.0,1
xgboost,lime,0.05,1,381,0.8508771929824561,0.8,1
xgboost,lime,0.05,1,398,0.8789473684210527,0.8,1
xgboost,lime,0.05,1,403,0.780701754385965,1.0,1
xgboost,lime,0.05,1,407,0.9017543859649122,0.8,1
xgboost,lime,0.05,1,414,0.8140350877192982,0.8,1
xgboost,lime,0.05,1,420,0.7087719298245614,0.8,1
xgboost,lime,0.05,1,423,0.9157894736842105,1.0,1
xgboost,lime,0.05,1,440,0.887719298245614,1.0,1
xgboost,lime,0.05,1,442,0.8842105263157896,1.0,1
xgboost,lime,0.05,1,454,0.780701754385965,0.8,1
xgboost,lime,0.05,1,457,0.9543859649122807,1.0,1
xgboost,lime,0.05,1,459,0.8368421052631579,0.8,1
xgboost,lime,0.05,1,464,0.8666666666666666,0.8,1
xgboost,lime,0.05,1,467,0.8982456140350877,0.8,1
xgboost,lime,0.05,1,471,0.9105263157894736,1.0,1
xgboost,lime,0.05,1,475,0.887719298245614,1.0,1
xgboost,lime,0.05,1,480,0.9333333333333333,1.0,1
xgboost,lime,0.05,1,495,0.7754385964912281,0.8,1
xgboost,lime,0.05,1,503,0.9350877192982456,1.0,1
xgboost,lime,0.05,1,506,0.8508771929824561,0.8,1
xgboost,lime,0.05,1,521,0.8666666666666666,1.0,1
xgboost,lime,0.05,1,523,0.6421052631578947,0.8,0
xgboost,lime,0.05,1,530,0.8947368421052632,1.0,1
xgboost,lime,0.05,1,547,0.8894736842105263,0.8,1
xgboost,lime,0.05,1,551,0.7824561403508771,1.0,1
xgboost,lime,0.05,1,556,0.756140350877193,1.0,1
xgboost,lime,0.05,1,558,0.7350877192982455,0.8,1
xgboost,lime,0.05,1,559,0.9333333333333333,0.8,1
xgboost,lime,0.05,1,562,0.7736842105263159,0.6,0
xgboost,lime,0.05,1,564,0.7666666666666666,1.0,1
xgboost,lime,0.05,1,572,0.7403508771929824,0.6,1
xgboost,lime,0.05,1,582,0.9017543859649122,1.0,1
xgboost,lime,0.05,1,587,0.8421052631578947,1.0,1
xgboost,lime,0.05,1,590,0.8684210526315789,1.0,1
xgboost,lime,0.05,1,591,0.9157894736842105,1.0,1
xgboost,lime,0.05,1,598,0.8894736842105263,1.0,1
xgboost,lime,0.05,1,605,0.887719298245614,1.0,1
xgboost,lime,0.05,1,609,0.8929824561403509,1.0,1
xgboost,lime,0.05,1,613,0.6438596491228071,0.8,1
xgboost,lime,0.05,1,619,0.8052631578947368,0.8,1
xgboost,lime,0.05,1,620,0.6649122807017543,1.0,1
xgboost,lime,0.05,1,626,0.9596491228070174,0.8,1
xgboost,lime,0.05,1,627,0.7894736842105263,0.8,1
xgboost,lime,0.05,1,637,0.7421052631578948,0.8,1
xgboost,lime,0.05,1,640,0.8982456140350877,1.0,1
xgboost,lime,0.05,1,667,0.8807017543859648,0.6,1
xgboost,lime,0.05,1,673,0.7894736842105263,0.8,1
xgboost,lime,0.05,1,687,0.5736842105263157,0.8,1
xgboost,lime,0.05,1,688,0.8842105263157896,1.0,1
xgboost,lime,0.05,1,689,0.8614035087719297,0.8,1
xgboost,lime,0.05,1,690,0.7719298245614035,0.8,1
xgboost,lime,0.05,1,693,0.8263157894736841,1.0,1
xgboost,lime,0.05,1,724,0.9333333333333333,0.8,0
xgboost,lime,0.05,1,732,0.8736842105263157,0.8,1
xgboost,lime,0.05,1,740,0.8333333333333334,0.8,1
xgboost,lime,0.05,1,748,0.8280701754385964,0.8,1
xgboost,lime,0.05,1,751,0.7771929824561404,0.6,0
xgboost,lime,0.05,1,752,0.9631578947368421,1.0,1
xgboost,lime,0.05,1,755,0.9035087719298246,0.6,1
xgboost,lime,0.05,1,759,0.9245614035087718,0.8,1
xgboost,lime,0.05,1,766,0.8350877192982457,0.8,1
xgboost,lime,0.05,1,786,0.8701754385964912,0.8,1
xgboost,lime,0.05,1,790,0.8964912280701753,0.8,1
xgboost,lime,0.05,1,792,0.8736842105263157,1.0,1
xgboost,lime,0.05,1,809,0.8666666666666666,1.0,1
xgboost,lime,0.05,1,812,0.8122807017543859,0.8,1
xgboost,lime,0.05,1,830,0.9473684210526316,0.8,1
xgboost,lime,0.05,1,845,0.7824561403508771,1.0,1
xgboost,lime,0.05,1,847,0.7719298245614035,1.0,1
xgboost,lime,0.05,1,848,0.7333333333333334,0.8,0
xgboost,lime,0.05,1,850,0.6070175438596491,0.8,1
xgboost,lime,0.05,1,860,0.7052631578947368,0.8,1
xgboost,lime,0.05,1,864,0.83859649122807,0.8,1
xgboost,lime,0.05,1,869,0.9210526315789472,1.0,1
xgboost,lime,0.05,1,872,0.8403508771929825,1.0,1
xgboost,lime,0.05,1,874,0.712280701754386,0.8,1
xgboost,lime,0.05,1,875,0.8210526315789475,0.8,1
xgboost,lime,0.05,1,878,0.9421052631578948,1.0,1
xgboost,lime,0.05,1,880,0.7789473684210525,1.0,0
xgboost,lime,0.05,1,886,0.6754385964912282,0.8,1
xgboost,lime,0.05,1,889,0.8421052631578947,0.8,1
xgboost,lime,0.05,1,896,0.856140350877193,1.0,1
xgboost,lime,0.05,1,900,0.819298245614035,1.0,1
xgboost,lime,0.05,1,904,0.7929824561403509,0.8,1
xgboost,lime,0.05,1,908,0.9403508771929823,1.0,1
xgboost,lime,0.05,1,927,0.8280701754385964,0.8,1
xgboost,lime,0.05,1,934,0.8947368421052632,0.8,1
xgboost,lime,0.05,1,939,0.8508771929824561,0.8,1
xgboost,lime,0.05,1,943,0.8614035087719297,0.8,1
xgboost,lime,0.05,1,945,0.8964912280701753,1.0,1
xgboost,lime,0.05,1,954,0.8894736842105263,0.8,1
xgboost,lime,0.05,1,959,0.8807017543859648,1.0,1
xgboost,lime,0.05,1,961,0.8719298245614034,0.8,1
xgboost,lime,0.05,1,967,0.687719298245614,0.8,1
xgboost,lime,0.05,1,976,0.8122807017543859,1.0,1
xgboost,lime,0.05,1,990,0.7491228070175439,1.0,1
xgboost,lime,0.05,1,993,0.9192982456140351,1.0,1
xgboost,lime,0.05,1,996,0.7929824561403509,0.8,1
xgboost,lime,0.05,1,1014,0.5912280701754385,0.6,1
xgboost,lime,0.05,1,1015,0.8105263157894737,0.8,0
xgboost,lime,0.05,1,1019,0.7894736842105263,1.0,1
xgboost,lime,0.05,1,1023,0.8368421052631579,0.8,1
xgboost,lime,0.05,1,1027,0.6859649122807018,0.8,1
xgboost,lime,0.05,1,1028,0.687719298245614,0.8,1
xgboost,lime,0.05,1,1031,0.887719298245614,1.0,0
xgboost,lime,0.05,1,1039,0.8649122807017543,1.0,1
xgboost,lime,0.05,1,1043,0.8333333333333334,1.0,1
xgboost,lime,0.05,1,1052,0.7140350877192982,0.8,1
xgboost,lime,0.05,1,1063,0.6947368421052632,0.8,1
xgboost,lime,0.05,1,1065,0.8701754385964912,0.8,1
xgboost,lime,0.05,1,1070,0.8684210526315789,0.8,1
xgboost,lime,0.05,1,1073,0.8947368421052632,1.0,1
xgboost,lime,0.05,1,1077,0.8035087719298245,0.8,1
xgboost,lime,0.05,1,1087,0.7824561403508771,0.8,1
xgboost,lime,0.05,1,1092,0.9175438596491228,1.0,1
xgboost,lime,0.05,1,1100,0.7491228070175439,0.8,1
xgboost,lime,0.05,1,1112,0.8912280701754386,1.0,1
xgboost,lime,0.05,1,1116,0.8578947368421052,0.8,1
xgboost,lime,0.05,1,1119,0.719298245614035,0.8,1
xgboost,lime,0.05,1,1137,0.8456140350877193,1.0,1
xgboost,lime,0.05,1,1138,0.7298245614035088,0.8,1
xgboost,lime,0.05,1,1151,0.756140350877193,0.8,1
xgboost,lime,0.05,1,1152,0.882456140350877,1.0,1
xgboost,lime,0.05,1,1160,0.6526315789473683,0.8,1
xgboost,lime,0.05,1,1167,0.7789473684210525,0.8,1
xgboost,lime,0.05,1,1187,0.7315789473684211,1.0,1
xgboost,lime,0.05,1,1209,0.7666666666666666,0.8,1
xgboost,lime,0.05,1,1214,0.687719298245614,1.0,1
xgboost,lime,0.05,1,1227,0.6631578947368422,0.8,1
xgboost,lime,0.05,1,1237,0.8228070175438595,1.0,1
xgboost,lime,0.05,1,1246,0.7754385964912281,0.8,1
xgboost,lime,0.05,1,1256,0.8280701754385964,1.0,1
xgboost,lime,0.05,1,1259,0.8736842105263157,1.0,1
xgboost,lime,0.05,1,1299,0.8017543859649122,0.8,1
xgboost,lime,0.05,1,1300,0.8719298245614034,1.0,1
xgboost,lime,0.05,1,1309,0.763157894736842,0.8,1
xgboost,lime,0.05,1,1314,0.7526315789473684,0.8,1
xgboost,lime,0.05,1,1316,0.8263157894736841,0.8,1
xgboost,lime,0.05,1,1322,0.8807017543859648,0.8,1
xgboost,lime,0.05,1,1339,0.8070175438596491,1.0,1
xgboost,lime,0.05,1,1340,0.6210526315789473,0.8,1
xgboost,lime,0.05,1,1343,0.5824561403508772,0.6,1
xgboost,lime,0.05,1,1344,0.8087719298245614,0.6,1
xgboost,lime,0.05,1,1348,0.83859649122807,0.8,0
xgboost,lime,0.05,1,1351,0.9070175438596491,1.0,1
xgboost,lime,0.05,1,1354,0.9175438596491228,0.8,1
xgboost,lime,0.05,1,1360,0.8228070175438595,0.8,1
xgboost,lime,0.05,1,1368,0.543859649122807,0.6,1
xgboost,lime,0.05,1,1379,0.8736842105263157,0.8,1
xgboost,lime,0.05,1,1383,0.6929824561403508,0.8,1
xgboost,lime,0.05,1,1389,0.8859649122807017,0.8,1
xgboost,lime,0.05,1,1392,0.8491228070175438,0.8,1
xgboost,lime,0.05,1,1395,0.819298245614035,1.0,1
xgboost,lime,0.05,2,9,0.8280701754385964,0.8,1
xgboost,lime,0.05,2,31,0.7280701754385965,1.0,1
xgboost,lime,0.05,2,41,0.7859649122807018,0.8,1
xgboost,lime,0.05,2,46,0.9508771929824561,0.8,1
xgboost,lime,0.05,2,49,0.8035087719298245,0.6,1
xgboost,lime,0.05,2,55,0.5298245614035089,0.8,1
xgboost,lime,0.05,2,79,0.8157894736842105,1.0,1
xgboost,lime,0.05,2,84,0.7157894736842104,0.8,1
xgboost,lime,0.05,2,97,0.856140350877193,0.8,1
xgboost,lime,0.05,2,104,0.7947368421052632,0.8,1
xgboost,lime,0.05,2,105,0.8964912280701753,1.0,1
xgboost,lime,0.05,2,107,0.887719298245614,0.8,1
xgboost,lime,0.05,2,114,0.8210526315789475,1.0,1
xgboost,lime,0.05,2,121,0.8929824561403509,1.0,1
xgboost,lime,0.05,2,122,0.7842105263157895,1.0,1
xgboost,lime,0.05,2,123,0.9087719298245613,0.8,1
xgboost,lime,0.05,2,125,0.8403508771929825,0.8,0
xgboost,lime,0.05,2,146,0.8315789473684211,0.8,1
xgboost,lime,0.05,2,151,0.8140350877192982,0.8,1
xgboost,lime,0.05,2,156,0.6561403508771929,0.8,1
xgboost,lime,0.05,2,165,0.8701754385964912,1.0,1
xgboost,lime,0.05,2,166,0.6719298245614035,0.8,1
xgboost,lime,0.05,2,171,0.8122807017543859,1.0,1
xgboost,lime,0.05,2,182,0.736842105263158,0.8,0
xgboost,lime,0.05,2,184,0.7210526315789473,0.8,0
xgboost,lime,0.05,2,194,0.7578947368421053,0.8,1
xgboost,lime,0.05,2,205,0.8157894736842105,1.0,1
xgboost,lime,0.05,2,206,0.7421052631578948,0.6,1
xgboost,lime,0.05,2,211,0.8719298245614034,1.0,1
xgboost,lime,0.05,2,223,0.8596491228070176,1.0,1
xgboost,lime,0.05,2,224,0.6192982456140351,0.6,1
xgboost,lime,0.05,2,229,0.8929824561403509,1.0,1
xgboost,lime,0.05,2,231,0.7789473684210525,0.8,1
xgboost,lime,0.05,2,241,0.8526315789473684,0.8,1
xgboost,lime,0.05,2,244,0.9192982456140351,1.0,1
xgboost,lime,0.05,2,261,0.8017543859649122,1.0,1
xgboost,lime,0.05,2,281,0.719298245614035,0.8,1
xgboost,lime,0.05,2,289,0.780701754385965,0.8,1
xgboost,lime,0.05,2,291,0.34210526315789475,0.8,0
xgboost,lime,0.05,2,311,0.9333333333333333,1.0,1
xgboost,lime,0.05,2,316,0.7649122807017543,0.8,1
xgboost,lime,0.05,2,325,0.7982456140350876,0.8,1
xgboost,lime,0.05,2,332,0.7736842105263159,1.0,0
xgboost,lime,0.05,2,344,0.83859649122807,1.0,1
xgboost,lime,0.05,2,364,0.8,0.8,1
xgboost,lime,0.05,2,372,0.8368421052631579,1.0,1
xgboost,lime,0.05,2,375,0.8701754385964912,0.8,1
xgboost,lime,0.05,2,381,0.7894736842105263,1.0,1
xgboost,lime,0.05,2,398,0.7666666666666666,0.8,1
xgboost,lime,0.05,2,403,0.6228070175438596,1.0,1
xgboost,lime,0.05,2,407,0.8982456140350877,1.0,1
xgboost,lime,0.05,2,414,0.763157894736842,1.0,1
xgboost,lime,0.05,2,420,0.9403508771929823,1.0,1
xgboost,lime,0.05,2,423,0.9578947368421052,0.8,1
xgboost,lime,0.05,2,440,0.8789473684210527,1.0,1
xgboost,lime,0.05,2,442,0.8947368421052632,1.0,1
xgboost,lime,0.05,2,454,0.6631578947368422,0.8,1
xgboost,lime,0.05,2,457,0.7421052631578948,1.0,1
xgboost,lime,0.05,2,459,0.7315789473684211,1.0,1
xgboost,lime,0.05,2,464,0.9140350877192982,0.8,1
xgboost,lime,0.05,2,467,0.8964912280701753,1.0,1
xgboost,lime,0.05,2,471,0.763157894736842,1.0,1
xgboost,lime,0.05,2,475,0.8263157894736841,0.8,1
xgboost,lime,0.05,2,480,0.8368421052631579,1.0,1
xgboost,lime,0.05,2,495,0.7245614035087719,1.0,1
xgboost,lime,0.05,2,503,0.8719298245614034,1.0,1
xgboost,lime,0.05,2,506,0.7666666666666666,0.8,1
xgboost,lime,0.05,2,521,0.8842105263157896,1.0,1
xgboost,lime,0.05,2,523,0.4403508771929824,0.8,0
xgboost,lime,0.05,2,530,0.8666666666666666,0.8,1
xgboost,lime,0.05,2,547,0.8456140350877193,1.0,1
xgboost,lime,0.05,2,551,0.6526315789473683,1.0,1
xgboost,lime,0.05,2,556,0.6561403508771929,0.8,1
xgboost,lime,0.05,2,558,0.7508771929824561,0.8,1
xgboost,lime,0.05,2,559,0.9157894736842105,0.8,1
xgboost,lime,0.05,2,562,0.9368421052631579,0.8,1
xgboost,lime,0.05,2,564,0.8807017543859648,0.8,1
xgboost,lime,0.05,2,572,0.7175438596491229,0.6,1
xgboost,lime,0.05,2,582,0.9017543859649122,1.0,1
xgboost,lime,0.05,2,587,0.8684210526315789,0.8,0
xgboost,lime,0.05,2,590,0.9596491228070174,1.0,1
xgboost,lime,0.05,2,591,0.9508771929824561,1.0,1
xgboost,lime,0.05,2,598,0.736842105263158,0.8,1
xgboost,lime,0.05,2,605,0.8666666666666666,1.0,1
xgboost,lime,0.05,2,609,0.7508771929824561,0.8,1
xgboost,lime,0.05,2,613,0.8,0.8,1
xgboost,lime,0.05,2,619,0.8649122807017543,1.0,1
xgboost,lime,0.05,2,620,0.7157894736842104,1.0,1
xgboost,lime,0.05,2,626,0.6333333333333333,0.8,1
xgboost,lime,0.05,2,627,0.7245614035087719,0.8,1
xgboost,lime,0.05,2,637,0.7385964912280703,0.8,1
xgboost,lime,0.05,2,640,0.7824561403508771,0.8,1
xgboost,lime,0.05,2,667,0.9052631578947368,1.0,1
xgboost,lime,0.05,2,673,0.6964912280701754,0.8,1
xgboost,lime,0.05,2,687,0.5280701754385965,0.8,1
xgboost,lime,0.05,2,688,0.8175438596491227,0.8,1
xgboost,lime,0.05,2,689,0.8157894736842105,0.8,1
xgboost,lime,0.05,2,690,0.8771929824561402,0.8,1
xgboost,lime,0.05,2,693,0.8473684210526315,1.0,1
xgboost,lime,0.05,2,724,0.8456140350877193,0.8,0
xgboost,lime,0.05,2,732,0.8701754385964912,0.8,1
xgboost,lime,0.05,2,740,0.7824561403508771,0.6,1
xgboost,lime,0.05,2,748,0.7947368421052632,0.8,1
xgboost,lime,0.05,2,751,0.6403508771929824,0.8,0
xgboost,lime,0.05,2,752,0.7736842105263159,1.0,1
xgboost,lime,0.05,2,755,0.8543859649122807,0.8,1
xgboost,lime,0.05,2,759,0.9087719298245613,1.0,1
xgboost,lime,0.05,2,766,0.8017543859649122,1.0,1
xgboost,lime,0.05,2,786,0.9333333333333333,0.8,1
xgboost,lime,0.05,2,790,0.9140350877192982,0.6,1
xgboost,lime,0.05,2,792,0.8508771929824561,1.0,1
xgboost,lime,0.05,2,809,0.843859649122807,1.0,1
xgboost,lime,0.05,2,812,0.8789473684210527,0.8,1
xgboost,lime,0.05,2,830,0.8929824561403509,1.0,1
xgboost,lime,0.05,2,845,0.7578947368421053,1.0,1
xgboost,lime,0.05,2,847,0.8228070175438595,1.0,1
xgboost,lime,0.05,2,848,0.7403508771929824,0.8,0
xgboost,lime,0.05,2,850,0.8684210526315789,1.0,1
xgboost,lime,0.05,2,860,0.7789473684210525,1.0,1
xgboost,lime,0.05,2,864,0.7894736842105263,0.8,1
xgboost,lime,0.05,2,869,0.9122807017543859,1.0,1
xgboost,lime,0.05,2,872,0.9192982456140351,1.0,1
xgboost,lime,0.05,2,874,0.7719298245614035,0.8,1
xgboost,lime,0.05,2,875,0.8245614035087718,0.8,1
xgboost,lime,0.05,2,878,0.8929824561403509,1.0,1
xgboost,lime,0.05,2,880,0.7578947368421053,1.0,0
xgboost,lime,0.05,2,886,0.5771929824561403,0.6,1
xgboost,lime,0.05,2,889,0.8701754385964912,0.8,1
xgboost,lime,0.05,2,896,0.6771929824561403,0.8,0
xgboost,lime,0.05,2,900,0.8719298245614034,0.8,1
xgboost,lime,0.05,2,904,0.6807017543859648,0.8,1
xgboost,lime,0.05,2,908,0.882456140350877,0.8,1
xgboost,lime,0.05,2,927,0.8140350877192982,1.0,1
xgboost,lime,0.05,2,934,0.8403508771929825,0.8,1
xgboost,lime,0.05,2,939,0.7105263157894737,1.0,1
xgboost,lime,0.05,2,943,0.8543859649122807,0.8,1
xgboost,lime,0.05,2,945,0.9228070175438597,1.0,1
xgboost,lime,0.05,2,954,0.9,1.0,1
xgboost,lime,0.05,2,959,0.8070175438596491,1.0,1
xgboost,lime,0.05,2,961,0.9543859649122807,1.0,1
xgboost,lime,0.05,2,967,0.7666666666666666,0.6,1
xgboost,lime,0.05,2,976,0.8473684210526315,1.0,1
xgboost,lime,0.05,2,990,0.8526315789473684,0.8,1
xgboost,lime,0.05,2,993,0.9456140350877192,1.0,1
xgboost,lime,0.05,2,996,0.7228070175438598,0.8,0
xgboost,lime,0.05,2,1014,0.5280701754385965,0.6,1
xgboost,lime,0.05,2,1015,0.8719298245614034,0.8,1
xgboost,lime,0.05,2,1019,0.8456140350877193,1.0,1
xgboost,lime,0.05,2,1023,0.8315789473684211,0.6,1
xgboost,lime,0.05,2,1027,0.8157894736842105,0.8,1
xgboost,lime,0.05,2,1028,0.6175438596491227,0.8,1
xgboost,lime,0.05,2,1031,0.8263157894736841,1.0,0
xgboost,lime,0.05,2,1039,0.9070175438596491,1.0,1
xgboost,lime,0.05,2,1043,0.8105263157894737,1.0,1
xgboost,lime,0.05,2,1052,0.6157894736842106,0.8,1
xgboost,lime,0.05,2,1063,0.5578947368421052,0.8,1
xgboost,lime,0.05,2,1065,0.7947368421052632,0.8,1
xgboost,lime,0.05,2,1070,0.83859649122807,0.8,1
xgboost,lime,0.05,2,1073,0.9035087719298246,1.0,1
xgboost,lime,0.05,2,1077,0.8508771929824561,0.8,1
xgboost,lime,0.05,2,1087,0.7684210526315789,0.6,1
xgboost,lime,0.05,2,1092,0.8263157894736841,1.0,1
xgboost,lime,0.05,2,1100,0.8070175438596491,0.8,1
xgboost,lime,0.05,2,1112,0.8771929824561402,1.0,1
xgboost,lime,0.05,2,1116,0.6385964912280702,0.6,1
xgboost,lime,0.05,2,1119,0.8245614035087718,0.8,1
xgboost,lime,0.05,2,1137,0.9035087719298246,1.0,1
xgboost,lime,0.05,2,1138,0.8473684210526315,0.8,1
xgboost,lime,0.05,2,1151,0.8070175438596491,0.8,1
xgboost,lime,0.05,2,1152,0.9140350877192982,1.0,1
xgboost,lime,0.05,2,1160,0.6842105263157895,1.0,1
xgboost,lime,0.05,2,1167,0.787719298245614,1.0,1
xgboost,lime,0.05,2,1187,0.8105263157894737,0.8,1
xgboost,lime,0.05,2,1209,0.9070175438596491,1.0,1
xgboost,lime,0.05,2,1214,0.47017543859649114,1.0,1
xgboost,lime,0.05,2,1227,0.5947368421052631,0.6,1
xgboost,lime,0.05,2,1237,0.8789473684210527,1.0,1
xgboost,lime,0.05,2,1246,0.7526315789473684,0.8,1
xgboost,lime,0.05,2,1256,0.7701754385964912,0.8,1
xgboost,lime,0.05,2,1259,0.887719298245614,0.8,1
xgboost,lime,0.05,2,1299,0.6754385964912282,0.6,1
xgboost,lime,0.05,2,1300,0.9140350877192982,0.8,1
xgboost,lime,0.05,2,1309,0.7754385964912281,0.8,1
xgboost,lime,0.05,2,1314,0.8421052631578947,1.0,1
xgboost,lime,0.05,2,1316,0.9228070175438597,0.8,1
xgboost,lime,0.05,2,1322,0.9140350877192982,1.0,1
xgboost,lime,0.05,2,1339,0.7842105263157895,0.8,1
xgboost,lime,0.05,2,1340,0.7824561403508771,0.8,1
xgboost,lime,0.05,2,1343,0.556140350877193,0.8,1
xgboost,lime,0.05,2,1344,0.8982456140350877,0.8,1
xgboost,lime,0.05,2,1348,0.7929824561403509,0.6,0
xgboost,lime,0.05,2,1351,0.8052631578947368,1.0,1
xgboost,lime,0.05,2,1354,0.8263157894736841,1.0,1
xgboost,lime,0.05,2,1360,0.863157894736842,0.8,1
xgboost,lime,0.05,2,1368,0.787719298245614,1.0,1
xgboost,lime,0.05,2,1379,0.7964912280701755,0.8,1
xgboost,lime,0.05,2,1383,0.7421052631578948,1.0,1
xgboost,lime,0.05,2,1389,0.8035087719298245,0.8,1
xgboost,lime,0.05,2,1392,0.8526315789473684,1.0,1
xgboost,lime,0.05,2,1395,0.8596491228070176,1.0,1
xgboost,lime,0.1,0,9,0.8052631578947368,0.8,1
xgboost,lime,0.1,0,31,0.7754385964912281,1.0,1
xgboost,lime,0.1,0,41,0.7824561403508771,0.8,1
xgboost,lime,0.1,0,46,0.9,1.0,1
xgboost,lime,0.1,0,49,0.8315789473684211,0.6,1
xgboost,lime,0.1,0,55,0.6578947368421053,0.8,1
xgboost,lime,0.1,0,79,0.9315789473684211,0.8,1
xgboost,lime,0.1,0,84,0.8508771929824561,0.8,1
xgboost,lime,0.1,0,97,0.8263157894736841,0.8,1
xgboost,lime,0.1,0,104,0.843859649122807,0.6,1
xgboost,lime,0.1,0,105,0.8491228070175438,0.8,1
xgboost,lime,0.1,0,107,0.8105263157894737,0.8,1
xgboost,lime,0.1,0,114,0.7947368421052632,1.0,1
xgboost,lime,0.1,0,121,0.887719298245614,1.0,1
xgboost,lime,0.1,0,122,0.6912280701754386,0.8,1
xgboost,lime,0.1,0,123,0.8403508771929825,1.0,1
xgboost,lime,0.1,0,125,0.8070175438596491,0.6,1
xgboost,lime,0.1,0,146,0.8701754385964912,1.0,1
xgboost,lime,0.1,0,151,0.8105263157894737,0.8,1
xgboost,lime,0.1,0,156,0.7543859649122807,1.0,1
xgboost,lime,0.1,0,165,0.956140350877193,0.8,1
xgboost,lime,0.1,0,166,0.7736842105263159,0.8,1
xgboost,lime,0.1,0,171,0.9508771929824561,1.0,1
xgboost,lime,0.1,0,182,0.8421052631578947,0.8,0
xgboost,lime,0.1,0,184,0.8070175438596491,0.8,0
xgboost,lime,0.1,0,194,0.7035087719298245,0.8,1
xgboost,lime,0.1,0,205,0.83859649122807,0.8,1
xgboost,lime,0.1,0,206,0.5666666666666667,0.6,0
xgboost,lime,0.1,0,211,0.83859649122807,0.8,1
xgboost,lime,0.1,0,223,0.8912280701754386,0.8,1
xgboost,lime,0.1,0,224,0.7947368421052632,0.8,1
xgboost,lime,0.1,0,229,0.83859649122807,1.0,1
xgboost,lime,0.1,0,231,0.8578947368421052,0.6,1
xgboost,lime,0.1,0,241,0.6614035087719298,0.8,1
xgboost,lime,0.1,0,244,0.9543859649122807,1.0,1
xgboost,lime,0.1,0,261,0.8929824561403509,1.0,0
xgboost,lime,0.1,0,281,0.6754385964912282,0.8,1
xgboost,lime,0.1,0,289,0.8614035087719297,0.8,1
xgboost,lime,0.1,0,291,0.6052631578947367,0.6,0
xgboost,lime,0.1,0,311,0.9350877192982456,1.0,1
xgboost,lime,0.1,0,316,0.6824561403508772,0.8,1
xgboost,lime,0.1,0,325,0.8052631578947368,0.6,1
xgboost,lime,0.1,0,332,0.5052631578947369,0.6,1
xgboost,lime,0.1,0,344,0.8859649122807017,1.0,1
xgboost,lime,0.1,0,364,0.8175438596491227,0.8,1
xgboost,lime,0.1,0,372,0.8333333333333334,0.8,1
xgboost,lime,0.1,0,375,0.819298245614035,0.8,1
xgboost,lime,0.1,0,381,0.8982456140350877,1.0,1
xgboost,lime,0.1,0,398,0.8263157894736841,0.8,1
xgboost,lime,0.1,0,403,0.7543859649122807,0.8,1
xgboost,lime,0.1,0,407,0.7842105263157895,1.0,1
xgboost,lime,0.1,0,414,0.6561403508771929,1.0,1
xgboost,lime,0.1,0,420,0.8736842105263157,1.0,1
xgboost,lime,0.1,0,423,0.7456140350877193,1.0,1
xgboost,lime,0.1,0,440,0.743859649122807,0.8,1
xgboost,lime,0.1,0,442,0.8719298245614034,1.0,1
xgboost,lime,0.1,0,454,0.6298245614035087,0.8,1
xgboost,lime,0.1,0,457,0.8719298245614034,1.0,1
xgboost,lime,0.1,0,459,0.8456140350877193,0.8,1
xgboost,lime,0.1,0,464,0.9,1.0,1
xgboost,lime,0.1,0,467,0.887719298245614,1.0,1
xgboost,lime,0.1,0,471,0.8543859649122807,0.8,1
xgboost,lime,0.1,0,475,0.9157894736842105,0.8,1
xgboost,lime,0.1,0,480,0.8526315789473684,1.0,1
xgboost,lime,0.1,0,495,0.6526315789473683,0.8,1
xgboost,lime,0.1,0,503,0.8964912280701753,1.0,1
xgboost,lime,0.1,0,506,0.7263157894736841,0.8,1
xgboost,lime,0.1,0,521,0.8543859649122807,1.0,1
xgboost,lime,0.1,0,523,0.4859649122807017,0.8,0
xgboost,lime,0.1,0,530,0.9017543859649122,1.0,1
xgboost,lime,0.1,0,547,0.7842105263157895,1.0,1
xgboost,lime,0.1,0,551,0.9052631578947368,1.0,1
xgboost,lime,0.1,0,556,0.6596491228070176,0.8,1
xgboost,lime,0.1,0,558,0.7473684210526316,0.8,1
xgboost,lime,0.1,0,559,0.9087719298245613,0.8,1
xgboost,lime,0.1,0,562,0.9245614035087718,0.8,1
xgboost,lime,0.1,0,564,0.9070175438596491,0.8,1
xgboost,lime,0.1,0,572,0.7701754385964912,1.0,1
xgboost,lime,0.1,0,582,0.8789473684210527,1.0,1
xgboost,lime,0.1,0,587,0.8491228070175438,0.8,1
xgboost,lime,0.1,0,590,0.9543859649122807,1.0,1
xgboost,lime,0.1,0,591,0.8491228070175438,1.0,1
xgboost,lime,0.1,0,598,0.8684210526315789,1.0,1
xgboost,lime,0.1,0,605,0.7894736842105263,0.8,1
xgboost,lime,0.1,0,609,0.7298245614035088,1.0,1
xgboost,lime,0.1,0,613,0.8070175438596491,0.8,1
xgboost,lime,0.1,0,619,0.7982456140350876,0.8,1
xgboost,lime,0.1,0,620,0.6649122807017543,1.0,1
xgboost,lime,0.1,0,626,0.7228070175438598,0.8,1
xgboost,lime,0.1,0,627,0.7508771929824561,0.8,1
xgboost,lime,0.1,0,637,0.8298245614035088,0.8,1
xgboost,lime,0.1,0,640,0.8701754385964912,0.8,1
xgboost,lime,0.1,0,667,0.8982456140350877,1.0,1
xgboost,lime,0.1,0,673,0.6491228070175438,0.8,1
xgboost,lime,0.1,0,687,0.7052631578947368,1.0,1
xgboost,lime,0.1,0,688,0.8280701754385964,1.0,1
xgboost,lime,0.1,0,689,0.7649122807017543,0.8,1
xgboost,lime,0.1,0,690,0.7947368421052632,0.8,1
xgboost,lime,0.1,0,693,0.9298245614035087,1.0,1
xgboost,lime,0.1,0,724,0.7421052631578948,0.8,0
xgboost,lime,0.1,0,732,0.7596491228070175,1.0,1
xgboost,lime,0.1,0,740,0.8526315789473684,0.8,1
xgboost,lime,0.1,0,748,0.6701754385964912,0.8,1
xgboost,lime,0.1,0,751,0.7912280701754386,1.0,1
xgboost,lime,0.1,0,752,0.7894736842105263,1.0,1
xgboost,lime,0.1,0,755,0.9368421052631579,1.0,1
xgboost,lime,0.1,0,759,0.9350877192982456,0.8,1
xgboost,lime,0.1,0,766,0.83859649122807,1.0,1
xgboost,lime,0.1,0,786,0.8105263157894737,0.8,1
xgboost,lime,0.1,0,790,0.7087719298245614,0.8,1
xgboost,lime,0.1,0,792,0.9157894736842105,1.0,1
xgboost,lime,0.1,0,809,0.9596491228070174,0.8,1
xgboost,lime,0.1,0,812,0.8929824561403509,1.0,1
xgboost,lime,0.1,0,830,0.9543859649122807,1.0,1
xgboost,lime,0.1,0,845,0.7684210526315789,0.8,1
xgboost,lime,0.1,0,847,0.8157894736842105,0.8,1
xgboost,lime,0.1,0,848,0.8228070175438595,0.8,1
xgboost,lime,0.1,0,850,0.7228070175438598,0.8,1
xgboost,lime,0.1,0,860,0.7842105263157895,1.0,1
xgboost,lime,0.1,0,864,0.882456140350877,0.8,0
xgboost,lime,0.1,0,869,0.9210526315789472,1.0,1
xgboost,lime,0.1,0,872,0.9298245614035087,1.0,1
xgboost,lime,0.1,0,874,0.7912280701754386,1.0,1
xgboost,lime,0.1,0,875,0.8140350877192982,0.8,1
xgboost,lime,0.1,0,878,0.7929824561403509,0.8,1
xgboost,lime,0.1,0,880,0.8771929824561402,0.8,0
xgboost,lime,0.1,0,886,0.6807017543859648,0.8,1
xgboost,lime,0.1,0,889,0.8912280701754386,0.8,1
xgboost,lime,0.1,0,896,0.6105263157894737,0.8,0
xgboost,lime,0.1,0,900,0.8578947368421052,1.0,1
xgboost,lime,0.1,0,904,0.787719298245614,0.8,0
xgboost,lime,0.1,0,908,0.863157894736842,1.0,1
xgboost,lime,0.1,0,927,0.9298245614035087,0.8,1
xgboost,lime,0.1,0,934,0.7315789473684211,0.8,1
xgboost,lime,0.1,0,939,0.6982456140350877,0.8,1
xgboost,lime,0.1,0,943,0.8350877192982457,0.8,1
xgboost,lime,0.1,0,945,0.8350877192982457,1.0,1
xgboost,lime,0.1,0,954,0.9333333333333333,1.0,1
xgboost,lime,0.1,0,959,0.8210526315789475,1.0,1
xgboost,lime,0.1,0,961,0.9087719298245613,1.0,1
xgboost,lime,0.1,0,967,0.8807017543859648,0.8,1
xgboost,lime,0.1,0,976,0.9175438596491228,0.8,1
xgboost,lime,0.1,0,990,0.6912280701754386,1.0,1
xgboost,lime,0.1,0,993,0.9210526315789472,1.0,1
xgboost,lime,0.1,0,996,0.9350877192982456,0.8,1
xgboost,lime,0.1,0,1014,0.6894736842105263,0.4,1
xgboost,lime,0.1,0,1015,0.9263157894736841,0.8,1
xgboost,lime,0.1,0,1019,0.8035087719298245,1.0,1
xgboost,lime,0.1,0,1023,0.6017543859649123,0.6,0
xgboost,lime,0.1,0,1027,0.6824561403508772,0.6,1
xgboost,lime,0.1,0,1028,0.7526315789473684,0.8,1
xgboost,lime,0.1,0,1031,0.8649122807017543,1.0,1
xgboost,lime,0.1,0,1039,0.9421052631578948,1.0,1
xgboost,lime,0.1,0,1043,0.8947368421052632,1.0,1
xgboost,lime,0.1,0,1052,0.83859649122807,0.8,1
xgboost,lime,0.1,0,1063,0.7105263157894737,0.6,1
xgboost,lime,0.1,0,1065,0.8649122807017543,0.8,1
xgboost,lime,0.1,0,1070,0.8578947368421052,0.8,1
xgboost,lime,0.1,0,1073,0.8719298245614034,1.0,1
xgboost,lime,0.1,0,1077,0.8912280701754386,0.8,1
xgboost,lime,0.1,0,1087,0.6543859649122807,0.8,1
xgboost,lime,0.1,0,1092,0.7456140350877193,0.8,1
xgboost,lime,0.1,0,1100,0.8210526315789475,1.0,1
xgboost,lime,0.1,0,1112,0.8,1.0,1
xgboost,lime,0.1,0,1116,0.8456140350877193,0.6,1
xgboost,lime,0.1,0,1119,0.8894736842105263,0.8,1
xgboost,lime,0.1,0,1137,0.8473684210526315,1.0,1
xgboost,lime,0.1,0,1138,0.7771929824561404,1.0,1
xgboost,lime,0.1,0,1151,0.7964912280701755,0.8,1
xgboost,lime,0.1,0,1152,0.9122807017543859,1.0,1
xgboost,lime,0.1,0,1160,0.7754385964912281,0.8,1
xgboost,lime,0.1,0,1167,0.7385964912280703,0.8,1
xgboost,lime,0.1,0,1187,0.8280701754385964,0.8,1
xgboost,lime,0.1,0,1209,0.9105263157894736,0.8,1
xgboost,lime,0.1,0,1214,0.6368421052631579,0.8,1
xgboost,lime,0.1,0,1227,0.4789473684210526,0.8,1
xgboost,lime,0.1,0,1237,0.7771929824561404,1.0,1
xgboost,lime,0.1,0,1246,0.8982456140350877,1.0,1
xgboost,lime,0.1,0,1256,0.8087719298245614,0.8,1
xgboost,lime,0.1,0,1259,0.8087719298245614,0.8,1
xgboost,lime,0.1,0,1299,0.7894736842105263,0.8,1
xgboost,lime,0.1,0,1300,0.8473684210526315,1.0,1
xgboost,lime,0.1,0,1309,0.8070175438596491,0.8,1
xgboost,lime,0.1,0,1314,0.5157894736842105,0.6,1
xgboost,lime,0.1,0,1316,0.8421052631578947,0.8,1
xgboost,lime,0.1,0,1322,0.8982456140350877,0.8,1
xgboost,lime,0.1,0,1339,0.7508771929824561,0.8,1
xgboost,lime,0.1,0,1340,0.863157894736842,0.8,1
xgboost,lime,0.1,0,1343,0.6140350877192983,0.8,1
xgboost,lime,0.1,0,1344,0.863157894736842,0.8,1
xgboost,lime,0.1,0,1348,0.9140350877192982,0.8,1
xgboost,lime,0.1,0,1351,0.8105263157894737,1.0,1
xgboost,lime,0.1,0,1354,0.843859649122807,1.0,1
xgboost,lime,0.1,0,1360,0.7403508771929824,0.8,1
xgboost,lime,0.1,0,1368,0.8614035087719297,0.8,1
xgboost,lime,0.1,0,1379,0.6263157894736843,0.8,1
xgboost,lime,0.1,0,1383,0.7421052631578948,0.6,1
xgboost,lime,0.1,0,1389,0.7701754385964912,0.8,1
xgboost,lime,0.1,0,1392,0.8263157894736841,0.6,1
xgboost,lime,0.1,0,1395,0.9298245614035087,1.0,1
xgboost,lime,0.1,1,9,0.8982456140350877,0.6,1
xgboost,lime,0.1,1,31,0.8105263157894737,1.0,1
xgboost,lime,0.1,1,41,0.863157894736842,0.8,1
xgboost,lime,0.1,1,46,0.9403508771929823,1.0,1
xgboost,lime,0.1,1,49,0.8719298245614034,0.8,1
xgboost,lime,0.1,1,55,0.45438596491228067,0.8,1
xgboost,lime,0.1,1,79,0.8684210526315789,1.0,1
xgboost,lime,0.1,1,84,0.5912280701754385,0.8,1
xgboost,lime,0.1,1,97,0.819298245614035,0.8,1
xgboost,lime,0.1,1,104,0.7614035087719299,0.6,1
xgboost,lime,0.1,1,105,0.8736842105263157,0.8,1
xgboost,lime,0.1,1,107,0.8157894736842105,0.8,1
xgboost,lime,0.1,1,114,0.8807017543859648,1.0,1
xgboost,lime,0.1,1,121,0.8771929824561402,1.0,1
xgboost,lime,0.1,1,122,0.7,0.8,1
xgboost,lime,0.1,1,123,0.8807017543859648,0.8,1
xgboost,lime,0.1,1,125,0.9298245614035087,0.8,1
xgboost,lime,0.1,1,146,0.7859649122807018,1.0,1
xgboost,lime,0.1,1,151,0.8,1.0,1
xgboost,lime,0.1,1,156,0.7315789473684211,0.8,1
xgboost,lime,0.1,1,165,0.9122807017543859,1.0,1
xgboost,lime,0.1,1,166,0.7298245614035088,0.8,1
xgboost,lime,0.1,1,171,0.7508771929824561,1.0,1
xgboost,lime,0.1,1,182,0.763157894736842,0.8,0
xgboost,lime,0.1,1,184,0.7824561403508771,0.6,1
xgboost,lime,0.1,1,194,0.7947368421052632,0.8,1
xgboost,lime,0.1,1,205,0.7421052631578948,0.8,1
xgboost,lime,0.1,1,206,0.7140350877192982,0.6,1
xgboost,lime,0.1,1,211,0.9315789473684211,1.0,1
xgboost,lime,0.1,1,223,0.8614035087719297,1.0,1
xgboost,lime,0.1,1,224,0.9210526315789472,0.8,1
xgboost,lime,0.1,1,229,0.9368421052631579,1.0,1
xgboost,lime,0.1,1,231,0.83859649122807,0.8,1
xgboost,lime,0.1,1,241,0.7684210526315789,0.8,1
xgboost,lime,0.1,1,244,0.9421052631578948,0.8,1
xgboost,lime,0.1,1,261,0.7947368421052632,1.0,1
xgboost,lime,0.1,1,281,0.7508771929824561,0.6,1
xgboost,lime,0.1,1,289,0.8263157894736841,0.8,1
xgboost,lime,0.1,1,291,0.7,0.8,1
xgboost,lime,0.1,1,311,0.8052631578947368,1.0,1
xgboost,lime,0.1,1,316,0.7052631578947368,0.8,1
xgboost,lime,0.1,1,325,0.7508771929824561,0.6,1
xgboost,lime,0.1,1,332,0.6807017543859648,0.8,1
xgboost,lime,0.1,1,344,0.8350877192982457,1.0,1
xgboost,lime,0.1,1,364,0.7929824561403509,0.8,1
xgboost,lime,0.1,1,372,0.6368421052631579,0.8,1
xgboost,lime,0.1,1,375,0.8070175438596491,0.8,1
xgboost,lime,0.1,1,381,0.9087719298245613,1.0,1
xgboost,lime,0.1,1,398,0.8684210526315789,1.0,1
xgboost,lime,0.1,1,403,0.7228070175438598,1.0,1
xgboost,lime,0.1,1,407,0.780701754385965,1.0,1
xgboost,lime,0.1,1,414,0.8543859649122807,1.0,1
xgboost,lime,0.1,1,420,0.8140350877192982,1.0,1
xgboost,lime,0.1,1,423,0.8105263157894737,0.8,1
xgboost,lime,0.1,1,440,0.9228070175438597,1.0,1
xgboost,lime,0.1,1,442,0.8666666666666666,1.0,1
xgboost,lime,0.1,1,454,0.7614035087719299,0.8,1
xgboost,lime,0.1,1,457,0.7456140350877193,0.8,1
xgboost,lime,0.1,1,459,0.819298245614035,0.8,1
xgboost,lime,0.1,1,464,0.6684210526315789,0.8,1
xgboost,lime,0.1,1,467,0.8894736842105263,1.0,1
xgboost,lime,0.1,1,471,0.8473684210526315,1.0,1
xgboost,lime,0.1,1,475,0.8350877192982457,1.0,1
xgboost,lime,0.1,1,480,0.9385964912280702,0.8,1
xgboost,lime,0.1,1,495,0.6719298245614035,0.8,1
xgboost,lime,0.1,1,503,0.8596491228070176,1.0,1
xgboost,lime,0.1,1,506,0.7087719298245614,0.8,1
xgboost,lime,0.1,1,521,0.9192982456140351,1.0,1
xgboost,lime,0.1,1,523,0.5982456140350877,0.8,0
xgboost,lime,0.1,1,530,0.8701754385964912,1.0,1
xgboost,lime,0.1,1,547,0.7508771929824561,1.0,1
xgboost,lime,0.1,1,551,0.6438596491228071,0.8,1
xgboost,lime,0.1,1,556,0.7719298245614035,0.8,1
xgboost,lime,0.1,1,558,0.743859649122807,0.8,1
xgboost,lime,0.1,1,559,0.9245614035087718,0.8,1
xgboost,lime,0.1,1,562,0.9192982456140351,0.8,1
xgboost,lime,0.1,1,564,0.8263157894736841,0.8,1
xgboost,lime,0.1,1,572,0.6385964912280702,0.8,1
xgboost,lime,0.1,1,582,0.9,1.0,1
xgboost,lime,0.1,1,587,0.8578947368421052,1.0,1
xgboost,lime,0.1,1,590,0.9245614035087718,1.0,1
xgboost,lime,0.1,1,591,0.9385964912280702,0.6,1
xgboost,lime,0.1,1,598,0.8245614035087718,1.0,1
xgboost,lime,0.1,1,605,0.8929824561403509,0.8,1
xgboost,lime,0.1,1,609,0.6473684210526316,0.8,1
xgboost,lime,0.1,1,613,0.6894736842105263,0.8,1
xgboost,lime,0.1,1,619,0.7859649122807018,0.8,1
xgboost,lime,0.1,1,620,0.787719298245614,1.0,1
xgboost,lime,0.1,1,626,0.9122807017543859,1.0,1
xgboost,lime,0.1,1,627,0.7245614035087719,0.8,1
xgboost,lime,0.1,1,637,0.687719298245614,0.8,1
xgboost,lime,0.1,1,640,0.8350877192982457,0.8,1
xgboost,lime,0.1,1,667,0.8807017543859648,1.0,1
xgboost,lime,0.1,1,673,0.7912280701754386,0.8,1
xgboost,lime,0.1,1,687,0.5842105263157895,0.6,1
xgboost,lime,0.1,1,688,0.8771929824561402,1.0,1
xgboost,lime,0.1,1,689,0.7894736842105263,1.0,1
xgboost,lime,0.1,1,690,0.8526315789473684,0.8,1
xgboost,lime,0.1,1,693,0.8982456140350877,1.0,1
xgboost,lime,0.1,1,724,0.6929824561403508,1.0,0
xgboost,lime,0.1,1,732,0.8964912280701753,0.8,1
xgboost,lime,0.1,1,740,0.7,0.6,1
xgboost,lime,0.1,1,748,0.7649122807017543,0.8,1
xgboost,lime,0.1,1,751,0.7526315789473684,0.6,0
xgboost,lime,0.1,1,752,0.8403508771929825,0.6,1
xgboost,lime,0.1,1,755,0.8719298245614034,0.8,1
xgboost,lime,0.1,1,759,0.9315789473684211,0.8,1
xgboost,lime,0.1,1,766,0.8315789473684211,1.0,1
xgboost,lime,0.1,1,786,0.8210526315789475,0.8,1
xgboost,lime,0.1,1,790,0.8912280701754386,0.8,1
xgboost,lime,0.1,1,792,0.9614035087719298,1.0,1
xgboost,lime,0.1,1,809,0.9245614035087718,0.8,1
xgboost,lime,0.1,1,812,0.8421052631578947,1.0,1
xgboost,lime,0.1,1,830,0.9140350877192982,1.0,1
xgboost,lime,0.1,1,845,0.8105263157894737,0.8,1
xgboost,lime,0.1,1,847,0.7508771929824561,0.8,1
xgboost,lime,0.1,1,848,0.8070175438596491,0.8,1
xgboost,lime,0.1,1,850,0.8263157894736841,0.8,1
xgboost,lime,0.1,1,860,0.9649122807017543,1.0,1
xgboost,lime,0.1,1,864,0.7578947368421053,0.8,1
xgboost,lime,0.1,1,869,0.8947368421052632,1.0,1
xgboost,lime,0.1,1,872,0.8842105263157896,1.0,1
xgboost,lime,0.1,1,874,0.8087719298245614,0.8,1
xgboost,lime,0.1,1,875,0.8929824561403509,0.8,1
xgboost,lime,0.1,1,878,0.8789473684210527,0.8,1
xgboost,lime,0.1,1,880,0.6403508771929824,0.8,1
xgboost,lime,0.1,1,886,0.8122807017543859,0.8,1
xgboost,lime,0.1,1,889,0.8771929824561402,0.8,1
xgboost,lime,0.1,1,896,0.7684210526315789,1.0,1
xgboost,lime,0.1,1,900,0.9298245614035087,1.0,1
xgboost,lime,0.1,1,904,0.6982456140350877,0.8,1
xgboost,lime,0.1,1,908,0.9263157894736841,0.8,1
xgboost,lime,0.1,1,927,0.856140350877193,1.0,1
xgboost,lime,0.1,1,934,0.8508771929824561,0.8,1
xgboost,lime,0.1,1,939,0.7385964912280703,0.8,1
xgboost,lime,0.1,1,943,0.8982456140350877,0.8,1
xgboost,lime,0.1,1,945,0.9385964912280702,1.0,1
xgboost,lime,0.1,1,954,0.9228070175438597,1.0,1
xgboost,lime,0.1,1,959,0.8596491228070176,1.0,1
xgboost,lime,0.1,1,961,0.9245614035087718,1.0,1
xgboost,lime,0.1,1,967,0.8368421052631579,0.8,1
xgboost,lime,0.1,1,976,0.819298245614035,1.0,1
xgboost,lime,0.1,1,990,0.756140350877193,1.0,1
xgboost,lime,0.1,1,993,0.9578947368421052,1.0,1
xgboost,lime,0.1,1,996,0.7929824561403509,0.8,0
xgboost,lime,0.1,1,1014,0.6508771929824562,0.6,1
xgboost,lime,0.1,1,1015,0.7947368421052632,0.6,1
xgboost,lime,0.1,1,1019,0.8070175438596491,1.0,1
xgboost,lime,0.1,1,1023,0.8719298245614034,0.8,1
xgboost,lime,0.1,1,1027,0.6789473684210526,0.8,1
xgboost,lime,0.1,1,1028,0.5789473684210525,1.0,1
xgboost,lime,0.1,1,1031,0.6526315789473683,1.0,0
xgboost,lime,0.1,1,1039,0.8473684210526315,0.8,1
xgboost,lime,0.1,1,1043,0.843859649122807,1.0,1
xgboost,lime,0.1,1,1052,0.719298245614035,0.8,1
xgboost,lime,0.1,1,1063,0.6403508771929824,0.6,1
xgboost,lime,0.1,1,1065,0.8508771929824561,0.8,1
xgboost,lime,0.1,1,1070,0.8894736842105263,0.8,1
xgboost,lime,0.1,1,1073,0.9035087719298246,1.0,1
xgboost,lime,0.1,1,1077,0.8403508771929825,0.8,1
xgboost,lime,0.1,1,1087,0.8228070175438595,0.8,1
xgboost,lime,0.1,1,1092,0.83859649122807,1.0,1
xgboost,lime,0.1,1,1100,0.8017543859649122,0.8,1
xgboost,lime,0.1,1,1112,0.7596491228070175,1.0,1
xgboost,lime,0.1,1,1116,0.9350877192982456,0.8,1
xgboost,lime,0.1,1,1119,0.8719298245614034,1.0,1
xgboost,lime,0.1,1,1137,0.8421052631578947,0.8,1
xgboost,lime,0.1,1,1138,0.8842105263157896,0.8,1
xgboost,lime,0.1,1,1151,0.7315789473684211,1.0,1
xgboost,lime,0.1,1,1152,0.8859649122807017,1.0,1
xgboost,lime,0.1,1,1160,0.7824561403508771,1.0,1
xgboost,lime,0.1,1,1167,0.8614035087719297,0.8,1
xgboost,lime,0.1,1,1187,0.7666666666666666,0.8,1
xgboost,lime,0.1,1,1209,0.712280701754386,0.6,1
xgboost,lime,0.1,1,1214,0.5280701754385965,0.8,1
xgboost,lime,0.1,1,1227,0.8245614035087718,0.6,1
xgboost,lime,0.1,1,1237,0.8964912280701753,1.0,1
xgboost,lime,0.1,1,1246,0.863157894736842,1.0,1
xgboost,lime,0.1,1,1256,0.8210526315789475,1.0,1
xgboost,lime,0.1,1,1259,0.6070175438596491,0.6,1
xgboost,lime,0.1,1,1299,0.8157894736842105,0.8,1
xgboost,lime,0.1,1,1300,0.7701754385964912,1.0,1
xgboost,lime,0.1,1,1309,0.6982456140350877,0.6,1
xgboost,lime,0.1,1,1314,0.7771929824561404,0.8,1
xgboost,lime,0.1,1,1316,0.8789473684210527,0.8,1
xgboost,lime,0.1,1,1322,0.887719298245614,1.0,1
xgboost,lime,0.1,1,1339,0.8684210526315789,0.8,1
xgboost,lime,0.1,1,1340,0.8491228070175438,0.8,1
xgboost,lime,0.1,1,1343,0.6596491228070176,0.8,1
xgboost,lime,0.1,1,1344,0.8964912280701753,0.8,1
xgboost,lime,0.1,1,1348,0.887719298245614,0.8,0
xgboost,lime,0.1,1,1351,0.856140350877193,1.0,1
xgboost,lime,0.1,1,1354,0.8140350877192982,1.0,1
xgboost,lime,0.1,1,1360,0.8736842105263157,0.6,1
xgboost,lime,0.1,1,1368,0.5789473684210525,0.6,1
xgboost,lime,0.1,1,1379,0.7263157894736841,1.0,1
xgboost,lime,0.1,1,1383,0.8526315789473684,0.8,1
xgboost,lime,0.1,1,1389,0.8947368421052632,0.8,1
xgboost,lime,0.1,1,1392,0.9105263157894736,0.8,1
xgboost,lime,0.1,1,1395,0.9070175438596491,1.0,1
xgboost,lime,0.1,2,9,0.9210526315789472,0.8,1
xgboost,lime,0.1,2,31,0.763157894736842,1.0,1
xgboost,lime,0.1,2,41,0.5631578947368421,0.8,1
xgboost,lime,0.1,2,46,0.8771929824561402,1.0,1
xgboost,lime,0.1,2,49,0.6947368421052632,0.8,1
xgboost,lime,0.1,2,55,0.5228070175438596,0.8,1
xgboost,lime,0.1,2,79,0.9228070175438597,1.0,1
xgboost,lime,0.1,2,84,0.8964912280701753,1.0,1
xgboost,lime,0.1,2,97,0.8456140350877193,0.8,1
xgboost,lime,0.1,2,104,0.8456140350877193,0.8,1
xgboost,lime,0.1,2,105,0.8859649122807017,0.8,1
xgboost,lime,0.1,2,107,0.8350877192982457,0.8,1
xgboost,lime,0.1,2,114,0.8105263157894737,1.0,1
xgboost,lime,0.1,2,121,0.8684210526315789,1.0,1
xgboost,lime,0.1,2,122,0.8105263157894737,1.0,1
xgboost,lime,0.1,2,123,0.7298245614035088,0.6,1
xgboost,lime,0.1,2,125,0.7754385964912281,0.8,1
xgboost,lime,0.1,2,146,0.8,0.8,1
xgboost,lime,0.1,2,151,0.8298245614035088,1.0,1
xgboost,lime,0.1,2,156,0.7315789473684211,1.0,1
xgboost,lime,0.1,2,165,0.7964912280701755,0.8,1
xgboost,lime,0.1,2,166,0.6894736842105263,1.0,1
xgboost,lime,0.1,2,171,0.8578947368421052,0.8,1
xgboost,lime,0.1,2,182,0.8929824561403509,0.8,0
xgboost,lime,0.1,2,184,0.8228070175438595,0.6,1
xgboost,lime,0.1,2,194,0.8245614035087718,0.8,1
xgboost,lime,0.1,2,205,0.7052631578947368,0.8,1
xgboost,lime,0.1,2,206,0.8052631578947368,0.6,1
xgboost,lime,0.1,2,211,0.8543859649122807,1.0,1
xgboost,lime,0.1,2,223,0.8912280701754386,0.8,1
xgboost,lime,0.1,2,224,0.7649122807017543,0.8,1
xgboost,lime,0.1,2,229,0.8842105263157896,1.0,1
xgboost,lime,0.1,2,231,0.8456140350877193,0.6,1
xgboost,lime,0.1,2,241,0.8789473684210527,0.8,1
xgboost,lime,0.1,2,244,0.8491228070175438,1.0,1
xgboost,lime,0.1,2,261,0.9,1.0,1
xgboost,lime,0.1,2,281,0.8842105263157896,1.0,1
xgboost,lime,0.1,2,289,0.8087719298245614,0.8,1
xgboost,lime,0.1,2,291,0.48947368421052634,0.8,0
xgboost,lime,0.1,2,311,0.863157894736842,1.0,1
xgboost,lime,0.1,2,316,0.9368421052631579,0.8,1
xgboost,lime,0.1,2,325,0.819298245614035,0.6,1
xgboost,lime,0.1,2,332,0.5385964912280702,0.6,0
xgboost,lime,0.1,2,344,0.887719298245614,1.0,1
xgboost,lime,0.1,2,364,0.8684210526315789,0.8,1
xgboost,lime,0.1,2,372,0.8771929824561402,1.0,1
xgboost,lime,0.1,2,375,0.8491228070175438,0.8,1
xgboost,lime,0.1,2,381,0.7666666666666666,1.0,0
xgboost,lime,0.1,2,398,0.8596491228070176,0.8,1
xgboost,lime,0.1,2,403,0.8491228070175438,1.0,1
xgboost,lime,0.1,2,407,0.863157894736842,1.0,1
xgboost,lime,0.1,2,414,0.8,0.8,1
xgboost,lime,0.1,2,420,0.8456140350877193,0.8,1
xgboost,lime,0.1,2,423,0.8649122807017543,1.0,1
xgboost,lime,0.1,2,440,0.9192982456140351,0.8,1
xgboost,lime,0.1,2,442,0.7771929824561404,0.8,1
xgboost,lime,0.1,2,454,0.5947368421052631,0.8,1
xgboost,lime,0.1,2,457,0.7333333333333334,1.0,1
xgboost,lime,0.1,2,459,0.8666666666666666,1.0,1
xgboost,lime,0.1,2,464,0.9596491228070174,0.8,1
xgboost,lime,0.1,2,467,0.9245614035087718,0.8,1
xgboost,lime,0.1,2,471,0.8929824561403509,1.0,1
xgboost,lime,0.1,2,475,0.8701754385964912,1.0,1
xgboost,lime,0.1,2,480,0.8491228070175438,1.0,1
xgboost,lime,0.1,2,495,0.6315789473684211,0.8,1
xgboost,lime,0.1,2,503,0.8105263157894737,0.8,1
xgboost,lime,0.1,2,506,0.6280701754385966,0.6,1
xgboost,lime,0.1,2,521,0.8982456140350877,1.0,1
xgboost,lime,0.1,2,523,0.6631578947368422,0.8,0
xgboost,lime,0.1,2,530,0.8596491228070176,0.8,1
xgboost,lime,0.1,2,547,0.9052631578947368,0.8,1
xgboost,lime,0.1,2,551,0.7929824561403509,1.0,1
xgboost,lime,0.1,2,556,0.7912280701754386,0.8,1
xgboost,lime,0.1,2,558,0.7526315789473684,0.8,1
xgboost,lime,0.1,2,559,0.8736842105263157,0.8,1
xgboost,lime,0.1,2,562,0.7842105263157895,1.0,1
xgboost,lime,0.1,2,564,0.7771929824561404,1.0,1
xgboost,lime,0.1,2,572,0.8280701754385964,0.6,1
xgboost,lime,0.1,2,582,0.6561403508771929,0.8,1
xgboost,lime,0.1,2,587,0.8228070175438595,0.6,1
xgboost,lime,0.1,2,590,0.9631578947368421,1.0,1
xgboost,lime,0.1,2,591,0.9421052631578948,1.0,1
xgboost,lime,0.1,2,598,0.7719298245614035,0.8,1
xgboost,lime,0.1,2,605,0.8245614035087718,1.0,1
xgboost,lime,0.1,2,609,0.780701754385965,0.8,1
xgboost,lime,0.1,2,613,0.7157894736842104,1.0,1
xgboost,lime,0.1,2,619,0.8666666666666666,0.8,1
xgboost,lime,0.1,2,620,0.6614035087719298,1.0,1
xgboost,lime,0.1,2,626,0.7508771929824561,0.8,1
xgboost,lime,0.1,2,627,0.787719298245614,0.8,1
xgboost,lime,0.1,2,637,0.6263157894736843,0.8,1
xgboost,lime,0.1,2,640,0.819298245614035,0.8,1
xgboost,lime,0.1,2,667,0.7491228070175439,0.8,1
xgboost,lime,0.1,2,673,0.7912280701754386,0.6,1
xgboost,lime,0.1,2,687,0.6385964912280702,0.8,1
xgboost,lime,0.1,2,688,0.7473684210526316,1.0,1
xgboost,lime,0.1,2,689,0.7245614035087719,0.8,1
xgboost,lime,0.1,2,690,0.8964912280701753,0.8,1
xgboost,lime,0.1,2,693,0.887719298245614,1.0,1
xgboost,lime,0.1,2,724,0.7982456140350876,0.6,1
xgboost,lime,0.1,2,732,0.9052631578947368,0.8,1
xgboost,lime,0.1,2,740,0.8,0.6,1
xgboost,lime,0.1,2,748,0.7263157894736841,0.8,1
xgboost,lime,0.1,2,751,0.8052631578947368,0.8,0
xgboost,lime,0.1,2,752,0.6140350877192983,0.8,1
xgboost,lime,0.1,2,755,0.8368421052631579,0.6,1
xgboost,lime,0.1,2,759,0.8350877192982457,0.8,1
xgboost,lime,0.1,2,766,0.8350877192982457,1.0,1
xgboost,lime,0.1,2,786,0.7350877192982455,0.8,1
xgboost,lime,0.1,2,790,0.8,0.6,1
xgboost,lime,0.1,2,792,0.8245614035087718,1.0,1
xgboost,lime,0.1,2,809,0.8210526315789475,0.8,1
xgboost,lime,0.1,2,812,0.8368421052631579,1.0,1
xgboost,lime,0.1,2,830,0.9245614035087718,1.0,1
xgboost,lime,0.1,2,845,0.8052631578947368,0.8,1
xgboost,lime,0.1,2,847,0.7912280701754386,1.0,1
xgboost,lime,0.1,2,848,0.8578947368421052,0.8,0
xgboost,lime,0.1,2,850,0.8035087719298245,0.8,1
xgboost,lime,0.1,2,860,0.8070175438596491,0.8,1
xgboost,lime,0.1,2,864,0.8157894736842105,0.8,1
xgboost,lime,0.1,2,869,0.9210526315789472,1.0,1
xgboost,lime,0.1,2,872,0.8701754385964912,1.0,1
xgboost,lime,0.1,2,874,0.7526315789473684,0.8,1
xgboost,lime,0.1,2,875,0.7982456140350876,0.8,1
xgboost,lime,0.1,2,878,0.9298245614035087,1.0,1
xgboost,lime,0.1,2,880,0.9087719298245613,0.8,0
xgboost,lime,0.1,2,886,0.6614035087719298,0.8,1
xgboost,lime,0.1,2,889,0.9070175438596491,0.8,1
xgboost,lime,0.1,2,896,0.5508771929824561,0.8,0
xgboost,lime,0.1,2,900,0.9087719298245613,1.0,1
xgboost,lime,0.1,2,904,0.6666666666666666,0.6,0
xgboost,lime,0.1,2,908,0.9017543859649122,1.0,1
xgboost,lime,0.1,2,927,0.863157894736842,0.8,1
xgboost,lime,0.1,2,934,0.8947368421052632,0.8,1
xgboost,lime,0.1,2,939,0.8403508771929825,0.8,1
xgboost,lime,0.1,2,943,0.8491228070175438,1.0,1
xgboost,lime,0.1,2,945,0.8789473684210527,1.0,1
xgboost,lime,0.1,2,954,0.8403508771929825,1.0,1
xgboost,lime,0.1,2,959,0.756140350877193,1.0,1
xgboost,lime,0.1,2,961,0.9385964912280702,1.0,1
xgboost,lime,0.1,2,967,0.6473684210526316,0.8,1
xgboost,lime,0.1,2,976,0.8771929824561402,1.0,1
xgboost,lime,0.1,2,990,0.8333333333333334,1.0,1
xgboost,lime,0.1,2,993,0.8912280701754386,1.0,1
xgboost,lime,0.1,2,996,0.7210526315789473,0.8,1
xgboost,lime,0.1,2,1014,0.7157894736842104,0.8,1
xgboost,lime,0.1,2,1015,0.7964912280701755,1.0,1
xgboost,lime,0.1,2,1019,0.819298245614035,1.0,1
xgboost,lime,0.1,2,1023,0.7771929824561404,0.6,0
xgboost,lime,0.1,2,1027,0.6543859649122807,1.0,1
xgboost,lime,0.1,2,1028,0.7140350877192982,0.8,1
xgboost,lime,0.1,2,1031,0.736842105263158,1.0,0
xgboost,lime,0.1,2,1039,0.9122807017543859,0.8,1
xgboost,lime,0.1,2,1043,0.780701754385965,0.8,1
xgboost,lime,0.1,2,1052,0.6982456140350877,0.8,1
xgboost,lime,0.1,2,1063,0.6561403508771929,0.8,1
xgboost,lime,0.1,2,1065,0.7403508771929824,0.8,1
xgboost,lime,0.1,2,1070,0.8070175438596491,0.8,1
xgboost,lime,0.1,2,1073,0.7754385964912281,0.8,1
xgboost,lime,0.1,2,1077,0.8596491228070176,0.8,1
xgboost,lime,0.1,2,1087,0.7578947368421053,0.8,1
xgboost,lime,0.1,2,1092,0.8894736842105263,1.0,1
xgboost,lime,0.1,2,1100,0.7771929824561404,1.0,1
xgboost,lime,0.1,2,1112,0.7473684210526316,1.0,1
xgboost,lime,0.1,2,1116,0.7315789473684211,0.8,0
xgboost,lime,0.1,2,1119,0.8894736842105263,0.8,1
xgboost,lime,0.1,2,1137,0.736842105263158,0.8,1
xgboost,lime,0.1,2,1138,0.7578947368421053,1.0,1
xgboost,lime,0.1,2,1151,0.8087719298245614,0.8,1
xgboost,lime,0.1,2,1152,0.6824561403508772,1.0,1
xgboost,lime,0.1,2,1160,0.8070175438596491,1.0,1
xgboost,lime,0.1,2,1167,0.7684210526315789,0.8,1
xgboost,lime,0.1,2,1187,0.7578947368421053,0.8,1
xgboost,lime,0.1,2,1209,0.8789473684210527,0.8,1
xgboost,lime,0.1,2,1214,0.4508771929824561,0.8,1
xgboost,lime,0.1,2,1227,0.7982456140350876,0.8,1
xgboost,lime,0.1,2,1237,0.5807017543859649,0.8,1
xgboost,lime,0.1,2,1246,0.712280701754386,1.0,1
xgboost,lime,0.1,2,1256,0.8315789473684211,1.0,1
xgboost,lime,0.1,2,1259,0.6508771929824562,0.8,1
xgboost,lime,0.1,2,1299,0.7175438596491229,0.6,1
xgboost,lime,0.1,2,1300,0.819298245614035,0.8,1
xgboost,lime,0.1,2,1309,0.7754385964912281,0.8,0
xgboost,lime,0.1,2,1314,0.8807017543859648,1.0,1
xgboost,lime,0.1,2,1316,0.8175438596491227,0.8,1
xgboost,lime,0.1,2,1322,0.8684210526315789,1.0,1
xgboost,lime,0.1,2,1339,0.8,1.0,1
xgboost,lime,0.1,2,1340,0.8333333333333334,0.8,1
xgboost,lime,0.1,2,1343,0.7947368421052632,0.8,1
xgboost,lime,0.1,2,1344,0.6350877192982456,0.8,1
xgboost,lime,0.1,2,1348,0.8280701754385964,0.8,0
xgboost,lime,0.1,2,1351,0.8578947368421052,1.0,1
xgboost,lime,0.1,2,1354,0.7912280701754386,1.0,1
xgboost,lime,0.1,2,1360,0.7421052631578948,0.8,1
xgboost,lime,0.1,2,1368,0.8,0.8,1
xgboost,lime,0.1,2,1379,0.8140350877192982,0.8,1
xgboost,lime,0.1,2,1383,0.7894736842105263,0.8,1
xgboost,lime,0.1,2,1389,0.6526315789473683,0.8,1
xgboost,lime,0.1,2,1392,0.8964912280701753,0.8,1
xgboost,lime,0.1,2,1395,0.9456140350877192,1.0,1
